order_id,customer_id,product_id,quantity,unit_price,order_date,item_total,order_total
O00001,C229,P32,1,24.99,2024-12-01 19:18:44,24.99,240.97
O00001,C229,P13,1,114.99,2024-12-01 19:18:44,114.99,240.97
O00001,C229,P08,1,100.99,2024-12-01 19:18:44,100.99,240.97
O00002,C366,P21,1,196.99,2025-10-27 02:51:43,196.99,1057.94
O00002,C366,P43,1,138.99,2025-10-27 02:51:43,138.99,1057.94
O00002,C366,P23,2,205.99,2025-10-27 02:51:43,411.98,1057.94
O00002,C366,P46,2,154.99,2025-10-27 02:51:43,309.98,1057.94
O00003,C365,P33,1,74.99,2026-01-14 22:40:11,74.99,93.98
O00003,C365,P15,1,18.99,2026-01-14 22:40:11,18.99,93.98
O00004,C072,P24,1,299.99,2024-12-09 15:01:23,299.99,536.98
O00004,C072,P30,1,236.99,2024-12-09 15:01:23,236.99,536.98
O00005,C314,P47,1,41.99,2026-05-04 02:19:25,41.99,832.94
O00005,C314,P31,1,16.99,2026-05-04 02:19:25,16.99,832.94
O00005,C314,P34,1,53.99,2026-05-04 02:19:25,53.99,832.94
O00005,C314,P27,3,239.99,2026-05-03 20:49:25,719.97,832.94
O00006,C329,P50,1,191.99,2026-01-26 14:43:33,191.99,191.99
O00007,C301,P04,1,281.99,2025-07-17 04:27:32,281.99,436.97
O00007,C301,P08,1,100.99,2025-07-17 04:27:32,100.99,436.97
O00007,C301,P34,1,53.99,2025-07-17 04:27:32,53.99,436.97
O00008,C364,P17,2,22.99,2025-11-30 16:57:18,45.98,360.96
O00008,C364,P13,1,114.99,2025-11-30 16:57:18,114.99,360.96
O00008,C364,P41,1,199.99,2025-11-30 16:57:18,199.99,360.96
O00009,C315,P38,1,38.99,2025-08-26 16:41:10,38.99,131.98
O00009,C315,P10,1,92.99,2025-08-26 16:41:10,92.99,131.98
O00010,C462,P06,1,402.99,2025-12-15 18:02:52,402.99,667.97
O00010,C462,P03,1,205.99,2025-12-15 18:02:52,205.99,667.97
O00010,C462,P42,1,58.99,2025-12-15 18:02:52,58.99,667.97
O00011,C293,P35,2,57.99,2025-04-20 20:01:31,115.98,288.96
O00011,C293,P19,1,113.99,2025-04-20 20:01:31,113.99,288.96
O00011,C293,P42,1,58.99,2025-04-20 20:01:31,58.99,288.96
O00012,C351,P29,1,199.99,2025-08-30 14:04:44,199.99,199.99
O00013,C238,P21,3,196.99,2024-11-27 19:09:20,590.97,838.95
O00013,C238,P47,1,41.99,2024-11-27 19:09:20,41.99,838.95
O00013,C238,P23,1,205.99,2024-11-27 19:09:20,205.99,838.95
O00014,C288,P16,1,30.99,2024-10-10 07:29:07,30.99,30.99
O00015,C026,P11,1,91.99,2024-12-29 12:55:39,91.99,91.99
O00016,C479,P33,1,74.99,2025-11-28 10:12:48,74.99,74.99
O00017,C451,P16,1,30.99,2026-01-27 00:05:25,30.99,101.98
O00017,C451,P14,1,70.99,2026-01-27 00:05:25,70.99,101.98
O00018,C145,P01,1,345.99,2025-06-30 20:43:30,345.99,345.99
O00019,C221,P24,1,299.99,2024-11-02 08:46:23,299.99,505.98
O00019,C221,P03,1,205.99,2024-11-02 08:46:23,205.99,505.98
O00020,C100,P49,1,77.99,2025-03-01 09:04:24,77.99,221.96
O00020,C100,P36,3,47.99,2025-03-01 09:04:24,143.97,221.96
O00021,C349,P22,1,194.99,2025-11-28 04:06:25,194.99,194.99
O00022,C188,P03,1,205.99,2025-12-16 06:38:32,205.99,205.99
O00023,C071,P33,1,74.99,2025-12-01 15:33:29,74.99,74.99
O00024,C477,P20,1,96.99,2026-02-06 05:25:39,96.99,135.98
O00024,C477,P38,1,38.99,2026-02-06 05:25:39,38.99,135.98
O00025,C273,P24,1,299.99,2025-06-26 18:19:30,299.99,638.97
O00025,C273,P22,1,194.99,2025-06-26 18:19:30,194.99,638.97
O00025,C273,P44,1,143.99,2025-06-26 18:19:30,143.99,638.97
O00026,C461,P17,1,22.99,2025-12-11 22:40:01,22.99,81.98
O00026,C461,P42,1,58.99,2025-12-11 17:10:01,58.99,81.98
O00027,C296,P41,1,199.99,2024-12-06 01:37:30,199.99,199.99
O00028,C397,P37,2,42.99,2026-06-19 04:52:43,85.98,85.98
O00029,C057,P45,1,110.99,2024-11-23 14:20:26,110.99,110.99
O00030,C257,P04,1,281.99,2025-12-23 15:55:54,281.99,436.98
O00030,C257,P46,1,154.99,2025-12-23 15:55:54,154.99,436.98
O00031,C167,P12,1,100.99,2026-07-04 15:33:24,100.99,100.99
O00032,C273,P44,1,143.99,2025-02-10 11:43:49,143.99,424.96
O00032,C273,P42,1,58.99,2025-02-10 11:43:49,58.99,424.96
O00032,C273,P45,2,110.99,2025-02-10 11:43:49,221.98,424.96
O00033,C143,P14,1,70.99,2025-08-27 07:19:49,70.99,70.99
O00034,C251,P47,1,41.99,2025-01-19 11:35:59,41.99,200.97
O00034,C251,P18,1,44.99,2025-01-19 11:35:59,44.99,200.97
O00034,C251,P19,1,113.99,2025-01-19 11:35:59,113.99,200.97
O00035,C203,P46,1,154.99,2026-01-21 04:18:02,154.99,154.99
O00036,C474,P35,1,57.99,2025-02-09 08:47:30,57.99,57.99
O00037,C288,P16,1,30.99,2025-11-24 04:06:39,30.99,312.98
O00037,C288,P04,1,281.99,2025-11-24 04:06:39,281.99,312.98
O00038,C327,P07,1,366.99,2024-12-31 03:26:21,366.99,510.98
O00038,C327,P44,1,143.99,2024-12-31 03:26:21,143.99,510.98
O00039,C282,P31,1,16.99,2026-06-15 05:26:41,16.99,190.97
O00039,C282,P42,1,58.99,2026-06-15 05:26:41,58.99,190.97
O00039,C282,P13,1,114.99,2026-06-15 05:26:41,114.99,190.97
O00040,C031,P48,1,78.99,2026-04-12 02:41:36,78.99,78.99
O00041,C480,P03,1,205.99,2025-12-20 05:26:56,205.99,343.96
O00041,C480,P26,1,87.99,2025-12-20 05:26:56,87.99,343.96
O00041,C480,P32,2,24.99,2025-12-20 05:26:56,49.98,343.96
O00042,C149,P22,1,194.99,2026-03-15 00:19:36,194.99,308.98
O00042,C149,P19,1,113.99,2026-03-15 00:19:36,113.99,308.98
O00043,C269,P13,1,114.99,2025-06-29 04:54:32,114.99,114.99
O00044,C170,P01,1,345.99,2024-11-12 14:41:16,345.99,424.98
O00044,C170,P48,1,78.99,2024-11-12 14:41:16,78.99,424.98
O00045,C346,P26,1,87.99,2026-05-29 05:39:54,87.99,286.98
O00045,C346,P28,1,198.99,2026-05-29 00:09:54,198.99,286.98
O00046,C343,P01,1,345.99,2025-05-10 04:30:20,345.99,420.96
O00046,C343,P17,1,22.99,2025-05-10 04:30:20,22.99,420.96
O00046,C343,P25,2,25.99,2025-05-10 04:30:20,51.98,420.96
O00047,C155,P45,1,110.99,2025-09-19 18:00:16,110.99,141.98
O00047,C155,P16,1,30.99,2025-09-19 18:00:16,30.99,141.98
O00048,C158,P46,1,154.99,2024-11-11 21:32:59,154.99,540.96
O00048,C158,P50,1,191.99,2024-11-11 21:32:59,191.99,540.96
O00048,C158,P20,2,96.99,2024-11-11 21:32:59,193.98,540.96
O00049,C189,P48,3,78.99,2025-10-18 07:08:30,236.97,236.97
O00050,C192,P43,1,138.99,2025-04-19 17:58:30,138.99,209.98
O00050,C192,P14,1,70.99,2025-04-19 17:58:30,70.99,209.98
O00051,C306,P24,2,299.99,2026-04-19 02:33:28,599.98,1029.97
O00051,C306,P05,1,429.99,2026-04-19 02:33:28,429.99,1029.97
O00052,C425,P11,2,91.99,2025-11-22 16:12:36,183.98,380.97
O00052,C425,P21,1,196.99,2025-11-22 16:12:36,196.99,380.97
O00053,C349,P29,1,199.99,2025-03-30 18:31:05,199.99,718.97
O00053,C349,P04,1,281.99,2025-03-30 18:31:05,281.99,718.97
O00053,C349,P30,1,236.99,2025-03-30 18:31:05,236.99,718.97
O00054,C287,P01,1,345.99,2025-06-01 09:46:01,345.99,345.99
O00055,C297,P04,2,281.99,2024-09-09 13:22:44,563.98,563.98
O00056,C036,P50,1,191.99,2026-06-23 15:02:18,191.99,191.99
O00057,C329,P25,2,25.99,2026-07-02 20:26:23,51.98,1142.93
O00057,C329,P29,2,199.99,2026-07-02 20:26:23,399.98,1142.93
O00057,C329,P06,1,402.99,2026-07-02 20:26:23,402.99,1142.93
O00057,C329,P44,2,143.99,2026-07-02 20:26:23,287.98,1142.93
O00058,C061,P15,1,18.99,2024-11-18 17:25:33,18.99,18.99
O00059,C388,P28,1,198.99,2026-02-22 09:29:43,198.99,256.98
O00059,C388,P35,1,57.99,2026-02-22 09:29:43,57.99,256.98
O00060,C236,P49,1,77.99,2025-02-15 08:12:59,77.99,384.97
O00060,C236,P08,1,100.99,2025-02-15 08:12:59,100.99,384.97
O00060,C236,P03,1,205.99,2025-02-15 02:42:59,205.99,384.97
O00061,C453,P03,1,205.99,2026-05-14 07:13:04,205.99,205.99
O00062,C345,P29,1,199.99,2026-02-19 01:15:47,199.99,199.99
O00063,C112,P15,1,18.99,2025-12-16 01:08:32,18.99,300.96
O00063,C112,P47,1,41.99,2025-12-16 01:08:32,41.99,300.96
O00063,C112,P37,1,42.99,2025-12-16 01:08:32,42.99,300.96
O00063,C112,P21,1,196.99,2025-12-16 01:08:32,196.99,300.96
O00064,C449,P18,1,44.99,2024-12-05 21:33:14,44.99,44.99
O00065,C486,P28,1,198.99,2026-02-10 23:58:11,198.99,342.96
O00065,C486,P36,3,47.99,2026-02-10 23:58:11,143.97,342.96
O00066,C483,P27,1,239.99,2026-05-10 12:50:33,239.99,239.99
O00067,C154,P20,1,96.99,2025-03-14 17:30:15,96.99,499.96
O00067,C154,P46,2,154.99,2025-03-14 17:30:15,309.98,499.96
O00067,C154,P10,1,92.99,2025-03-14 17:30:15,92.99,499.96
O00068,C496,P14,1,70.99,2025-12-15 16:08:24,70.99,70.99
O00069,C041,P13,1,114.99,2026-04-26 11:05:34,114.99,396.98
O00069,C041,P04,1,281.99,2026-04-26 11:05:34,281.99,396.98
O00070,C309,P47,1,41.99,2025-11-22 02:12:51,41.99,180.98
O00070,C309,P43,1,138.99,2025-11-22 02:12:51,138.99,180.98
O00071,C446,P13,2,114.99,2026-06-14 09:58:00,229.98,229.98
O00072,C061,P46,1,154.99,2025-12-13 15:58:15,154.99,225.98
O00072,C061,P14,1,70.99,2025-12-13 15:58:15,70.99,225.98
O00073,C165,P20,1,96.99,2025-12-24 12:29:34,96.99,142.97
O00073,C165,P17,2,22.99,2025-12-24 12:29:34,45.98,142.97
O00074,C239,P14,1,70.99,2024-10-03 23:30:48,70.99,567.97
O00074,C239,P24,1,299.99,2024-10-03 23:30:48,299.99,567.97
O00074,C239,P21,1,196.99,2024-10-03 23:30:48,196.99,567.97
O00075,C075,P27,1,239.99,2024-07-20 12:29:37,239.99,353.98
O00075,C075,P19,1,113.99,2024-07-20 17:59:37,113.99,353.98
O00076,C195,P44,1,143.99,2025-09-07 07:31:35,143.99,338.98
O00076,C195,P22,1,194.99,2025-09-07 07:31:35,194.99,338.98
O00077,C495,P23,1,205.99,2026-04-25 23:31:29,205.99,205.99
O00078,C369,P42,1,58.99,2025-12-13 05:58:56,58.99,340.98
O00078,C369,P04,1,281.99,2025-12-13 05:58:56,281.99,340.98
O00079,C039,P09,1,34.99,2026-05-17 21:03:48,34.99,34.99
O00080,C119,P24,1,299.99,2024-09-05 04:00:13,299.99,581.98
O00080,C119,P04,1,281.99,2024-09-05 04:00:13,281.99,581.98
O00081,C316,P36,1,47.99,2026-04-18 21:31:01,47.99,47.99
O00082,C009,P45,1,110.99,2025-08-02 08:34:18,110.99,110.99
O00083,C413,P10,1,92.99,2026-06-07 05:06:58,92.99,92.99
O00084,C318,P24,2,299.99,2025-10-11 11:17:50,599.98,599.98
O00085,C236,P06,3,402.99,2025-09-03 22:14:19,1208.97,1267.96
O00085,C236,P42,1,58.99,2025-09-03 22:14:19,58.99,1267.96
O00086,C017,P41,1,199.99,2024-09-28 12:24:35,199.99,199.99
O00087,C088,P07,2,366.99,2024-09-18 13:41:50,733.98,733.98
O00088,C471,P37,1,42.99,2025-11-28 06:57:55,42.99,76.97
O00088,C471,P31,2,16.99,2025-11-28 06:57:55,33.98,76.97
O00089,C351,P21,1,196.99,2026-05-16 17:36:42,196.99,196.99
O00090,C107,P20,1,96.99,2025-09-23 22:52:25,96.99,231.97
O00090,C107,P11,1,91.99,2025-09-23 22:52:25,91.99,231.97
O00090,C107,P37,1,42.99,2025-09-23 22:52:25,42.99,231.97
O00091,C460,P45,1,110.99,2025-08-23 12:48:47,110.99,110.99
O00092,C257,P05,1,429.99,2025-12-13 11:03:06,429.99,429.99
O00093,C394,P41,1,199.99,2026-01-05 19:25:49,199.99,199.99
O00094,C231,P44,1,143.99,2025-06-27 11:35:24,143.99,143.99
O00095,C195,P05,1,429.99,2024-09-21 19:18:51,429.99,429.99
O00096,C079,P24,1,299.99,2025-03-17 20:09:47,299.99,299.99
O00097,C003,P09,1,34.99,2026-05-15 14:23:00,34.99,34.99
O00098,C221,P06,1,402.99,2025-05-19 17:32:26,402.99,402.99
O00099,C048,P27,1,239.99,2025-10-02 10:55:24,239.99,239.99
O00100,C044,P11,1,91.99,2025-12-06 17:57:15,91.99,235.98
O00100,C044,P44,1,143.99,2025-12-06 17:57:15,143.99,235.98
O00101,C155,P27,1,239.99,2024-12-21 04:04:10,239.99,239.99
O00102,C401,P39,1,21.99,2026-02-25 08:15:46,21.99,32.98
O00102,C401,P40,1,10.99,2026-02-25 08:15:46,10.99,32.98
O00103,C156,P22,1,194.99,2024-07-11 12:21:53,194.99,394.98
O00103,C156,P29,1,199.99,2024-07-11 12:21:53,199.99,394.98
O00104,C441,P45,1,110.99,2026-01-14 19:08:19,110.99,110.99
O00105,C161,P41,2,199.99,2024-11-17 12:20:18,399.98,424.97
O00105,C161,P32,1,24.99,2024-11-17 12:20:18,24.99,424.97
O00106,C167,P13,1,114.99,2025-03-14 12:23:07,114.99,211.97
O00106,C167,P38,1,38.99,2025-03-14 12:23:07,38.99,211.97
O00106,C167,P35,1,57.99,2025-03-14 12:23:07,57.99,211.97
O00107,C373,P45,1,110.99,2025-11-01 22:13:28,110.99,540.98
O00107,C373,P05,1,429.99,2025-11-01 22:13:28,429.99,540.98
O00108,C210,P43,1,138.99,2025-11-16 04:40:19,138.99,138.99
O00109,C217,P26,1,87.99,2025-12-28 02:28:38,87.99,87.99
O00110,C473,P24,1,299.99,2026-05-22 22:26:34,299.99,299.99
O00111,C416,P16,1,30.99,2025-12-10 20:58:05,30.99,30.99
O00112,C182,P44,1,143.99,2024-11-14 19:02:36,143.99,368.96
O00112,C182,P42,1,58.99,2024-11-14 19:02:36,58.99,368.96
O00112,C182,P26,1,87.99,2024-11-14 19:02:36,87.99,368.96
O00112,C182,P49,1,77.99,2024-11-14 19:02:36,77.99,368.96
O00113,C114,P15,1,18.99,2025-07-15 16:35:37,18.99,218.98
O00113,C114,P29,1,199.99,2025-07-15 16:35:37,199.99,218.98
O00114,C348,P31,2,16.99,2026-05-27 16:09:22,33.98,754.95
O00114,C348,P07,1,366.99,2026-05-27 16:09:22,366.99,754.95
O00114,C348,P19,1,113.99,2026-05-27 16:09:22,113.99,754.95
O00114,C348,P27,1,239.99,2026-05-27 16:09:22,239.99,754.95
O00115,C179,P23,1,205.99,2025-01-14 14:50:13,205.99,222.98
O00115,C179,P31,1,16.99,2025-01-14 14:50:13,16.99,222.98
O00116,C232,P02,1,226.99,2025-01-20 09:02:51,226.99,421.98
O00116,C232,P22,1,194.99,2025-01-20 09:02:51,194.99,421.98
O00117,C085,P11,1,91.99,2026-05-03 23:15:33,91.99,91.99
O00118,C219,P12,1,100.99,2026-05-29 07:51:25,100.99,300.98
O00118,C219,P41,1,199.99,2026-05-29 07:51:25,199.99,300.98
O00119,C378,P01,1,345.99,2025-12-23 06:28:37,345.99,345.99
O00120,C106,P07,1,366.99,2024-12-24 22:51:50,366.99,366.99
O00121,C275,P43,2,138.99,2024-11-21 10:12:29,277.98,277.98
O00122,C271,P38,1,38.99,2026-06-05 10:38:24,38.99,139.98
O00122,C271,P08,1,100.99,2026-06-05 10:38:24,100.99,139.98
O00123,C317,P40,1,10.99,2025-09-02 21:45:51,10.99,10.99
O00124,C345,P24,1,299.99,2025-09-01 03:15:19,299.99,299.99
O00125,C262,P12,1,100.99,2025-03-25 13:38:36,100.99,100.99
O00126,C276,P32,1,24.99,2025-11-23 20:59:11,24.99,138.98
O00126,C276,P19,1,113.99,2025-11-23 20:59:11,113.99,138.98
O00127,C231,P25,2,25.99,2025-10-23 11:00:31,51.98,51.98
O00128,C259,P29,1,199.99,2025-11-09 13:43:31,199.99,199.99
O00129,C043,P35,1,57.99,2025-09-03 07:18:02,57.99,57.99
O00130,C400,P33,1,74.99,2025-12-13 23:49:49,74.99,74.99
O00131,C059,P49,1,77.99,2024-12-21 17:52:23,77.99,283.98
O00131,C059,P03,1,205.99,2024-12-21 17:52:23,205.99,283.98
O00132,C112,P16,2,30.99,2026-06-27 03:47:53,61.98,158.97
O00132,C112,P20,1,96.99,2026-06-27 03:47:53,96.99,158.97
O00133,C135,P50,1,191.99,2025-02-16 02:28:55,191.99,372.96
O00133,C135,P16,1,30.99,2025-02-16 02:28:55,30.99,372.96
O00133,C135,P14,1,70.99,2025-02-16 02:28:55,70.99,372.96
O00133,C135,P48,1,78.99,2025-02-16 02:28:55,78.99,372.96
O00134,C085,P37,1,42.99,2025-10-19 06:52:13,42.99,306.97
O00134,C085,P23,1,205.99,2025-10-19 06:52:13,205.99,306.97
O00134,C085,P35,1,57.99,2025-10-19 06:52:13,57.99,306.97
O00135,C361,P44,1,143.99,2025-03-15 18:17:54,143.99,510.98
O00135,C361,P07,1,366.99,2025-03-15 18:17:54,366.99,510.98
O00136,C211,P09,1,34.99,2026-04-23 08:55:41,34.99,34.99
O00137,C365,P32,1,24.99,2025-08-28 07:48:53,24.99,117.98
O00137,C365,P10,1,92.99,2025-08-28 07:48:53,92.99,117.98
O00138,C213,P06,1,402.99,2025-03-13 02:40:50,402.99,640.96
O00138,C213,P26,1,87.99,2025-03-13 02:40:50,87.99,640.96
O00138,C213,P33,2,74.99,2025-03-13 02:40:50,149.98,640.96
O00139,C233,P47,1,41.99,2026-05-22 10:37:00,41.99,918.96
O00139,C233,P06,1,402.99,2026-05-22 10:37:00,402.99,918.96
O00139,C233,P30,2,236.99,2026-05-22 10:37:00,473.98,918.96
O00140,C408,P18,1,44.99,2026-04-13 06:27:52,44.99,44.99
O00141,C146,P22,1,194.99,2025-02-07 18:08:36,194.99,416.97
O00141,C146,P44,1,143.99,2025-02-07 18:08:36,143.99,416.97
O00141,C146,P49,1,77.99,2025-02-07 18:08:36,77.99,416.97
O00142,C236,P28,1,198.99,2024-07-20 05:28:29,198.99,198.99
O00143,C353,P18,1,44.99,2026-05-31 20:19:10,44.99,506.97
O00143,C353,P06,1,402.99,2026-05-31 20:19:10,402.99,506.97
O00143,C353,P42,1,58.99,2026-05-31 20:19:10,58.99,506.97
O00144,C333,P49,1,77.99,2026-02-17 12:40:19,77.99,96.98
O00144,C333,P15,1,18.99,2026-02-17 12:40:19,18.99,96.98
O00145,C049,P34,1,53.99,2024-07-06 15:04:08,53.99,197.98
O00145,C049,P44,1,143.99,2024-07-06 15:04:08,143.99,197.98
O00146,C176,P15,1,18.99,2026-01-19 13:44:08,18.99,18.99
O00147,C375,P09,1,34.99,2026-04-03 03:20:23,34.99,278.96
O00147,C375,P25,2,25.99,2026-04-03 03:20:23,51.98,278.96
O00147,C375,P50,1,191.99,2026-04-03 03:20:23,191.99,278.96
O00148,C347,P11,1,91.99,2025-10-22 16:36:00,91.99,291.98
O00148,C347,P29,1,199.99,2025-10-22 16:36:00,199.99,291.98
O00149,C384,P14,1,70.99,2024-11-17 13:39:43,70.99,70.99
O00150,C052,P28,1,198.99,2024-11-03 03:37:46,198.99,198.99
O00151,C072,P39,1,21.99,2024-12-14 20:05:15,21.99,63.98
O00151,C072,P47,1,41.99,2024-12-14 20:05:15,41.99,63.98
O00152,C354,P39,1,21.99,2024-08-23 21:56:19,21.99,21.99
O00153,C383,P16,1,30.99,2025-11-18 20:03:50,30.99,81.97
O00153,C383,P32,1,24.99,2025-11-18 20:03:50,24.99,81.97
O00153,C383,P25,1,25.99,2025-11-18 20:03:50,25.99,81.97
O00154,C271,P25,2,25.99,2026-03-26 00:23:59,51.98,51.98
O00155,C292,P50,1,191.99,2025-04-24 17:43:11,191.99,621.98
O00155,C292,P05,1,429.99,2025-04-24 17:43:11,429.99,621.98
O00156,C135,P41,1,199.99,2024-12-01 01:50:25,199.99,354.98
O00156,C135,P46,1,154.99,2024-12-01 01:50:25,154.99,354.98
O00157,C360,P18,1,44.99,2025-08-22 20:34:34,44.99,447.98
O00157,C360,P06,1,402.99,2025-08-22 20:34:34,402.99,447.98
O00158,C105,P41,1,199.99,2026-06-13 04:34:20,199.99,199.99
O00159,C333,P16,1,30.99,2026-05-14 02:19:44,30.99,30.99
O00160,C045,P20,1,96.99,2026-04-28 03:29:39,96.99,235.98
O00160,C045,P43,1,138.99,2026-04-28 03:29:39,138.99,235.98
O00161,C062,P23,1,205.99,2024-07-16 04:44:00,205.99,205.99
O00162,C401,P50,2,191.99,2026-06-11 08:10:23,383.98,383.98
O00163,C376,P34,1,53.99,2026-05-06 00:21:51,53.99,53.99
O00164,C365,P24,1,299.99,2026-06-21 20:04:31,299.99,299.99
O00165,C440,P37,1,42.99,2026-05-19 11:10:16,42.99,186.98
O00165,C440,P44,1,143.99,2026-05-19 11:10:16,143.99,186.98
O00166,C261,P25,2,25.99,2024-07-07 00:15:02,51.98,51.98
O00167,C092,P48,1,78.99,2026-05-03 01:35:51,78.99,617.96
O00167,C092,P42,1,58.99,2026-03-05 01:35:51,58.99,617.96
O00167,C092,P27,2,239.99,2026-05-03 01:35:51,479.98,617.96
O00168,C164,P44,2,143.99,2024-12-22 02:36:23,287.98,287.98
O00169,C092,P30,2,236.99,2024-12-04 16:02:25,473.98,473.98
O00170,C397,P24,1,299.99,2026-06-19 10:05:35,299.99,299.99
O00171,C289,P38,3,38.99,2025-12-27 23:39:15,116.97,116.97
O00172,C396,P16,1,30.99,2026-04-12 23:57:34,30.99,123.98
O00172,C396,P10,1,92.99,2026-04-12 23:57:34,92.99,123.98
O00173,C120,P22,1,194.99,2025-08-12 20:53:44,194.99,618.97
O00173,C120,P01,1,345.99,2025-08-12 20:53:44,345.99,618.97
O00173,C120,P49,1,77.99,2025-08-12 20:53:44,77.99,618.97
O00174,C054,P10,1,92.99,2024-11-28 07:26:31,92.99,695.96
O00174,C054,P46,1,154.99,2024-11-28 07:26:31,154.99,695.96
O00174,C054,P18,1,44.99,2024-11-28 07:26:31,44.99,695.96
O00174,C054,P06,1,402.99,2024-11-28 07:26:31,402.99,695.96
O00175,C459,P09,1,34.99,2025-07-13 23:05:37,34.99,34.99
O00176,C202,P09,1,34.99,2024-09-11 18:03:27,34.99,96.97
O00176,C202,P16,2,30.99,2024-09-11 18:03:27,61.98,96.97
O00178,C039,P10,1,92.99,2026-05-16 04:49:49,92.99,459.98
O00178,C039,P07,1,366.99,2026-05-16 04:49:49,366.99,459.98
O00180,C062,P39,1,21.99,2024-09-25 21:19:52,21.99,433.97
O00180,C062,P03,2,205.99,2024-09-25 21:19:52,411.98,433.97
O00181,C076,P44,1,143.99,2024-09-26 07:22:25,143.99,434.96
O00181,C076,P20,3,96.99,2024-09-26 07:22:25,290.97,434.96
O00182,C016,P07,1,366.99,2026-05-23 14:35:47,366.99,603.98
O00182,C016,P30,1,236.99,2026-05-23 14:35:47,236.99,603.98
O00183,C063,P24,2,299.99,2024-07-15 07:08:12,599.98,943.96
O00183,C063,P44,1,143.99,2024-07-15 07:08:12,143.99,943.96
O00183,C063,P41,1,199.99,2024-07-15 07:08:12,199.99,943.96
O00184,C470,P29,2,199.99,2026-04-17 00:04:12,399.98,837.96
O00184,C470,P09,1,34.99,2026-04-17 00:04:12,34.99,837.96
O00184,C470,P06,1,402.99,2026-04-17 00:04:12,402.99,837.96
O00185,C022,P47,1,41.99,2026-05-14 01:10:59,41.99,129.98
O00185,C022,P26,1,87.99,2026-05-14 01:10:59,87.99,129.98
O00186,C219,P29,2,199.99,2024-11-16 06:58:11,399.98,399.98
O00187,C018,P27,2,239.99,2025-10-18 19:15:41,479.98,479.98
O00188,C246,P42,2,58.99,2024-08-29 08:24:08,117.98,117.98
O00189,C270,P46,1,154.99,2024-12-14 17:50:01,154.99,435.96
O00189,C270,P23,1,205.99,2024-12-14 17:50:01,205.99,435.96
O00189,C270,P31,1,16.99,2024-12-14 17:50:01,16.99,435.96
O00189,C270,P35,1,57.99,2024-12-14 17:50:01,57.99,435.96
O00190,C139,P50,1,191.99,2024-11-18 10:38:14,191.99,191.99
O00191,C415,P15,1,18.99,2026-06-29 16:22:49,18.99,110.98
O00191,C415,P11,1,91.99,2026-06-29 16:22:49,91.99,110.98
O00192,C137,P15,2,18.99,2025-08-05 23:03:48,37.98,398.93
O00192,C137,P37,3,42.99,2025-08-05 23:03:48,128.97,398.93
O00192,C137,P25,1,25.99,2025-08-05 23:03:00,25.99,398.93
O00192,C137,P23,1,205.99,2025-08-05 17:33:48,205.99,398.93
O00193,C163,P46,1,154.99,2026-01-10 22:22:58,154.99,265.98
O00193,C163,P45,1,110.99,2026-01-10 22:22:58,110.99,265.98
O00194,C073,P32,1,24.99,2025-08-31 06:53:51,24.99,179.97
O00194,C073,P35,1,57.99,2025-08-31 06:53:51,57.99,179.97
O00194,C073,P20,1,96.99,2025-08-31 06:53:51,96.99,179.97
O00195,C309,P40,1,10.99,2025-12-13 16:30:00,10.99,10.99
O00196,C067,P21,1,196.99,2025-02-09 05:58:51,196.99,705.97
O00196,C067,P04,1,281.99,2025-02-09 05:58:51,281.99,705.97
O00196,C067,P02,1,226.99,2025-02-09 05:58:51,226.99,705.97
O00197,C057,P43,1,138.99,2026-02-15 11:04:23,138.99,226.98
O00197,C057,P26,1,87.99,2026-02-15 11:04:23,87.99,226.98
O00198,C166,P32,1,24.99,2024-11-03 05:46:27,24.99,83.98
O00198,C166,P42,1,58.99,2024-11-03 05:46:27,58.99,83.98
O00199,C288,P38,1,38.99,2025-11-23 19:50:22,38.99,38.99
O00200,C194,P01,2,345.99,2025-01-09 22:18:08,691.98,691.98
O00201,C486,P40,1,10.99,2026-02-04 18:02:11,10.99,29.98
O00201,C486,P15,1,18.99,2026-02-04 18:02:11,18.99,29.98
O00202,C255,P21,1,196.99,2024-11-04 23:04:15,196.99,196.99
O00203,C454,P22,1,194.99,2026-06-06 22:42:40,194.99,394.98
O00203,C454,P29,1,199.99,2026-06-06 22:42:40,199.99,394.98
O00204,C355,P04,1,281.99,2025-02-15 08:50:06,281.99,307.98
O00204,C355,P25,1,25.99,2025-02-15 08:50:06,25.99,307.98
O00205,C086,P25,1,25.99,2026-03-22 15:56:24,25.99,25.99
O00206,C246,P11,1,91.99,2025-12-28 18:41:48,91.99,291.98
O00206,C246,P29,1,199.99,2025-12-28 18:41:48,199.99,291.98
O00207,C151,P25,1,25.99,2024-07-22 08:06:04,25.99,25.99
O00208,C039,P31,2,16.99,2025-08-17 02:21:38,33.98,841.94
O00208,C039,P46,1,154.99,2025-08-17 02:21:38,154.99,841.94
O00208,C039,P02,2,226.99,2025-08-17 02:21:38,453.98,841.94
O00208,C039,P28,1,198.99,2025-08-17 02:21:38,198.99,841.94
O00209,C052,P47,1,41.99,2025-02-01 06:26:44,41.99,99.98
O00209,C052,P35,1,57.99,2025-02-01 06:26:44,57.99,99.98
O00210,C122,P10,1,92.99,2024-09-30 12:36:35,92.99,674.97
O00210,C122,P04,1,281.99,2024-09-30 12:36:35,281.99,674.97
O00210,C122,P24,1,299.99,2024-09-30 12:36:35,299.99,674.97
O00211,C321,P41,1,199.99,2026-02-08 06:06:01,199.99,199.99
O00212,C042,P32,2,24.99,2025-06-11 03:19:50,49.98,49.98
O00213,C136,P25,1,25.99,2024-09-26 17:24:11,25.99,25.99
O00214,C229,P18,1,44.99,2024-08-14 14:29:16,44.99,44.99
O00215,C078,P35,3,57.99,2025-12-15 15:36:05,173.97,413.96
O00215,C078,P27,1,239.99,2025-12-15 21:06:05,239.99,413.96
O00216,C284,P35,1,57.99,2024-08-29 12:52:33,57.99,57.99
O00217,C480,P46,1,154.99,2026-03-10 07:30:19,154.99,154.99
O00218,C293,P49,1,77.99,2026-04-05 18:43:39,77.99,77.99
O00219,C486,P28,1,198.99,2026-06-30 06:51:12,198.99,198.99
O00220,C350,P21,2,196.99,2025-11-05 20:09:53,393.98,435.97
O00220,C350,P47,1,41.99,2025-11-05 20:09:53,41.99,435.97
O00221,C199,P30,2,236.99,2025-08-25 17:20:54,473.98,473.98
O00222,C007,P08,1,100.99,2025-12-28 19:37:33,100.99,340.98
O00222,C007,P27,1,239.99,2025-12-28 19:37:33,239.99,340.98
O00223,C299,P07,2,366.99,2025-12-18 03:59:06,733.98,961.96
O00223,C299,P19,2,113.99,2025-12-18 03:59:06,227.98,961.96
O00224,C450,P31,1,16.99,2025-11-10 12:41:31,16.99,222.98
O00224,C450,P03,1,205.99,2025-11-10 12:41:31,205.99,222.98
O00225,C317,P22,1,194.99,2025-12-30 22:25:02,194.99,194.99
O00226,C026,P20,1,96.99,2025-12-13 08:57:23,96.99,96.99
O00227,C432,P15,1,18.99,2025-12-23 22:43:06,18.99,229.96
O00227,C432,P09,1,34.99,2025-12-23 22:43:06,34.99,229.96
O00227,C432,P20,1,96.99,2025-12-23 22:43:06,96.99,229.96
O00227,C432,P48,1,78.99,2025-12-23 22:43:06,78.99,229.96
O00229,C406,P50,2,191.99,2024-11-11 09:45:32,383.98,383.98
O00230,C451,P04,1,281.99,2026-03-28 05:12:56,281.99,549.96
O00230,C451,P16,2,30.99,2026-03-28 05:12:56,61.98,549.96
O00230,C451,P03,1,205.99,2026-03-28 05:12:56,205.99,549.96
O00231,C141,P08,1,100.99,2025-03-07 14:32:25,100.99,244.98
O00231,C141,P44,1,143.99,2025-03-07 14:32:25,143.99,244.98
O00232,C305,P11,1,91.99,2025-12-01 15:37:35,91.99,91.99
O00233,C133,P04,1,281.99,2025-12-14 22:05:18,281.99,281.99
O00234,C293,P44,1,143.99,2025-12-26 06:54:14,143.99,214.98
O00234,C293,P14,1,70.99,2025-12-26 06:54:14,70.99,214.98
O00235,C011,P42,1,58.99,2026-03-04 21:00:30,58.99,181.97
O00235,C011,P12,1,100.99,2026-03-04 21:00:30,100.99,181.97
O00235,C011,P39,1,21.99,2026-03-04 21:00:30,21.99,181.97
O00236,C483,P25,2,25.99,2026-03-16 22:41:17,51.98,51.98
O00237,C236,P40,1,10.99,2024-12-15 14:19:43,10.99,98.98
O00237,C236,P26,1,87.99,2024-12-15 14:19:43,87.99,98.98
O00238,C340,P19,1,113.99,2026-06-07 11:35:41,113.99,210.98
O00238,C340,P20,1,96.99,2026-06-07 11:35:41,96.99,210.98
O00239,C173,P42,1,58.99,2026-06-26 20:20:55,58.99,58.99
O00240,C457,P04,1,281.99,2025-12-23 06:09:33,281.99,303.98
O00240,C457,P39,1,21.99,2025-12-23 06:09:33,21.99,303.98
O00241,C072,P27,1,239.99,2025-12-04 20:31:18,239.99,239.99
O00242,C378,P47,1,41.99,2025-05-04 22:36:52,41.99,41.99
O00243,C352,P20,1,96.99,2025-11-16 15:58:42,96.99,96.99
O00244,C431,P09,1,34.99,2026-01-10 17:11:18,34.99,34.99
O00245,C372,P06,1,402.99,2026-01-17 05:43:57,402.99,402.99
O00246,C115,P24,1,299.99,2025-12-13 09:26:50,299.99,384.96
O00246,C115,P17,2,22.99,2025-12-13 09:26:50,45.98,384.96
O00246,C115,P38,1,38.99,2025-12-13 09:26:50,38.99,384.96
O00247,C444,P13,1,114.99,2026-02-21 18:39:04,114.99,114.99
O00248,C445,P10,1,92.99,2025-12-28 16:19:26,92.99,92.99
O00249,C103,P10,1,92.99,2025-02-11 18:57:58,92.99,545.96
O00249,C103,P21,1,196.99,2025-02-11 18:57:58,196.99,545.96
O00249,C103,P46,1,154.99,2025-02-11 18:57:58,154.99,545.96
O00249,C103,P12,1,100.99,2025-02-11 18:57:58,100.99,545.96
O00250,C325,P11,1,91.99,2024-04-09 14:17:13,91.99,134.98
O00250,C325,P37,1,42.99,2024-09-04 14:17:13,42.99,134.98
O00251,C391,P26,2,87.99,2026-01-10 04:39:27,175.98,374.97
O00251,C391,P28,1,198.99,2026-01-10 04:39:27,198.99,374.97
O00252,C020,P49,1,77.99,2025-08-05 23:23:00,77.99,246.97
O00252,C020,P34,1,53.99,2025-08-05 23:23:00,53.99,246.97
O00252,C020,P13,1,114.99,2025-08-05 23:23:00,114.99,246.97
O00253,C116,P33,1,74.99,2025-11-23 11:19:08,74.99,74.99
O00254,C086,P34,1,53.99,2024-09-02 01:19:18,53.99,53.99
O00255,C173,P32,1,24.99,2025-05-05 21:08:21,24.99,629.95
O00255,C173,P23,2,205.99,2025-05-05 21:08:21,411.98,629.95
O00255,C173,P49,1,77.99,2025-05-05 21:08:21,77.99,629.95
O00255,C173,P13,1,114.99,2025-05-05 21:08:21,114.99,629.95
O00256,C115,P33,1,74.99,2025-12-06 04:13:46,74.99,74.99
O00257,C188,P50,1,191.99,2025-11-30 01:24:56,191.99,249.98
O00257,C188,P35,1,57.99,2025-11-30 01:24:56,57.99,249.98
O00258,C025,P08,1,100.99,2025-11-12 20:53:01,100.99,100.99
O00259,C195,P45,1,110.99,2024-10-26 08:30:44,110.99,110.99
O00260,C005,P40,1,10.99,2025-01-04 21:06:42,10.99,32.98
O00260,C005,P39,1,21.99,2025-01-04 21:06:42,21.99,32.98
O00261,C461,P07,1,366.99,2024-11-08 23:39:07,366.99,366.99
O00262,C312,P23,1,205.99,2024-12-26 08:53:33,205.99,954.95
O00262,C312,P46,1,154.99,2024-12-26 08:53:33,154.99,954.95
O00262,C312,P27,2,239.99,2024-12-26 08:53:33,479.98,954.95
O00262,C312,P19,1,113.99,2024-12-26 08:53:33,113.99,954.95
O00263,C247,P08,1,100.99,2025-01-31 00:00:42,100.99,100.99
O00264,C343,P47,1,41.99,2025-11-22 02:49:32,41.99,41.99
O00265,C132,P07,1,366.99,2025-11-06 14:18:16,366.99,366.99
O00266,C448,P28,1,198.99,2025-01-09 09:23:51,198.99,356.97
O00266,C448,P48,2,78.99,2025-01-09 09:23:51,157.98,356.97
O00267,C456,P23,2,205.99,2025-06-09 04:42:41,411.98,411.98
O00268,C490,P12,1,100.99,2026-05-07 23:05:23,100.99,289.97
O00268,C490,P08,1,100.99,2026-05-07 23:05:23,100.99,289.97
O00268,C490,P26,1,87.99,2026-05-07 23:05:23,87.99,289.97
O00269,C354,P08,1,100.99,2026-02-23 13:41:56,100.99,135.98
O00269,C354,P09,1,34.99,2026-02-23 13:41:56,34.99,135.98
O00270,C483,P37,1,42.99,2026-06-11 03:26:58,42.99,186.98
O00270,C483,P44,1,143.99,2026-06-11 03:26:58,143.99,186.98
O00271,C399,P47,2,41.99,2025-05-12 00:55:43,83.98,135.96
O00271,C399,P09,1,34.99,2025-05-12 00:55:43,34.99,135.96
O00271,C399,P31,1,16.99,2025-05-12 00:55:43,16.99,135.96
O00272,C024,P44,1,143.99,2024-08-31 20:20:00,143.99,197.98
O00272,C024,P34,1,53.99,2024-08-31 20:20:00,53.99,197.98
O00273,C290,P45,1,110.99,2024-12-05 21:55:21,110.99,121.98
O00273,C290,P40,1,10.99,2024-12-05 21:55:21,10.99,121.98
O00274,C128,P36,2,47.99,2025-06-19 21:43:41,95.98,95.98
O00275,C314,P31,2,16.99,2025-05-13 20:59:10,33.98,58.97
O00275,C314,P32,1,24.99,2025-05-13 20:59:10,24.99,58.97
O00276,C252,P36,1,47.99,2025-01-22 10:17:03,47.99,106.98
O00276,C252,P42,1,58.99,2025-01-22 10:17:03,58.99,106.98
O00277,C041,P29,3,199.99,2025-05-29 18:28:05,599.97,897.95
O00277,C041,P21,1,196.99,2025-05-29 18:28:05,196.99,897.95
O00277,C041,P08,1,100.99,2025-05-29 18:28:05,100.99,897.95
O00278,C207,P39,1,21.99,2025-04-16 17:35:00,21.99,232.97
O00278,C207,P40,1,10.99,2025-04-16 17:35:00,10.99,232.97
O00278,C207,P41,1,199.99,2025-04-16 17:35:00,199.99,232.97
O00279,C344,P15,1,18.99,2025-07-22 10:23:52,18.99,18.99
O00280,C170,P24,1,299.99,2025-08-30 19:38:30,299.99,454.98
O00280,C170,P46,1,154.99,2025-08-30 19:38:30,154.99,454.98
O00281,C338,P19,1,113.99,2025-09-06 10:22:53,113.99,161.98
O00281,C338,P36,1,47.99,2025-09-06 10:22:53,47.99,161.98
O00282,C024,P47,1,41.99,2026-04-03 15:08:52,41.99,281.98
O00282,C024,P27,1,239.99,2026-04-03 15:08:52,239.99,281.98
O00283,C097,P13,1,114.99,2024-10-23 12:13:29,114.99,659.96
O00283,C097,P46,1,154.99,2024-10-23 12:13:29,154.99,659.96
O00283,C097,P22,2,194.99,2024-10-23 12:13:29,389.98,659.96
O00284,C429,P43,1,138.99,2026-06-03 03:49:57,138.99,138.99
O00285,C259,P36,1,47.99,2024-11-02 15:00:33,47.99,246.98
O00285,C259,P28,1,198.99,2024-11-02 15:00:33,198.99,246.98
O00286,C261,P09,1,34.99,2025-12-26 05:44:37,34.99,34.99
O00287,C337,P39,2,21.99,2025-10-22 10:32:56,43.98,43.98
O00288,C391,P09,1,34.99,2025-02-08 12:21:18,34.99,34.99
O00289,C309,P36,1,47.99,2026-04-08 23:32:19,47.99,399.97
O00289,C309,P21,1,196.99,2026-04-08 23:32:19,196.99,399.97
O00289,C309,P46,1,154.99,2026-04-08 23:32:19,154.99,399.97
O00290,C108,P09,3,34.99,2025-10-26 09:43:22,104.97,318.95
O00290,C108,P46,1,154.99,2025-10-26 09:43:22,154.99,318.95
O00290,C108,P42,1,58.99,2025-10-26 09:43:22,58.99,318.95
O00291,C327,P38,2,38.99,2025-03-16 03:48:22,77.98,120.97
O00291,C327,P37,1,42.99,2025-03-16 03:48:22,42.99,120.97
O00292,C346,P01,1,345.99,2026-05-27 17:18:56,345.99,766.97
O00292,C346,P34,1,53.99,2026-05-27 17:18:56,53.99,766.97
O00292,C346,P07,1,366.99,2026-05-27 17:18:56,366.99,766.97
O00293,C103,P04,1,281.99,2024-12-21 05:18:43,281.99,281.99
O00294,C152,P07,1,366.99,2024-11-27 17:02:22,366.99,532.96
O00294,C152,P40,2,10.99,2024-11-27 17:02:22,21.98,532.96
O00294,C152,P44,1,143.99,2024-11-27 17:02:22,143.99,532.96
O00295,C288,P19,1,113.99,2025-03-25 16:50:50,113.99,335.97
O00295,C288,P45,2,110.99,2025-03-25 16:50:50,221.98,335.97
O00296,C199,P48,1,78.99,2025-04-20 21:20:35,78.99,78.99
O00297,C318,P46,1,154.99,2026-03-28 14:53:14,154.99,513.97
O00297,C318,P42,1,58.99,2026-03-28 14:53:14,58.99,513.97
O00297,C318,P24,1,299.99,2026-03-28 14:53:14,299.99,513.97
O00298,C398,P44,1,143.99,2026-05-01 06:18:28,143.99,143.99
O00299,C493,P18,1,44.99,2025-11-14 16:07:24,44.99,44.99
O00300,C067,P10,1,92.99,2024-11-11 08:00:21,92.99,92.99
O00301,C476,P43,1,138.99,2025-04-08 01:49:59,138.99,235.98
O00301,C476,P20,1,96.99,2025-04-08 01:49:59,96.99,235.98
O00302,C184,P12,1,100.99,2024-09-09 22:20:33,100.99,100.99
O00303,C403,P23,1,205.99,2025-11-24 13:34:34,205.99,205.99
O00304,C110,P49,1,77.99,2025-11-13 04:53:18,77.99,77.99
O00305,C244,P29,2,199.99,2026-07-03 20:00:07,399.98,430.97
O00305,C244,P16,1,30.99,2026-07-03 20:00:07,30.99,430.97
O00306,C319,P08,1,100.99,2025-08-12 01:43:56,100.99,100.99
O00307,C277,P24,1,299.99,2025-12-05 00:58:33,299.99,574.97
O00307,C277,P33,1,74.99,2025-12-05 00:58:33,74.99,574.97
O00307,C277,P29,1,199.99,2025-12-05 00:58:33,199.99,574.97
O00308,C165,P01,1,345.99,2025-07-18 03:10:49,345.99,545.98
O00308,C165,P41,1,199.99,2025-07-18 03:10:49,199.99,545.98
O00309,C397,P35,1,57.99,2026-04-10 21:27:53,57.99,57.99
O00310,C450,P48,1,78.99,2026-06-23 13:41:52,78.99,315.97
O00310,C450,P44,1,143.99,2026-06-23 13:41:52,143.99,315.97
O00310,C450,P10,1,92.99,2026-06-23 13:41:52,92.99,315.97
O00311,C038,P15,1,18.99,2024-08-23 08:35:04,18.99,41.98
O00311,C038,P17,1,22.99,2024-08-23 08:35:04,22.99,41.98
O00312,C208,P01,1,345.99,2025-05-04 00:24:43,345.99,345.99
O00313,C317,P05,2,429.99,2025-07-12 23:37:02,859.98,1065.97
O00313,C317,P23,1,205.99,2025-07-12 23:37:02,205.99,1065.97
O00314,C403,P29,1,199.99,2026-01-10 19:05:18,199.99,225.98
O00314,C403,P25,1,25.99,2026-01-10 19:05:18,25.99,225.98
O00315,C243,P35,1,57.99,2024-11-10 07:08:47,57.99,57.99
O00316,C325,P47,1,41.99,2024-11-09 21:56:58,41.99,746.96
O00316,C325,P42,1,58.99,2024-11-09 21:56:58,58.99,746.96
O00316,C325,P24,1,299.99,2024-11-09 21:56:58,299.99,746.96
O00316,C325,P01,1,345.99,2024-11-09 21:56:58,345.99,746.96
O00317,C306,P48,2,78.99,2025-09-28 17:05:19,157.98,157.98
O00318,C177,P12,1,100.99,2024-11-30 20:54:32,100.99,100.99
O00319,C428,P04,2,281.99,2025-06-09 03:11:42,563.98,797.95
O00319,C428,P49,3,77.99,2025-06-09 03:11:42,233.97,797.95
O00320,C237,P07,1,366.99,2025-11-06 02:18:42,366.99,366.99
O00321,C298,P16,1,30.99,2025-06-23 10:22:08,30.99,397.98
O00321,C298,P07,1,366.99,2025-06-23 10:22:08,366.99,397.98
O00322,C100,P45,1,110.99,2025-01-19 14:21:39,110.99,149.98
O00322,C100,P38,1,38.99,2025-01-19 14:21:39,38.99,149.98
O00323,C414,P15,1,18.99,2025-10-27 13:10:00,18.99,18.99
O00324,C329,P31,1,16.99,2026-03-30 11:08:43,16.99,253.98
O00324,C329,P30,1,236.99,2026-03-30 11:08:43,236.99,253.98
O00325,C250,P18,2,44.99,2025-08-22 05:41:38,89.98,89.98
O00326,C072,P05,1,429.99,2026-03-28 06:16:46,429.99,698.97
O00326,C072,P47,1,41.99,2026-03-28 06:16:46,41.99,698.97
O00326,C072,P02,1,226.99,2026-03-28 06:16:46,226.99,698.97
O00327,C297,P17,1,22.99,2025-04-09 18:13:58,22.99,22.99
O00328,C277,P50,1,191.99,2025-06-09 04:23:25,191.99,191.99
O00329,C439,P24,1,299.99,2026-03-29 14:32:32,299.99,299.99
O00330,C340,P09,1,34.99,2024-12-22 19:43:10,34.99,234.98
O00330,C340,P29,1,199.99,2024-12-22 19:43:10,199.99,234.98
O00331,C290,P23,1,205.99,2025-11-11 04:47:46,205.99,205.99
O00332,C390,P43,1,138.99,2025-07-14 02:16:23,138.99,138.99
O00333,C465,P03,1,205.99,2026-01-11 12:30:58,205.99,205.99
O00334,C333,P48,1,78.99,2026-03-15 22:33:40,78.99,140.97
O00334,C333,P17,1,22.99,2026-03-15 22:33:40,22.99,140.97
O00334,C333,P38,1,38.99,2026-03-15 22:33:40,38.99,140.97
O00335,C188,P15,1,18.99,2025-09-23 02:33:16,18.99,18.99
O00336,C181,P39,1,21.99,2026-01-19 11:31:50,21.99,21.99
O00337,C452,P18,1,44.99,2026-04-13 05:14:04,44.99,115.98
O00337,C452,P14,1,70.99,2026-04-13 05:14:04,70.99,115.98
O00338,C309,P22,1,194.99,2026-04-12 03:42:14,194.99,194.99
O00339,C247,P27,1,239.99,2025-11-17 15:13:37,239.99,239.99
O00340,C023,P03,1,205.99,2024-10-29 18:10:08,205.99,248.98
O00340,C023,P37,1,42.99,2024-10-29 18:10:08,42.99,248.98
O00341,C473,P47,1,41.99,2025-06-22 12:38:36,41.99,319.97
O00341,C473,P43,2,138.99,2025-06-22 12:38:00,277.98,319.97
O00342,C111,P27,1,239.99,2025-05-19 15:55:30,239.99,239.99
O00343,C407,P11,1,91.99,2026-04-05 05:39:42,91.99,175.97
O00343,C407,P47,2,41.99,2026-04-05 05:39:42,83.98,175.97
O00344,C306,P02,1,226.99,2025-12-06 07:24:24,226.99,226.99
O00345,C441,P07,1,366.99,2026-05-23 21:26:52,366.99,366.99
O00346,C462,P49,1,77.99,2025-12-18 01:56:50,77.99,178.98
O00346,C462,P08,1,100.99,2025-12-18 01:56:50,100.99,178.98
O00347,C462,P28,1,198.99,2025-12-15 00:57:49,198.99,306.97
O00347,C462,P34,2,53.99,2025-12-15 00:57:49,107.98,306.97
O00348,C358,P25,1,25.99,2025-11-29 07:51:30,25.99,231.98
O00348,C358,P23,1,205.99,2025-11-29 07:51:30,205.99,231.98
O00349,C390,P31,1,16.99,2026-02-14 18:06:27,16.99,16.99
O00350,C466,P17,1,22.99,2026-05-17 09:38:56,22.99,137.98
O00350,C466,P13,1,114.99,2026-05-17 09:38:56,114.99,137.98
O00351,C004,P14,1,70.99,2025-09-14 03:33:00,70.99,70.99
O00352,C162,P17,1,22.99,2025-04-13 03:09:27,22.99,80.98
O00352,C162,P35,1,57.99,2025-04-13 03:09:27,57.99,80.98
O00353,C142,P36,1,47.99,2026-06-28 12:48:13,47.99,47.99
O00354,C190,P50,1,191.99,2025-08-28 15:16:19,191.99,346.98
O00354,C190,P46,1,154.99,2025-08-28 15:16:19,154.99,346.98
O00355,C443,P11,1,91.99,2026-03-01 17:44:28,91.99,458.98
O00355,C443,P07,1,366.99,2026-03-01 23:14:28,366.99,458.98
O00356,C174,P11,2,91.99,2026-01-04 19:44:43,183.98,209.97
O00356,C174,P25,1,25.99,2026-01-04 19:44:43,25.99,209.97
O00357,C047,P05,1,429.99,2026-01-25 15:59:38,429.99,429.99
O00358,C190,P26,1,87.99,2024-09-15 01:46:24,87.99,157.97
O00358,C190,P40,1,10.99,2024-09-15 01:46:24,10.99,157.97
O00358,C190,P42,1,58.99,2024-09-15 01:46:24,58.99,157.97
O00359,C485,P13,2,114.99,2026-01-10 05:40:31,229.98,229.98
O00360,C477,P33,1,74.99,2026-04-20 09:12:02,74.99,128.98
O00360,C477,P34,1,53.99,2026-04-20 09:12:02,53.99,128.98
O00361,C346,P06,1,402.99,2026-02-03 07:41:00,402.99,727.96
O00361,C346,P18,1,44.99,2026-02-03 07:41:00,44.99,727.96
O00361,C346,P50,1,191.99,2026-02-03 07:41:00,191.99,727.96
O00361,C346,P26,1,87.99,2026-02-03 07:41:00,87.99,727.96
O00362,C378,P36,1,47.99,2026-01-27 02:35:18,47.99,125.97
O00362,C378,P38,2,38.99,2026-01-27 02:35:18,77.98,125.97
O00363,C142,P01,1,345.99,2024-12-06 06:29:59,345.99,345.99
O00365,C490,P45,2,110.99,2026-03-09 17:52:50,221.98,421.97
O00365,C490,P29,1,199.99,2026-03-09 17:52:50,199.99,421.97
O00366,C395,P38,1,38.99,2025-09-21 10:49:29,38.99,265.98
O00366,C395,P02,1,226.99,2025-09-21 10:49:29,226.99,265.98
O00367,C196,P21,1,196.99,2025-11-02 07:43:44,196.99,196.99
O00368,C181,P19,1,113.99,2025-07-20 00:44:53,113.99,113.99
O00369,C345,P31,1,16.99,2026-03-12 10:04:35,16.99,419.97
O00369,C345,P21,1,196.99,2026-03-12 10:04:35,196.99,419.97
O00369,C345,P23,1,205.99,2026-03-12 10:04:35,205.99,419.97
O00370,C383,P48,1,78.99,2026-02-02 06:31:47,78.99,78.99
O00371,C136,P23,1,205.99,2024-11-29 06:53:15,205.99,583.96
O00371,C136,P10,2,92.99,2024-11-29 06:53:15,185.98,583.96
O00371,C136,P50,1,191.99,2024-11-29 06:53:15,191.99,583.96
O00372,C340,P03,1,205.99,2025-07-19 00:48:54,205.99,222.98
O00372,C340,P31,1,16.99,2025-07-19 00:48:54,16.99,222.98
O00373,C460,P49,2,77.99,2026-06-23 18:55:17,155.98,155.98
O00374,C144,P28,2,198.99,2025-04-03 18:08:03,397.98,414.97
O00374,C144,P31,1,16.99,2025-04-03 18:08:03,16.99,414.97
O00375,C178,P08,1,100.99,2025-03-30 21:49:11,100.99,100.99
O00376,C236,P38,1,38.99,2025-01-18 00:00:43,38.99,38.99
O00377,C186,P18,1,44.99,2025-10-17 08:11:35,44.99,44.99
O00378,C314,P45,1,110.99,2025-10-17 05:31:27,110.99,110.99
O00379,C187,P37,1,42.99,2026-02-22 08:28:11,42.99,186.98
O00379,C187,P44,1,143.99,2026-02-22 08:28:11,143.99,186.98
O00380,C139,P10,1,92.99,2026-01-08 17:27:54,92.99,92.99
O00381,C379,P41,1,199.99,2025-09-06 00:11:26,199.99,199.99
O00382,C369,P37,1,42.99,2025-10-21 15:19:16,42.99,324.98
O00382,C369,P04,1,281.99,2025-10-21 15:19:16,281.99,324.98
O00383,C031,P29,1,199.99,2024-12-01 08:30:53,199.99,278.98
O00383,C031,P48,1,78.99,2024-12-01 08:30:53,78.99,278.98
O00384,C287,P23,2,205.99,2025-08-27 08:22:01,411.98,411.98
O00385,C494,P12,1,100.99,2026-05-26 18:36:41,100.99,292.98
O00385,C494,P50,1,191.99,2026-05-26 18:36:41,191.99,292.98
O00386,C262,P40,1,10.99,2025-06-23 23:28:56,10.99,10.99
O00387,C324,P27,1,239.99,2026-06-29 05:40:51,239.99,450.97
O00387,C324,P41,1,199.99,2026-06-29 05:40:51,199.99,450.97
O00387,C324,P40,1,10.99,2026-06-29 05:40:51,10.99,450.97
O00388,C083,P18,1,44.99,2025-02-12 10:20:41,44.99,44.99
O00389,C203,P48,2,78.99,2024-12-22 14:49:55,157.98,250.96
O00389,C203,P38,1,38.99,2024-12-22 14:49:55,38.99,250.96
O00389,C203,P34,1,53.99,2024-12-22 14:49:55,53.99,250.96
O00390,C012,P45,1,110.99,2024-10-27 07:42:16,110.99,592.97
O00390,C012,P48,1,78.99,2024-10-27 07:42:16,78.99,592.97
O00390,C012,P06,1,402.99,2024-10-27 07:42:16,402.99,592.97
O00391,C480,P34,3,53.99,2026-06-09 17:03:01,161.97,239.96
O00391,C480,P49,1,77.99,2026-06-09 17:03:01,77.99,239.96
O00392,C317,P15,1,18.99,2025-08-24 20:59:56,18.99,18.99
O00393,C146,P02,1,226.99,2025-05-14 04:08:33,226.99,916.95
O00393,C146,P03,2,205.99,2025-05-14 04:08:33,411.98,916.95
O00393,C146,P43,2,138.99,2025-05-14 04:08:33,277.98,916.95
O00394,C240,P09,1,34.99,2026-06-13 17:59:17,34.99,145.98
O00394,C240,P45,1,110.99,2026-06-13 17:59:17,110.99,145.98
O00395,C234,P41,1,199.99,2025-11-01 20:56:36,199.99,199.99
O00396,C159,P29,1,199.99,2026-04-13 15:34:14,199.99,596.97
O00396,C159,P20,1,96.99,2026-04-13 15:34:14,96.99,596.97
O00396,C159,P24,1,299.99,2026-04-13 15:34:14,299.99,596.97
O00397,C268,P01,1,345.99,2026-01-18 04:22:18,345.99,345.99
O00398,C252,P19,1,113.99,2026-05-18 15:19:00,113.99,135.98
O00398,C252,P39,1,21.99,2026-05-18 15:19:00,21.99,135.98
O00399,C192,P46,1,154.99,2024-11-22 17:27:25,154.99,154.99
O00400,C200,P16,1,30.99,2026-01-30 07:16:05,30.99,30.99
O00401,C410,P48,1,78.99,2026-05-26 22:43:17,78.99,78.99
O00402,C138,P41,1,199.99,2025-04-16 02:11:08,199.99,199.99
O00403,C232,P10,1,92.99,2024-12-22 19:31:12,92.99,92.99
O00404,C274,P29,1,199.99,2024-07-25 03:18:17,199.99,199.99
O00405,C120,P20,1,96.99,2024-09-25 00:31:13,96.99,96.99
O00406,C256,P06,1,402.99,2026-07-04 14:44:50,402.99,402.99
O00407,C488,P31,1,16.99,2025-11-16 08:49:25,16.99,16.99
O00408,C459,P50,1,191.99,2026-03-14 12:53:00,191.99,191.99
O00409,C198,P13,1,114.99,2025-12-22 14:15:47,114.99,622.96
O00409,C198,P30,1,236.99,2025-12-22 14:15:47,236.99,622.96
O00409,C198,P48,1,78.99,2025-12-22 14:15:47,78.99,622.96
O00409,C198,P50,1,191.99,2025-12-22 14:15:47,191.99,622.96
O00410,C493,P48,1,78.99,2025-12-04 10:10:40,78.99,126.98
O00410,C493,P36,1,47.99,2025-12-04 10:10:40,47.99,126.98
O00411,C327,P14,1,70.99,2025-02-25 11:56:03,70.99,202.97
O00411,C327,P08,1,100.99,2025-02-25 11:56:03,100.99,202.97
O00411,C327,P16,1,30.99,2025-02-25 11:56:03,30.99,202.97
O00412,C142,P03,1,205.99,2025-09-21 12:50:15,205.99,205.99
O00413,C354,P16,1,30.99,2025-06-26 19:09:23,30.99,122.98
O00413,C354,P11,1,91.99,2025-06-26 19:09:23,91.99,122.98
O00414,C174,P10,1,92.99,2026-05-03 20:03:03,92.99,92.99
O00415,C406,P42,1,58.99,2024-10-12 15:14:20,58.99,542.96
O00415,C406,P49,1,77.99,2024-10-12 15:14:20,77.99,542.96
O00415,C406,P23,1,205.99,2024-10-12 15:14:20,205.99,542.96
O00415,C406,P29,1,199.99,2024-10-12 15:14:20,199.99,542.96
O00416,C129,P35,1,57.99,2026-04-04 15:45:28,57.99,168.98
O00416,C129,P45,1,110.99,2026-04-04 15:45:28,110.99,168.98
O00417,C279,P39,1,21.99,2025-02-16 23:29:17,21.99,161.97
O00417,C279,P36,1,47.99,2025-02-16 23:29:17,47.99,161.97
O00417,C279,P11,1,91.99,2025-02-16 23:29:17,91.99,161.97
O00418,C135,P25,1,25.99,2025-08-12 14:00:49,25.99,67.98
O00418,C135,P47,1,41.99,2025-08-12 14:00:49,41.99,67.98
O00419,C439,P43,1,138.99,2026-04-09 19:15:20,138.99,196.98
O00419,C439,P35,1,57.99,2026-04-09 19:15:20,57.99,196.98
O00421,C057,P09,1,34.99,2024-09-30 21:04:02,34.99,341.97
O00421,C057,P12,1,100.99,2024-09-30 21:04:02,100.99,341.97
O00421,C057,P03,1,205.99,2024-09-30 21:04:02,205.99,341.97
O00422,C293,P45,1,110.99,2025-11-05 12:42:31,110.99,149.98
O00422,C293,P38,1,38.99,2025-11-05 12:42:31,38.99,149.98
O00423,C311,P32,2,24.99,2025-12-08 00:59:58,49.98,49.98
O00424,C427,P27,1,239.99,2025-08-31 20:03:23,239.99,539.98
O00424,C427,P24,1,299.99,2025-08-31 20:03:23,299.99,539.98
O00425,C316,P05,1,429.99,2024-12-21 01:46:04,429.99,554.97
O00425,C316,P14,1,70.99,2024-12-21 01:46:04,70.99,554.97
O00425,C316,P34,1,53.99,2024-12-21 01:46:04,53.99,554.97
O00426,C098,P12,1,100.99,2024-11-23 21:15:36,100.99,148.98
O00426,C098,P36,1,47.99,2024-11-23 21:15:36,47.99,148.98
O00427,C055,P43,1,138.99,2025-12-20 18:22:43,138.99,138.99
O00428,C054,P43,1,138.99,2024-11-14 05:35:25,138.99,230.98
O00428,C054,P11,1,91.99,2024-11-14 05:35:25,91.99,230.98
O00429,C478,P27,1,239.99,2025-09-13 10:35:20,239.99,517.97
O00429,C478,P49,1,77.99,2025-09-13 10:35:20,77.99,517.97
O00429,C478,P41,1,199.99,2025-09-13 10:35:20,199.99,517.97
O00430,C289,P17,1,22.99,2025-08-16 12:49:35,22.99,522.97
O00430,C289,P24,1,299.99,2025-08-16 12:49:35,299.99,522.97
O00430,C289,P29,1,199.99,2025-08-16 12:49:35,199.99,522.97
O00431,C146,P20,3,96.99,2025-10-01 16:08:56,290.97,290.97
O00432,C110,P18,1,44.99,2026-02-24 00:49:52,44.99,215.96
O00432,C110,P36,2,47.99,2026-02-24 00:49:52,95.98,215.96
O00432,C110,P33,1,74.99,2026-02-24 00:49:52,74.99,215.96
O00433,C020,P38,1,38.99,2025-05-30 04:08:16,38.99,38.99
O00434,C132,P14,1,70.99,2026-01-14 02:36:25,70.99,112.98
O00434,C132,P47,1,41.99,2026-01-14 02:36:25,41.99,112.98
O00435,C248,P07,1,366.99,2024-11-16 22:44:36,366.99,447.97
O00435,C248,P39,1,21.99,2024-11-16 22:44:36,21.99,447.97
O00435,C248,P42,1,58.99,2024-11-16 22:44:36,58.99,447.97
O00436,C041,P27,1,239.99,2025-12-26 10:22:56,239.99,532.97
O00436,C041,P08,1,100.99,2025-12-26 10:22:56,100.99,532.97
O00436,C041,P50,1,191.99,2025-12-26 10:22:56,191.99,532.97
O00437,C006,P03,1,205.99,2025-11-02 20:24:03,205.99,205.99
O00438,C290,P44,1,143.99,2024-11-08 16:44:14,143.99,143.99
O00439,C202,P28,1,198.99,2026-06-09 19:36:32,198.99,198.99
O00440,C202,P04,1,281.99,2024-11-07 10:05:30,281.99,329.98
O00440,C202,P36,1,47.99,2024-11-07 10:05:30,47.99,329.98
O00441,C257,P36,1,47.99,2025-05-06 22:08:48,47.99,47.99
O00442,C203,P34,1,53.99,2025-11-09 06:35:39,53.99,989.95
O00442,C203,P16,1,30.99,2025-11-09 06:35:39,30.99,989.95
O00442,C203,P05,2,429.99,2025-11-09 06:35:39,859.98,989.95
O00442,C203,P18,1,44.99,2025-11-09 06:35:39,44.99,989.95
O00443,C344,P39,1,21.99,2025-06-17 11:22:12,21.99,21.99
O00444,C395,P29,2,199.99,2025-10-22 11:39:52,399.98,709.95
O00444,C395,P40,1,10.99,2025-10-22 11:39:52,10.99,709.95
O00444,C395,P10,1,92.99,2025-10-22 11:39:52,92.99,709.95
O00444,C395,P03,1,205.99,2025-10-22 11:39:52,205.99,709.95
O00445,C373,P40,2,10.99,2026-04-05 03:47:03,21.98,21.98
O00446,C445,P08,1,100.99,2026-03-27 09:00:21,100.99,197.98
O00446,C445,P20,1,96.99,2026-03-27 09:00:21,96.99,197.98
O00447,C108,P17,1,22.99,2025-12-11 06:13:34,22.99,70.98
O00447,C108,P36,1,47.99,2025-12-11 06:13:34,47.99,70.98
O00448,C073,P43,1,138.99,2025-11-24 21:01:24,138.99,192.98
O00448,C073,P34,1,53.99,2025-11-24 21:01:24,53.99,192.98
O00449,C146,P42,2,58.99,2024-11-26 22:39:17,117.98,117.98
O00450,C035,P24,1,299.99,2025-03-25 08:42:54,299.99,1260.96
O00450,C035,P07,2,366.99,2025-03-25 08:42:54,733.98,1260.96
O00450,C035,P02,1,226.99,2025-03-25 08:42:54,226.99,1260.96
O00451,C195,P39,1,21.99,2025-07-13 22:06:57,21.99,21.99
O00452,C096,P03,2,205.99,2024-11-25 14:35:59,411.98,442.97
O00452,C096,P16,1,30.99,2024-11-25 14:35:59,30.99,442.97
O00453,C251,P23,1,205.99,2025-03-29 05:01:22,205.99,805.96
O00453,C251,P41,3,199.99,2025-03-29 05:01:22,599.97,805.96
O00454,C257,P02,1,226.99,2024-12-23 01:40:16,226.99,319.97
O00454,C257,P36,1,47.99,2024-12-23 01:40:16,47.99,319.97
O00454,C257,P18,1,44.99,2024-12-23 01:40:16,44.99,319.97
O00455,C071,P41,1,199.99,2024-09-22 12:33:43,199.99,343.98
O00455,C071,P44,1,143.99,2024-09-22 12:33:43,143.99,343.98
O00456,C079,P35,1,57.99,2025-04-28 09:58:38,57.99,57.99
O00457,C335,P09,1,34.99,2025-11-04 17:43:51,34.99,34.99
O00458,C362,P10,1,92.99,2026-05-23 04:27:58,92.99,329.95
O00458,C362,P42,1,58.99,2026-05-23 04:27:58,58.99,329.95
O00458,C362,P37,2,42.99,2026-05-23 04:27:58,85.98,329.95
O00458,C362,P11,1,91.99,2026-05-23 04:27:58,91.99,329.95
O00459,C163,P27,1,239.99,2026-02-09 04:46:01,239.99,433.97
O00459,C163,P20,2,96.99,2026-02-09 04:46:01,193.98,433.97
O00461,C314,P15,1,18.99,2025-12-23 19:36:39,18.99,18.99
O00463,C333,P13,1,114.99,2026-03-24 12:31:30,114.99,114.99
O00464,C210,P15,1,18.99,2025-12-20 00:59:17,18.99,720.93
O00464,C210,P48,1,78.99,2025-12-20 00:59:17,78.99,720.93
O00464,C210,P43,2,138.99,2025-12-20 00:59:17,277.98,720.93
O00464,C210,P13,3,114.99,2025-12-20 00:59:17,344.97,720.93
O00465,C444,P16,1,30.99,2026-02-14 16:50:55,30.99,30.99
O00466,C398,P26,2,87.99,2025-12-14 23:52:24,175.98,186.97
O00466,C398,P40,1,10.99,2025-12-14 23:52:24,10.99,186.97
O00467,C275,P29,1,199.99,2025-07-28 22:50:02,199.99,436.98
O00467,C275,P30,1,236.99,2025-07-28 22:50:02,236.99,436.98
O00468,C126,P34,1,53.99,2025-07-22 12:47:02,53.99,131.98
O00468,C126,P49,1,77.99,2025-07-22 12:47:02,77.99,131.98
O00469,C150,P11,1,91.99,2025-05-11 09:49:52,91.99,91.99
O00470,C314,P42,1,58.99,2026-05-23 22:33:57,58.99,58.99
O00471,C370,P45,1,110.99,2025-11-18 05:49:37,110.99,203.97
O00471,C370,P35,1,57.99,2025-11-18 05:49:37,57.99,203.97
O00471,C370,P09,1,34.99,2025-11-18 05:49:37,34.99,203.97
O00472,C233,P06,1,402.99,2025-09-26 22:57:12,402.99,645.96
O00472,C233,P17,2,22.99,2025-09-26 22:57:12,45.98,645.96
O00472,C233,P21,1,196.99,2025-09-26 22:57:12,196.99,645.96
O00473,C368,P24,1,299.99,2026-03-04 02:07:45,299.99,299.99
O00474,C363,P25,1,25.99,2025-04-14 16:39:10,25.99,25.99
O00475,C088,P11,1,91.99,2026-04-17 18:55:42,91.99,285.97
O00475,C088,P10,1,92.99,2026-04-17 18:55:42,92.99,285.97
O00475,C088,P12,1,100.99,2026-04-17 18:55:42,100.99,285.97
O00476,C374,P09,2,34.99,2026-04-01 14:18:40,69.98,69.98
O00477,C002,P32,1,24.99,2025-10-25 08:00:29,24.99,24.99
O00478,C003,P31,1,16.99,2025-10-12 15:15:13,16.99,253.98
O00478,C003,P30,1,236.99,2025-12-10 15:15:13,236.99,253.98
O00479,C308,P14,1,70.99,2025-12-04 17:17:39,70.99,352.98
O00479,C308,P04,1,281.99,2025-12-04 17:17:39,281.99,352.98
O00480,C179,P20,1,96.99,2024-08-07 01:42:36,96.99,694.97
O00480,C179,P22,1,194.99,2024-08-07 01:42:36,194.99,694.97
O00480,C179,P06,1,402.99,2024-08-07 01:42:36,402.99,694.97
O00481,C345,P36,2,47.99,2025-11-04 21:44:44,95.98,196.97
O00481,C345,P12,1,100.99,2025-11-04 21:44:44,100.99,196.97
O00482,C185,P25,1,25.99,2026-05-04 02:49:19,25.99,25.99
O00483,C389,P08,1,100.99,2025-11-09 17:04:18,100.99,100.99
O00484,C141,P40,1,10.99,2025-01-30 13:33:13,10.99,292.98
O00484,C141,P04,1,281.99,2025-01-30 13:33:13,281.99,292.98
O00485,C323,P46,1,154.99,2026-01-05 02:30:46,154.99,268.98
O00485,C323,P19,1,113.99,2026-01-05 02:30:46,113.99,268.98
O00486,C133,P37,1,42.99,2025-07-28 19:22:59,42.99,42.99
O00487,C374,P15,3,18.99,2026-02-03 15:51:11,56.97,325.95
O00487,C374,P46,1,154.99,2026-02-03 15:51:11,154.99,325.95
O00487,C374,P19,1,113.99,2026-02-03 15:51:11,113.99,325.95
O00488,C321,P27,1,239.99,2026-04-21 23:54:13,239.99,445.98
O00488,C321,P03,1,205.99,2026-04-21 23:54:13,205.99,445.98
O00489,C327,P05,1,429.99,2024-12-25 20:12:44,429.99,429.99
O00490,C260,P26,1,87.99,2025-08-20 00:07:43,87.99,87.99
O00491,C316,P44,1,143.99,2026-05-31 05:12:21,143.99,366.97
O00491,C316,P31,1,16.99,2026-05-31 05:12:21,16.99,366.97
O00491,C316,P03,1,205.99,2026-05-30 23:42:21,205.99,366.97
O00492,C457,P48,1,78.99,2026-04-17 10:29:50,78.99,414.97
O00492,C457,P04,1,281.99,2026-04-17 10:29:50,281.99,414.97
O00492,C457,P34,1,53.99,2026-04-17 10:29:50,53.99,414.97
O00493,C275,P23,2,205.99,2024-07-21 18:43:21,411.98,841.97
O00493,C275,P05,1,429.99,2024-07-21 18:43:21,429.99,841.97
O00494,C016,P37,1,42.99,2025-02-08 12:40:34,42.99,90.97
O00494,C016,P39,1,21.99,2025-02-08 12:40:34,21.99,90.97
O00494,C016,P25,1,25.99,2025-02-08 12:40:34,25.99,90.97
O00495,C158,P06,1,402.99,2025-11-29 10:45:02,402.99,402.99
O00496,C122,P08,1,100.99,2025-03-09 09:13:33,100.99,100.99
O00497,C020,P31,2,16.99,2025-12-25 02:28:32,33.98,33.98
O00498,C079,P50,1,191.99,2024-11-23 15:46:55,191.99,585.97
O00498,C079,P21,2,196.99,2024-11-23 15:46:55,393.98,585.97
O00499,C421,P03,1,205.99,2026-06-28 16:43:08,205.99,205.99
O00500,C366,P44,1,143.99,2026-04-13 03:00:19,143.99,590.96
O00500,C366,P39,2,21.99,2026-04-13 03:00:19,43.98,590.96
O00500,C366,P06,1,402.99,2026-04-13 03:00:19,402.99,590.96
O00501,C393,P41,1,199.99,2026-02-27 09:01:36,199.99,270.98
O00501,C393,P14,1,70.99,2026-02-27 09:01:36,70.99,270.98
O00502,C142,P11,1,91.99,2025-08-03 14:42:07,91.99,91.99
O00503,C008,P23,1,205.99,2026-05-29 17:32:06,205.99,205.99
O00504,C139,P11,1,91.99,2024-11-04 22:51:18,91.99,951.97
O00504,C139,P05,2,429.99,2024-11-04 22:51:18,859.98,951.97
O00505,C277,P04,1,281.99,2025-05-15 04:01:30,281.99,674.97
O00505,C277,P07,1,366.99,2025-05-15 04:01:30,366.99,674.97
O00505,C277,P25,1,25.99,2025-05-15 04:01:30,25.99,674.97
O00506,C306,P40,1,10.99,2026-04-30 20:53:44,10.99,216.98
O00506,C306,P23,1,205.99,2026-04-30 20:53:44,205.99,216.98
O00507,C366,P30,1,236.99,2026-02-07 17:05:59,236.99,279.98
O00507,C366,P37,1,42.99,2026-07-02 17:05:59,42.99,279.98
O00508,C471,P46,1,154.99,2026-04-11 03:29:19,154.99,346.98
O00508,C471,P50,1,191.99,2026-04-11 03:29:19,191.99,346.98
O00509,C115,P12,1,100.99,2024-11-05 19:16:58,100.99,100.99
O00510,C341,P31,1,16.99,2025-11-14 10:29:31,16.99,16.99
O00511,C246,P37,1,42.99,2025-05-31 05:18:49,42.99,42.99
O00512,C053,P42,1,58.99,2025-04-10 22:50:06,58.99,58.99
O00513,C155,P16,1,30.99,2025-08-04 12:37:26,30.99,30.99
O00514,C499,P38,1,38.99,2025-10-14 02:21:13,38.99,280.97
O00514,C499,P28,1,198.99,2025-10-14 02:21:13,198.99,280.97
O00514,C499,P37,1,42.99,2025-10-14 02:21:13,42.99,280.97
O00515,C340,P32,1,24.99,2025-11-21 23:59:45,24.99,125.98
O00515,C340,P08,1,100.99,2025-11-21 23:59:45,100.99,125.98
O00517,C339,P49,1,77.99,2025-08-09 06:52:08,77.99,623.97
O00517,C339,P41,1,199.99,2025-08-09 06:52:08,199.99,623.97
O00517,C339,P01,1,345.99,2025-08-09 06:52:00,345.99,623.97
O00518,C150,P21,1,196.99,2025-03-26 18:28:12,196.99,196.99
O00519,C407,P23,3,205.99,2026-06-17 09:58:59,617.97,617.97
O00520,C299,P19,1,113.99,2024-07-12 16:25:54,113.99,113.99
O00521,C462,P23,2,205.99,2025-12-02 01:00:45,411.98,613.96
O00521,C462,P08,2,100.99,2025-12-02 01:00:45,201.98,613.96
O00522,C121,P25,1,25.99,2025-05-04 18:25:40,25.99,25.99
O00523,C223,P36,1,47.99,2025-08-16 21:11:30,47.99,47.99
O00524,C474,P43,1,138.99,2025-07-05 13:09:18,138.99,1295.95
O00524,C474,P09,1,34.99,2025-07-05 13:09:18,34.99,1295.95
O00524,C474,P01,2,345.99,2025-07-05 13:09:18,691.98,1295.95
O00524,C474,P05,1,429.99,2025-07-05 13:09:18,429.99,1295.95
O00525,C500,P30,2,236.99,2026-07-03 02:08:41,473.98,606.96
O00525,C500,P45,1,110.99,2026-07-03 02:08:41,110.99,606.96
O00525,C500,P39,1,21.99,2026-07-03 02:08:41,21.99,606.96
O00526,C218,P28,1,198.99,2025-08-22 14:24:22,198.99,198.99
O00527,C296,P27,1,239.99,2025-07-04 23:15:45,239.99,297.98
O00527,C296,P35,1,57.99,2025-07-04 23:15:45,57.99,297.98
O00528,C020,P45,1,110.99,2025-09-06 22:23:07,110.99,513.98
O00528,C020,P06,1,402.99,2025-09-06 22:23:07,402.99,513.98
O00529,C440,P40,1,10.99,2026-07-04 08:29:33,10.99,10.99
O00530,C242,P35,1,57.99,2025-11-01 21:42:04,57.99,96.98
O00530,C242,P38,1,38.99,2025-11-01 21:42:04,38.99,96.98
O00531,C176,P31,1,16.99,2025-08-06 00:30:29,16.99,59.98
O00531,C176,P37,1,42.99,2025-08-06 00:30:29,42.99,59.98
O00532,C492,P39,1,21.99,2026-06-25 09:18:10,21.99,21.99
O00533,C373,P11,1,91.99,2026-02-21 08:03:40,91.99,91.99
O00534,C337,P06,1,402.99,2026-06-28 23:39:01,402.99,402.99
O00535,C040,P18,1,44.99,2026-02-20 08:16:08,44.99,67.98
O00535,C040,P17,1,22.99,2026-02-20 08:16:08,22.99,67.98
O00536,C090,P12,1,100.99,2026-04-15 23:09:42,100.99,100.99
O00537,C359,P22,1,194.99,2025-08-11 05:51:33,194.99,690.97
O00537,C359,P06,1,402.99,2025-08-11 05:51:33,402.99,690.97
O00537,C359,P10,1,92.99,2025-08-11 05:51:33,92.99,690.97
O00538,C386,P41,1,199.99,2026-07-03 12:15:42,199.99,199.99
O00539,C296,P08,1,100.99,2025-12-08 11:03:41,100.99,100.99
O00540,C238,P35,1,57.99,2025-04-04 09:30:47,57.99,102.97
O00540,C238,P15,1,18.99,2025-04-04 09:30:47,18.99,102.97
O00540,C238,P25,1,25.99,2025-04-04 09:30:47,25.99,102.97
O00541,C272,P25,1,25.99,2026-03-09 00:18:59,25.99,169.98
O00541,C272,P44,1,143.99,2026-03-09 00:18:59,143.99,169.98
O00542,C490,P28,1,198.99,2026-02-03 17:40:22,198.99,313.96
O00542,C490,P40,1,10.99,2026-02-03 17:40:22,10.99,313.96
O00542,C490,P42,1,58.99,2026-02-03 17:40:22,58.99,313.96
O00542,C490,P18,1,44.99,2026-02-03 17:40:22,44.99,313.96
O00543,C201,P38,1,38.99,2025-05-31 21:47:15,38.99,230.98
O00543,C201,P50,1,191.99,2025-05-31 21:47:15,191.99,230.98
O00544,C354,P05,1,429.99,2026-06-30 10:35:00,429.99,775.98
O00544,C354,P01,1,345.99,2026-06-30 10:35:00,345.99,775.98
O00545,C351,P03,1,205.99,2025-09-25 07:46:18,205.99,205.99
O00546,C048,P39,1,21.99,2024-08-25 19:42:57,21.99,423.96
O00546,C048,P41,1,199.99,2024-08-25 19:42:57,199.99,423.96
O00546,C048,P08,2,100.99,2024-08-25 19:42:57,201.98,423.96
O00547,C067,P08,1,100.99,2025-03-14 20:36:51,100.99,335.96
O00547,C067,P45,1,110.99,2025-03-14 20:36:51,110.99,335.96
O00547,C067,P12,1,100.99,2025-03-14 20:36:51,100.99,335.96
O00547,C067,P17,1,22.99,2025-03-14 20:36:51,22.99,335.96
O00548,C142,P21,1,196.99,2025-12-21 22:57:42,196.99,219.98
O00548,C142,P17,1,22.99,2025-12-21 22:57:42,22.99,219.98
O00549,C398,P17,1,22.99,2025-12-15 12:21:03,22.99,22.99
O00550,C036,P32,1,24.99,2025-06-28 06:39:00,24.99,24.99
O00551,C277,P29,1,199.99,2025-12-21 06:39:41,199.99,199.99
O00552,C053,P29,1,199.99,2024-08-05 02:36:46,199.99,199.99
O00553,C255,P25,1,25.99,2024-11-07 20:00:59,25.99,25.99
O00554,C359,P50,1,191.99,2025-10-02 12:36:00,191.99,216.98
O00554,C359,P32,1,24.99,2025-10-02 12:36:00,24.99,216.98
O00555,C373,P45,1,110.99,2026-02-19 02:34:14,110.99,110.99
O00556,C247,P20,1,96.99,2024-10-23 17:59:22,96.99,96.99
O00557,C324,P22,1,194.99,2026-07-05 20:05:23,194.99,597.98
O00557,C324,P06,1,402.99,2026-07-05 20:05:23,402.99,597.98
O00558,C149,P43,1,138.99,2025-11-07 05:35:02,138.99,461.96
O00558,C149,P13,1,114.99,2025-11-07 05:35:02,114.99,461.96
O00558,C149,P20,1,96.99,2025-11-07 05:35:02,96.99,461.96
O00558,C149,P45,1,110.99,2025-11-07 05:35:02,110.99,461.96
O00559,C454,P02,1,226.99,2025-11-16 23:12:08,226.99,226.99
O00560,C304,P20,1,96.99,2025-06-29 12:04:50,96.99,121.98
O00560,C304,P32,1,24.99,2025-06-29 12:04:50,24.99,121.98
O00561,C231,P47,1,41.99,2026-06-06 00:02:21,41.99,41.99
O00562,C061,P44,2,143.99,2024-11-30 20:42:33,287.98,287.98
O00563,C275,P48,1,78.99,2024-11-07 18:14:59,78.99,78.99
O00564,C335,P09,1,34.99,2025-09-25 19:02:15,34.99,380.98
O00564,C335,P01,1,345.99,2025-09-25 19:02:15,345.99,380.98
O00565,C158,P38,1,38.99,2026-01-23 03:29:39,38.99,38.99
O00566,C419,P05,1,429.99,2025-10-09 15:38:51,429.99,544.98
O00566,C419,P13,1,114.99,2025-10-09 15:38:51,114.99,544.98
O00567,C378,P09,1,34.99,2026-01-14 10:07:43,34.99,231.98
O00567,C378,P21,1,196.99,2026-01-14 10:07:43,196.99,231.98
O00568,C392,P10,1,92.99,2026-03-12 05:21:04,92.99,92.99
O00569,C087,P38,1,38.99,2025-11-24 17:10:28,38.99,38.99
O00570,C052,P02,1,226.99,2025-12-29 20:39:24,226.99,251.98
O00570,C052,P32,1,24.99,2025-12-29 20:39:24,24.99,251.98
O00572,C396,P34,1,53.99,2025-12-27 04:13:09,53.99,453.97
O00572,C396,P29,2,199.99,2025-12-27 04:13:09,399.98,453.97
O00573,C313,P06,1,402.99,2026-03-08 19:11:45,402.99,402.99
O00574,C401,P08,3,100.99,2026-03-29 13:00:35,302.97,302.97
O00575,C049,P41,1,199.99,2025-10-22 17:32:14,199.99,199.99
O00576,C142,P31,1,16.99,2024-08-22 03:50:09,16.99,41.98
O00576,C142,P32,1,24.99,2024-08-22 03:50:09,24.99,41.98
O00577,C023,P22,1,194.99,2024-08-23 11:18:13,194.99,194.99
O00578,C456,P35,1,57.99,2026-03-06 01:06:47,57.99,57.99
O00579,C403,P47,1,41.99,2025-04-06 16:07:04,41.99,280.97
O00579,C403,P29,1,199.99,2025-04-06 16:07:04,199.99,280.97
O00579,C403,P38,1,38.99,2025-04-06 16:07:04,38.99,280.97
O00580,C460,P48,1,78.99,2025-02-13 03:20:14,78.99,78.99
O00581,C103,P04,1,281.99,2025-03-13 07:04:30,281.99,679.97
O00581,C103,P28,2,198.99,2025-03-13 07:04:30,397.98,679.97
O00582,C233,P41,3,199.99,2024-11-17 11:08:29,599.97,805.96
O00582,C233,P23,1,205.99,2024-11-17 11:08:29,205.99,805.96
O00583,C066,P30,1,236.99,2024-08-03 18:03:17,236.99,236.99
O00584,C088,P41,2,199.99,2025-12-19 07:56:18,399.98,410.97
O00584,C088,P40,1,10.99,2025-12-19 07:56:18,10.99,410.97
O00585,C284,P14,1,70.99,2026-02-23 02:26:54,70.99,109.98
O00585,C284,P38,1,38.99,2026-02-23 02:26:54,38.99,109.98
O00586,C008,P28,1,198.99,2025-12-07 23:55:15,198.99,198.99
O00587,C457,P27,1,239.99,2026-05-24 04:58:36,239.99,462.97
O00587,C457,P03,1,205.99,2026-05-24 04:58:36,205.99,462.97
O00587,C457,P31,1,16.99,2026-05-24 04:58:36,16.99,462.97
O00588,C202,P16,1,30.99,2025-06-16 22:52:06,30.99,30.99
O00589,C386,P19,1,113.99,2025-04-04 23:26:13,113.99,113.99
O00590,C047,P37,1,42.99,2024-07-19 21:19:10,42.99,279.96
O00590,C047,P48,3,78.99,2024-07-19 21:19:10,236.97,279.96
O00591,C238,P24,1,299.99,2025-12-22 22:25:11,299.99,499.98
O00591,C238,P41,1,199.99,2025-12-22 22:25:11,199.99,499.98
O00592,C441,P03,1,205.99,2026-01-03 12:57:44,205.99,205.99
O00593,C386,P44,1,143.99,2025-08-25 19:34:36,143.99,546.98
O00593,C386,P06,1,402.99,2025-08-25 19:34:36,402.99,546.98
O00594,C478,P25,1,25.99,2025-03-18 15:53:56,25.99,25.99
O00595,C317,P05,1,429.99,2025-06-30 11:11:41,429.99,477.98
O00595,C317,P36,1,47.99,2025-06-30 11:11:41,47.99,477.98
O00596,C172,P49,2,77.99,2024-12-10 03:41:30,155.98,194.97
O00596,C172,P38,1,38.99,2024-12-10 03:41:30,38.99,194.97
O00597,C386,P33,1,74.99,2026-02-14 07:20:22,74.99,417.97
O00597,C386,P44,1,143.99,2026-02-14 07:20:22,143.99,417.97
O00597,C386,P28,1,198.99,2026-02-14 07:20:22,198.99,417.97
O00598,C249,P35,1,57.99,2025-07-06 03:30:45,57.99,171.98
O00598,C249,P19,1,113.99,2025-07-06 03:30:45,113.99,171.98
O00599,C345,P06,1,402.99,2026-06-11 02:12:57,402.99,679.96
O00599,C345,P26,2,87.99,2026-06-11 02:12:57,175.98,679.96
O00599,C345,P12,1,100.99,2026-06-11 02:12:57,100.99,679.96
O00600,C142,P34,1,53.99,2024-10-15 04:31:09,53.99,680.96
O00600,C142,P41,2,199.99,2024-10-15 04:31:09,399.98,680.96
O00600,C142,P02,1,226.99,2024-10-15 04:31:09,226.99,680.96
O00601,C068,P19,1,113.99,2025-06-11 13:28:47,113.99,343.97
O00601,C068,P13,2,114.99,2025-06-11 13:28:47,229.98,343.97
O00602,C119,P22,1,194.99,2026-02-05 16:41:21,194.99,194.99
O00603,C403,P36,1,47.99,2025-09-21 18:42:44,47.99,247.98
O00603,C403,P29,1,199.99,2025-09-21 18:42:44,199.99,247.98
O00604,C460,P24,3,299.99,2025-12-31 05:50:16,899.97,899.97
O00605,C395,P11,1,91.99,2026-04-19 04:22:18,91.99,91.99
O00606,C083,P45,1,110.99,2025-11-30 09:11:11,110.99,528.95
O00606,C083,P43,1,138.99,2025-11-30 09:11:11,138.99,528.95
O00606,C083,P10,3,92.99,2025-11-30 09:11:11,278.97,528.95
O00607,C295,P46,1,154.99,2024-10-28 08:23:11,154.99,154.99
O00608,C163,P11,1,91.99,2026-06-16 04:23:28,91.99,207.97
O00608,C163,P35,2,57.99,2026-06-16 04:23:28,115.98,207.97
O00609,C208,P01,3,345.99,2026-05-03 04:29:59,1037.97,1037.97
O00610,C280,P19,2,113.99,2026-06-14 10:41:45,227.98,227.98
O00611,C387,P47,1,41.99,2026-06-23 18:42:09,41.99,241.98
O00611,C387,P29,1,199.99,2026-06-23 18:42:09,199.99,241.98
O00612,C246,P02,1,226.99,2026-04-05 04:43:35,226.99,226.99
O00613,C431,P42,1,58.99,2025-08-30 11:05:20,58.99,58.99
O00614,C270,P29,1,199.99,2024-12-04 08:12:01,199.99,199.99
O00615,C491,P39,1,21.99,2026-03-15 16:25:12,21.99,21.99
O00616,C484,P28,1,198.99,2025-04-18 21:23:25,198.99,198.99
O00617,C191,P36,2,47.99,2024-07-15 11:22:19,95.98,611.95
O00617,C191,P06,1,402.99,2024-07-15 11:22:00,402.99,611.95
O00617,C191,P14,1,70.99,2024-07-15 11:22:19,70.99,611.95
O00617,C191,P47,1,41.99,2024-07-15 11:22:19,41.99,611.95
O00618,C084,P38,1,38.99,2026-01-09 13:46:57,38.99,38.99
O00619,C074,P05,1,429.99,2024-11-29 15:55:33,429.99,650.95
O00619,C074,P38,1,38.99,2024-11-29 15:55:33,38.99,650.95
O00619,C074,P49,2,77.99,2024-11-29 15:55:33,155.98,650.95
O00619,C074,P25,1,25.99,2024-11-29 15:55:33,25.99,650.95
O00621,C149,P38,1,38.99,2025-08-23 01:52:52,38.99,38.99
O00622,C287,P17,1,22.99,2025-12-11 07:01:50,22.99,22.99
O00623,C328,P19,1,113.99,2026-03-09 15:07:41,113.99,593.97
O00623,C328,P27,2,239.99,2026-03-09 15:07:41,479.98,593.97
O00625,C186,P44,1,143.99,2025-09-17 18:27:55,143.99,143.99
O00626,C356,P17,1,22.99,2026-04-09 11:32:46,22.99,114.98
O00626,C356,P11,1,91.99,2026-04-09 11:32:46,91.99,114.98
O00627,C237,P24,1,299.99,2026-03-16 04:22:10,299.99,299.99
O00629,C392,P44,1,143.99,2026-03-17 00:04:20,143.99,285.97
O00629,C392,P20,1,96.99,2026-03-17 05:34:20,96.99,285.97
O00629,C392,P18,1,44.99,2026-03-17 05:34:20,44.99,285.97
O00630,C297,P24,1,299.99,2025-02-19 04:00:08,299.99,491.98
O00630,C297,P50,1,191.99,2025-02-19 04:00:08,191.99,491.98
O00632,C287,P45,1,110.99,2025-10-17 16:54:34,110.99,188.98
O00632,C287,P49,1,77.99,2025-10-17 16:54:34,77.99,188.98
O00633,C470,P20,1,96.99,2025-09-03 04:59:01,96.99,96.99
O00634,C072,P12,1,100.99,2026-01-19 19:33:48,100.99,579.96
O00634,C072,P46,1,154.99,2026-01-19 19:33:48,154.99,579.96
O00634,C072,P20,1,96.99,2026-01-19 19:33:48,96.99,579.96
O00634,C072,P02,1,226.99,2026-01-19 19:33:48,226.99,579.96
O00635,C353,P28,1,198.99,2025-11-12 04:13:08,198.99,488.96
O00635,C353,P45,1,110.99,2025-11-12 04:13:08,110.99,488.96
O00635,C353,P49,1,77.99,2025-11-12 04:13:08,77.99,488.96
O00635,C353,P08,1,100.99,2025-11-12 04:13:08,100.99,488.96
O00636,C056,P08,2,100.99,2024-08-03 21:32:37,201.98,201.98
O00637,C023,P08,2,100.99,2024-09-03 15:30:48,201.98,201.98
O00638,C106,P06,1,402.99,2025-09-23 06:11:42,402.99,402.99
O00639,C383,P33,1,74.99,2026-06-07 18:22:22,74.99,74.99
O00640,C314,P49,1,77.99,2025-08-23 18:04:06,77.99,477.97
O00640,C314,P01,1,345.99,2025-08-23 18:04:06,345.99,477.97
O00640,C314,P34,1,53.99,2025-08-23 18:04:06,53.99,477.97
O00641,C462,P33,1,74.99,2026-02-15 00:46:06,74.99,246.97
O00641,C462,P46,1,154.99,2026-02-15 00:46:06,154.99,246.97
O00641,C462,P31,1,16.99,2026-02-15 00:46:06,16.99,246.97
O00642,C491,P15,1,18.99,2026-03-18 11:24:27,18.99,18.99
O00643,C390,P32,1,24.99,2026-06-22 03:29:07,24.99,102.98
O00643,C390,P49,1,77.99,2026-06-22 03:29:07,77.99,102.98
O00644,C370,P30,1,236.99,2025-03-18 10:31:07,236.99,236.99
O00645,C160,P28,1,198.99,2025-11-22 14:14:35,198.99,198.99
O00646,C036,P44,1,143.99,2026-03-31 15:43:23,143.99,143.99
O00647,C054,P10,1,92.99,2025-04-01 16:42:43,92.99,92.99
O00648,C356,P11,3,91.99,2025-12-27 03:47:59,275.97,1005.95
O00648,C356,P05,1,429.99,2025-12-27 03:47:59,429.99,1005.95
O00648,C356,P24,1,299.99,2025-12-27 03:47:59,299.99,1005.95
O00649,C207,P46,1,154.99,2024-10-25 13:46:31,154.99,154.99
O00650,C304,P39,2,21.99,2025-07-20 20:25:22,43.98,43.98
O00651,C249,P17,1,22.99,2025-07-15 04:49:29,22.99,22.99
O00652,C119,P05,1,429.99,2025-10-31 04:01:06,429.99,504.96
O00652,C119,P32,3,24.99,2025-10-31 04:01:06,74.97,504.96
O00653,C196,P07,1,366.99,2025-10-09 10:09:19,366.99,444.98
O00653,C196,P49,1,77.99,2025-10-09 10:09:19,77.99,444.98
O00654,C393,P32,1,24.99,2025-12-29 14:12:18,24.99,99.98
O00654,C393,P33,1,74.99,2025-12-29 14:12:18,74.99,99.98
O00655,C441,P08,2,100.99,2025-12-15 00:48:02,201.98,624.95
O00655,C441,P25,1,25.99,2025-12-15 00:48:02,25.99,624.95
O00655,C441,P29,1,199.99,2025-12-15 00:48:02,199.99,624.95
O00655,C441,P21,1,196.99,2025-12-15 00:48:02,196.99,624.95
O00656,C338,P28,1,198.99,2026-04-26 09:56:45,198.99,198.99
O00657,C367,P36,1,47.99,2025-12-20 03:36:43,47.99,47.99
O00658,C293,P26,1,87.99,2025-06-07 17:54:10,87.99,156.96
O00658,C293,P17,3,22.99,2025-06-07 17:54:10,68.97,156.96
O00659,C316,P03,1,205.99,2025-11-18 09:20:03,205.99,205.99
O00660,C188,P41,1,199.99,2025-02-16 23:37:01,199.99,394.98
O00660,C188,P22,1,194.99,2025-02-16 23:37:01,194.99,394.98
O00661,C183,P42,1,58.99,2025-04-15 01:42:15,58.99,58.99
O00662,C044,P11,1,91.99,2026-04-15 02:55:19,91.99,91.99
O00663,C167,P27,1,239.99,2024-08-08 21:55:27,239.99,284.98
O00663,C167,P18,1,44.99,2024-08-08 21:55:27,44.99,284.98
O00664,C012,P07,1,366.99,2026-06-23 12:36:24,366.99,366.99
O00665,C052,P49,1,77.99,2025-11-23 06:21:31,77.99,216.98
O00665,C052,P43,1,138.99,2025-11-23 06:21:31,138.99,216.98
O00666,C187,P05,1,429.99,2026-06-08 06:31:40,429.99,700.95
O00666,C187,P35,1,57.99,2026-06-08 06:31:40,57.99,700.95
O00666,C187,P14,3,70.99,2026-06-08 06:31:40,212.97,700.95
O00667,C206,P38,1,38.99,2026-01-08 19:47:05,38.99,405.98
O00667,C206,P07,1,366.99,2026-01-08 19:47:05,366.99,405.98
O00668,C291,P05,1,429.99,2026-01-04 15:27:13,429.99,429.99
O00669,C155,P13,1,114.99,2025-07-09 09:27:42,114.99,354.98
O00669,C155,P27,1,239.99,2025-07-09 09:27:42,239.99,354.98
O00670,C233,P46,1,154.99,2025-11-16 17:11:56,154.99,154.99
O00671,C096,P30,2,236.99,2025-09-13 06:42:52,473.98,518.97
O00671,C096,P18,1,44.99,2025-09-13 06:42:52,44.99,518.97
O00672,C315,P04,1,281.99,2026-02-28 13:59:36,281.99,281.99
O00673,C124,P27,1,239.99,2024-11-08 21:48:19,239.99,866.97
O00673,C124,P21,1,196.99,2024-11-08 21:48:19,196.99,866.97
O00673,C124,P05,1,429.99,2024-11-08 21:48:19,429.99,866.97
O00674,C147,P16,1,30.99,2025-11-07 08:43:38,30.99,30.99
O00675,C099,P28,2,198.99,2024-07-29 09:29:31,397.98,456.97
O00675,C099,P42,1,58.99,2024-07-29 09:29:31,58.99,456.97
O00676,C140,P36,1,47.99,2024-11-03 08:50:51,47.99,47.99
O00677,C437,P06,1,402.99,2025-03-02 23:31:50,402.99,402.99
O00678,C153,P06,2,402.99,2026-03-07 13:57:23,805.98,893.97
O00678,C153,P26,1,87.99,2026-03-07 13:57:23,87.99,893.97
O00679,C072,P34,2,53.99,2024-12-09 18:47:32,107.98,424.95
O00679,C072,P43,2,138.99,2024-12-09 18:47:32,277.98,424.95
O00679,C072,P38,1,38.99,2024-12-09 18:47:32,38.99,424.95
O00680,C453,P22,1,194.99,2025-07-26 13:37:49,194.99,312.97
O00680,C453,P38,1,38.99,2025-07-26 19:07:49,38.99,312.97
O00680,C453,P48,1,78.99,2025-07-26 19:07:49,78.99,312.97
O00681,C217,P29,1,199.99,2024-12-02 03:11:13,199.99,501.96
O00681,C217,P27,1,239.99,2024-12-02 03:11:13,239.99,501.96
O00681,C217,P17,1,22.99,2024-12-02 03:11:13,22.99,501.96
O00681,C217,P38,1,38.99,2024-12-02 03:11:13,38.99,501.96
O00682,C280,P10,1,92.99,2025-04-26 21:15:17,92.99,409.97
O00682,C280,P24,1,299.99,2025-04-26 21:15:17,299.99,409.97
O00682,C280,P31,1,16.99,2025-04-26 21:15:17,16.99,409.97
O00683,C496,P04,2,281.99,2026-05-30 01:53:47,563.98,674.97
O00683,C496,P45,1,110.99,2026-05-30 01:53:47,110.99,674.97
O00684,C130,P44,1,143.99,2025-08-23 09:40:44,143.99,143.99
O00685,C444,P26,1,87.99,2025-11-23 14:24:00,87.99,207.97
O00685,C444,P17,1,22.99,2025-11-23 14:24:00,22.99,207.97
O00685,C444,P20,1,96.99,2025-11-23 14:24:00,96.99,207.97
O00686,C108,P50,1,191.99,2026-02-28 05:58:28,191.99,250.98
O00686,C108,P42,1,58.99,2026-02-28 05:58:28,58.99,250.98
O00687,C444,P22,1,194.99,2025-10-30 15:30:47,194.99,194.99
O00688,C449,P33,1,74.99,2026-04-29 03:52:10,74.99,504.98
O00688,C449,P05,1,429.99,2026-04-29 03:52:10,429.99,504.98
O00689,C417,P04,1,281.99,2026-03-14 10:29:44,281.99,281.99
O00690,C095,P41,1,199.99,2025-11-01 20:08:00,199.99,199.99
O00691,C295,P50,1,191.99,2024-09-17 05:15:33,191.99,250.98
O00691,C295,P42,1,58.99,2024-09-17 05:15:33,58.99,250.98
O00692,C352,P09,1,34.99,2025-09-22 10:28:30,34.99,158.97
O00692,C352,P17,1,22.99,2025-09-22 10:28:30,22.99,158.97
O00692,C352,P12,1,100.99,2025-09-22 10:28:30,100.99,158.97
O00693,C102,P37,2,42.99,2024-09-20 11:11:25,85.98,350.95
O00693,C102,P15,2,18.99,2024-09-20 11:11:25,37.98,350.95
O00693,C102,P02,1,226.99,2024-09-20 11:11:25,226.99,350.95
O00694,C321,P11,1,91.99,2025-11-22 02:29:12,91.99,91.99
O00695,C317,P11,1,91.99,2025-11-26 08:09:05,91.99,682.95
O00695,C317,P37,1,42.99,2025-11-26 08:09:05,42.99,682.95
O00695,C317,P08,2,100.99,2025-11-26 08:09:05,201.98,682.95
O00695,C317,P01,1,345.99,2025-11-26 08:09:05,345.99,682.95
O00696,C345,P18,1,44.99,2025-12-13 07:45:13,44.99,44.99
O00697,C254,P19,1,113.99,2025-03-19 13:54:13,113.99,155.98
O00697,C254,P47,1,41.99,2025-03-19 13:54:13,41.99,155.98
O00698,C210,P29,2,199.99,2025-12-30 00:18:16,399.98,399.98
O00699,C190,P09,2,34.99,2025-09-19 20:29:05,69.98,69.98
O00700,C499,P28,1,198.99,2025-12-21 21:13:45,198.99,198.99
O00701,C132,P16,1,30.99,2024-09-09 17:03:03,30.99,30.99
O00702,C182,P03,1,205.99,2026-07-03 21:51:38,205.99,551.98
O00702,C182,P01,1,345.99,2026-07-03 21:51:38,345.99,551.98
O00703,C155,P36,1,47.99,2026-06-15 21:23:08,47.99,533.94
O00703,C155,P03,1,205.99,2026-06-15 21:23:08,205.99,533.94
O00703,C155,P38,2,38.99,2026-06-15 21:23:08,77.98,533.94
O00703,C155,P12,2,100.99,2026-06-15 21:23:08,201.98,533.94
O00704,C068,P08,1,100.99,2024-09-24 22:33:27,100.99,100.99
O00705,C066,P19,1,113.99,2025-07-05 08:47:23,113.99,170.96
O00705,C066,P17,2,22.99,2025-07-05 08:47:23,45.98,170.96
O00705,C066,P40,1,10.99,2025-07-05 08:47:23,10.99,170.96
O00706,C224,P10,2,92.99,2026-03-29 10:47:31,185.98,233.97
O00706,C224,P36,1,47.99,2026-03-29 10:47:31,47.99,233.97
O00707,C409,P03,1,205.99,2025-10-23 06:09:03,205.99,205.99
O00708,C084,P03,3,205.99,2025-11-29 13:07:57,617.97,1023.95
O00708,C084,P29,1,199.99,2025-11-29 13:07:57,199.99,1023.95
O00708,C084,P23,1,205.99,2025-11-29 13:07:57,205.99,1023.95
O00709,C058,P19,1,113.99,2026-02-15 04:07:22,113.99,113.99
O00710,C087,P14,3,70.99,2025-12-14 08:36:57,212.97,251.96
O00710,C087,P38,1,38.99,2025-12-14 08:36:57,38.99,251.96
O00711,C393,P32,1,24.99,2026-01-24 13:58:04,24.99,24.99
O00712,C455,P24,1,299.99,2025-09-09 09:43:43,299.99,299.99
O00713,C488,P46,1,154.99,2025-11-11 10:09:01,154.99,154.99
O00714,C233,P03,1,205.99,2025-10-31 08:38:42,205.99,205.99
O00715,C487,P37,1,42.99,2025-08-21 23:46:58,42.99,430.96
O00715,C487,P09,1,34.99,2025-08-21 23:46:58,34.99,430.96
O00715,C487,P14,1,70.99,2025-08-21 23:46:58,70.99,430.96
O00715,C487,P04,1,281.99,2025-08-21 23:46:58,281.99,430.96
O00716,C281,P16,2,30.99,2026-05-23 12:05:25,61.98,61.98
O00717,C444,P50,1,191.99,2025-12-17 00:54:13,191.99,191.99
O00718,C332,P28,1,198.99,2026-06-02 20:09:07,198.99,198.99
O00719,C472,P07,1,366.99,2025-11-22 21:38:08,366.99,366.99
O00720,C263,P37,1,42.99,2024-11-26 14:56:24,42.99,42.99
O00721,C047,P28,1,198.99,2025-12-17 11:39:11,198.99,198.99
O00722,C263,P46,2,154.99,2025-02-10 14:43:14,309.98,402.97
O00722,C263,P10,1,92.99,2025-02-10 14:43:14,92.99,402.97
O00723,C332,P31,1,16.99,2026-05-02 09:29:27,16.99,16.99
O00724,C066,P19,1,113.99,2025-11-21 09:53:15,113.99,156.98
O00724,C066,P37,1,42.99,2025-11-21 09:53:15,42.99,156.98
O00725,C024,P43,1,138.99,2025-07-18 16:27:26,138.99,138.99
O00726,C417,P02,1,226.99,2025-12-31 08:37:05,226.99,327.98
O00726,C417,P08,1,100.99,2025-12-31 08:37:05,100.99,327.98
O00727,C403,P46,1,154.99,2025-07-02 12:02:05,154.99,154.99
O00728,C301,P22,1,194.99,2026-06-02 21:28:39,194.99,366.97
O00728,C301,P12,1,100.99,2026-02-06 21:28:39,100.99,366.97
O00728,C301,P14,1,70.99,2026-02-06 21:28:39,70.99,366.97
O00729,C447,P08,1,100.99,2026-03-17 13:34:01,100.99,100.99
O00730,C336,P48,1,78.99,2025-08-30 22:25:55,78.99,100.98
O00730,C336,P39,1,21.99,2025-08-30 22:25:55,21.99,100.98
O00731,C417,P44,1,143.99,2026-06-29 11:44:43,143.99,731.96
O00731,C417,P26,1,87.99,2026-06-29 11:44:43,87.99,731.96
O00731,C417,P20,1,96.99,2026-06-29 11:44:43,96.99,731.96
O00731,C417,P06,1,402.99,2026-06-29 11:44:43,402.99,731.96
O00732,C497,P42,1,58.99,2026-02-17 00:13:30,58.99,89.98
O00732,C497,P16,1,30.99,2026-02-17 00:13:30,30.99,89.98
O00733,C405,P31,1,16.99,2026-01-13 02:19:49,16.99,16.99
O00734,C060,P32,1,24.99,2024-11-14 04:47:44,24.99,24.99
O00735,C441,P26,1,87.99,2025-11-27 07:12:18,87.99,369.98
O00735,C441,P04,1,281.99,2025-11-27 07:12:18,281.99,369.98
O00736,C434,P39,1,21.99,2025-11-30 13:54:31,21.99,63.98
O00736,C434,P47,1,41.99,2025-11-30 13:54:31,41.99,63.98
O00737,C250,P44,1,143.99,2025-04-05 16:37:46,143.99,168.98
O00737,C250,P32,1,24.99,2025-04-05 16:37:00,24.99,168.98
O00738,C010,P42,1,58.99,2025-04-25 10:35:04,58.99,58.99
O00739,C243,P28,1,198.99,2024-10-19 19:41:22,198.99,198.99
O00740,C148,P15,1,18.99,2025-12-06 15:22:28,18.99,18.99
O00741,C351,P30,2,236.99,2025-07-14 19:54:53,473.98,508.97
O00741,C351,P09,1,34.99,2025-07-14 19:54:53,34.99,508.97
O00742,C200,P31,1,16.99,2026-05-30 21:41:47,16.99,16.99
O00743,C433,P43,1,138.99,2026-02-13 06:18:44,138.99,155.98
O00743,C433,P31,1,16.99,2026-02-13 06:18:44,16.99,155.98
O00744,C311,P36,1,47.99,2025-07-25 13:31:19,47.99,47.99
O00745,C010,P33,1,74.99,2025-02-26 08:22:43,74.99,74.99
O00746,C033,P15,1,18.99,2025-02-07 03:39:14,18.99,18.99
O00747,C175,P10,2,92.99,2025-12-27 01:49:56,185.98,296.97
O00747,C175,P45,1,110.99,2025-12-27 01:49:56,110.99,296.97
O00748,C054,P49,1,77.99,2025-11-29 14:51:29,77.99,657.95
O00748,C054,P08,2,100.99,2025-11-29 14:51:29,201.98,657.95
O00748,C054,P07,1,366.99,2025-11-29 14:51:29,366.99,657.95
O00748,C054,P40,1,10.99,2025-11-29 14:51:29,10.99,657.95
O00749,C260,P24,1,299.99,2024-10-09 20:07:55,299.99,299.99
O00750,C150,P10,1,92.99,2025-11-29 16:31:46,92.99,451.97
O00750,C150,P42,1,58.99,2025-11-29 16:31:46,58.99,451.97
O00750,C150,P24,1,299.99,2025-11-29 16:31:46,299.99,451.97
O00751,C225,P22,1,194.99,2026-06-08 00:15:53,194.99,383.97
O00751,C225,P19,1,113.99,2026-06-08 00:15:53,113.99,383.97
O00751,C225,P33,1,74.99,2026-06-08 00:15:53,74.99,383.97
O00752,C213,P34,1,53.99,2025-02-28 15:45:09,53.99,293.98
O00752,C213,P27,1,239.99,2025-02-28 21:15:09,239.99,293.98
O00753,C220,P34,1,53.99,2025-04-17 13:57:29,53.99,724.96
O00753,C220,P44,1,143.99,2025-04-17 13:57:29,143.99,724.96
O00753,C220,P24,1,299.99,2025-04-17 13:57:29,299.99,724.96
O00753,C220,P02,1,226.99,2025-04-17 13:57:00,226.99,724.96
O00754,C036,P04,1,281.99,2024-09-20 10:25:49,281.99,281.99
O00755,C019,P41,1,199.99,2025-11-11 20:09:57,199.99,509.97
O00755,C019,P46,2,154.99,2025-11-11 20:09:57,309.98,509.97
O00756,C499,P20,1,96.99,2025-06-07 12:56:43,96.99,180.97
O00756,C499,P47,2,41.99,2025-06-07 12:56:43,83.98,180.97
O00757,C005,P26,1,87.99,2026-01-29 16:39:58,87.99,87.99
O00758,C106,P45,2,110.99,2026-03-25 19:50:39,221.98,427.97
O00758,C106,P23,1,205.99,2026-03-25 19:50:39,205.99,427.97
O00759,C208,P25,1,25.99,2025-12-24 09:05:02,25.99,109.97
O00759,C208,P47,2,41.99,2025-12-24 09:05:02,83.98,109.97
O00760,C267,P20,1,96.99,2026-06-28 09:13:05,96.99,150.98
O00760,C267,P34,1,53.99,2026-06-28 09:13:05,53.99,150.98
O00761,C012,P50,1,191.99,2024-07-29 17:37:16,191.99,191.99
O00762,C217,P17,1,22.99,2026-06-24 03:46:03,22.99,297.97
O00762,C217,P41,1,199.99,2026-06-24 03:46:03,199.99,297.97
O00762,C217,P33,1,74.99,2026-06-24 03:46:03,74.99,297.97
O00763,C064,P16,1,30.99,2025-05-19 18:47:00,30.99,30.99
O00764,C298,P15,1,18.99,2025-09-03 20:42:34,18.99,321.97
O00764,C298,P23,1,205.99,2025-09-03 20:42:34,205.99,321.97
O00764,C298,P20,1,96.99,2025-09-03 20:42:34,96.99,321.97
O00765,C345,P21,1,196.99,2025-09-04 12:33:47,196.99,196.99
O00766,C099,P28,1,198.99,2026-01-25 11:29:06,198.99,198.99
O00767,C042,P29,1,199.99,2024-09-27 13:56:08,199.99,199.99
O00768,C347,P17,1,22.99,2025-12-28 18:35:33,22.99,61.98
O00768,C347,P38,1,38.99,2025-12-28 18:35:33,38.99,61.98
O00769,C226,P10,1,92.99,2025-11-22 10:16:26,92.99,237.96
O00769,C226,P33,1,74.99,2025-11-22 15:46:26,74.99,237.96
O00769,C226,P09,2,34.99,2025-11-22 15:46:26,69.98,237.96
O00770,C263,P03,1,205.99,2026-03-02 03:44:13,205.99,205.99
O00771,C484,P08,1,100.99,2025-12-06 03:38:54,100.99,100.99
O00772,C149,P24,1,299.99,2024-08-10 04:07:23,299.99,299.99
O00773,C249,P04,2,281.99,2024-07-30 04:09:50,563.98,660.97
O00773,C249,P20,1,96.99,2024-07-30 04:09:50,96.99,660.97
O00774,C420,P03,1,205.99,2026-03-01 00:07:35,205.99,205.99
O00775,C294,P31,1,16.99,2025-01-12 14:57:21,16.99,58.98
O00775,C294,P47,1,41.99,2025-01-12 14:57:21,41.99,58.98
O00776,C071,P10,1,92.99,2025-07-10 14:48:28,92.99,134.98
O00776,C071,P47,1,41.99,2025-07-10 14:48:28,41.99,134.98
O00777,C341,P35,1,57.99,2026-01-15 12:14:57,57.99,57.99
O00778,C344,P11,1,91.99,2026-04-08 23:17:41,91.99,91.99
O00779,C293,P42,1,58.99,2025-11-01 22:19:35,58.99,154.97
O00779,C293,P36,2,47.99,2025-11-01 22:19:35,95.98,154.97
O00780,C278,P31,1,16.99,2025-09-13 01:36:33,16.99,16.99
O00781,C010,P14,1,70.99,2024-10-22 17:11:01,70.99,70.99
O00782,C362,P39,1,21.99,2026-04-27 18:28:05,21.99,394.96
O00782,C362,P21,1,196.99,2026-04-27 18:28:05,196.99,394.96
O00782,C362,P26,2,87.99,2026-04-27 18:28:05,175.98,394.96
O00783,C175,P25,1,25.99,2025-05-09 13:01:55,25.99,94.96
O00783,C175,P17,3,22.99,2025-05-09 13:01:55,68.97,94.96
O00784,C278,P10,2,92.99,2024-11-15 04:11:16,185.98,282.97
O00784,C278,P20,1,96.99,2024-11-15 04:11:16,96.99,282.97
O00785,C031,P20,1,96.99,2025-10-18 10:11:01,96.99,122.98
O00785,C031,P25,1,25.99,2025-10-18 10:11:01,25.99,122.98
O00787,C306,P08,1,100.99,2025-04-12 15:32:48,100.99,145.98
O00787,C306,P18,1,44.99,2025-12-04 15:32:48,44.99,145.98
O00789,C494,P09,1,34.99,2026-05-24 03:15:48,34.99,131.98
O00789,C494,P20,1,96.99,2026-05-24 03:15:48,96.99,131.98
O00790,C434,P11,1,91.99,2025-11-02 06:50:09,91.99,91.99
O00791,C276,P30,2,236.99,2026-05-24 17:28:02,473.98,473.98
O00792,C318,P31,1,16.99,2025-04-13 05:00:03,16.99,127.95
O00792,C318,P18,1,44.99,2025-04-13 05:00:03,44.99,127.95
O00792,C318,P39,3,21.99,2025-04-13 05:00:03,65.97,127.95
O00793,C432,P11,1,91.99,2026-02-06 18:53:32,91.99,91.99
O00794,C289,P09,1,34.99,2024-09-07 02:25:44,34.99,34.99
O00795,C144,P21,1,196.99,2026-03-16 06:39:32,196.99,735.96
O00795,C144,P44,1,143.99,2026-03-16 06:39:32,143.99,735.96
O00795,C144,P22,1,194.99,2026-03-16 06:39:32,194.99,735.96
O00795,C144,P41,1,199.99,2026-03-16 06:39:32,199.99,735.96
O00796,C165,P45,1,110.99,2025-02-10 14:38:21,110.99,110.99
O00797,C473,P12,1,100.99,2025-03-12 15:00:57,100.99,100.99
O00798,C459,P42,1,58.99,2025-12-19 15:48:25,58.99,918.97
O00798,C459,P05,2,429.99,2025-12-19 15:48:25,859.98,918.97
O00799,C418,P25,1,25.99,2026-01-20 21:07:22,25.99,766.94
O00799,C418,P39,1,21.99,2026-01-20 21:07:22,21.99,766.94
O00799,C418,P23,3,205.99,2026-01-20 21:07:22,617.97,766.94
O00799,C418,P12,1,100.99,2026-01-20 21:07:22,100.99,766.94
O00800,C190,P49,1,77.99,2026-05-09 14:00:14,77.99,122.98
O00800,C190,P18,1,44.99,2026-05-09 14:00:14,44.99,122.98
O00801,C099,P15,1,18.99,2024-09-25 19:40:19,18.99,343.97
O00801,C099,P32,1,24.99,2024-09-25 19:40:19,24.99,343.97
O00801,C099,P24,1,299.99,2024-09-25 19:40:19,299.99,343.97
O00802,C311,P18,1,44.99,2024-12-15 06:52:40,44.99,44.99
O00803,C253,P44,1,143.99,2024-11-16 06:42:47,143.99,165.98
O00803,C253,P39,1,21.99,2024-11-16 06:42:47,21.99,165.98
O00804,C066,P15,1,18.99,2025-12-13 04:16:59,18.99,72.98
O00804,C066,P34,1,53.99,2025-12-13 04:16:59,53.99,72.98
O00805,C435,P44,2,143.99,2026-01-22 22:43:34,287.98,335.97
O00805,C435,P36,1,47.99,2026-01-22 22:43:34,47.99,335.97
O00806,C219,P28,1,198.99,2025-11-04 20:03:54,198.99,483.97
O00806,C219,P27,1,239.99,2025-11-04 20:03:54,239.99,483.97
O00806,C219,P18,1,44.99,2025-11-04 20:03:54,44.99,483.97
O00807,C265,P27,1,239.99,2025-12-18 23:14:03,239.99,239.99
O00808,C162,P02,3,226.99,2024-07-09 06:21:05,680.97,778.95
O00808,C162,P48,1,78.99,2024-07-09 00:51:05,78.99,778.95
O00808,C162,P15,1,18.99,2024-07-09 06:21:05,18.99,778.95
O00809,C128,P07,1,366.99,2024-11-24 10:19:04,366.99,593.98
O00809,C128,P02,1,226.99,2024-11-24 10:19:04,226.99,593.98
O00810,C304,P31,1,16.99,2026-03-05 10:53:16,16.99,16.99
O00811,C175,P05,1,429.99,2026-02-02 10:33:50,429.99,429.99
O00812,C318,P06,2,402.99,2025-08-04 03:40:28,805.98,1087.97
O00812,C318,P04,1,281.99,2025-08-04 03:40:28,281.99,1087.97
O00813,C456,P29,1,199.99,2026-04-19 02:50:08,199.99,199.99
O00814,C313,P04,1,281.99,2026-02-10 02:06:43,281.99,281.99
O00815,C196,P39,1,21.99,2025-04-06 19:48:26,21.99,21.99
O00816,C320,P40,1,10.99,2024-12-20 12:29:50,10.99,10.99
O00817,C174,P22,1,194.99,2025-11-08 21:50:01,194.99,194.99
O00818,C056,P13,1,114.99,2024-10-06 19:45:04,114.99,157.98
O00818,C056,P37,1,42.99,2024-10-06 19:45:04,42.99,157.98
O00819,C182,P09,1,34.99,2025-04-24 23:39:28,34.99,34.99
O00820,C031,P49,2,77.99,2024-10-29 18:27:32,155.98,497.95
O00820,C031,P23,1,205.99,2024-10-29 18:27:32,205.99,497.95
O00820,C031,P20,1,96.99,2024-10-29 18:27:32,96.99,497.95
O00820,C031,P38,1,38.99,2024-10-29 18:27:32,38.99,497.95
O00821,C176,P10,1,92.99,2024-12-29 00:33:37,92.99,374.98
O00821,C176,P04,1,281.99,2024-12-29 00:33:37,281.99,374.98
O00822,C287,P41,1,199.99,2026-02-27 13:22:12,199.99,939.96
O00822,C287,P13,1,114.99,2026-02-27 13:22:12,114.99,939.96
O00822,C287,P05,1,429.99,2026-02-27 13:22:12,429.99,939.96
O00822,C287,P22,1,194.99,2026-02-27 13:22:12,194.99,939.96
O00823,C355,P27,1,239.99,2025-08-03 18:36:21,239.99,434.98
O00823,C355,P22,1,194.99,2025-08-03 18:36:21,194.99,434.98
O00824,C405,P15,1,18.99,2026-06-02 15:14:58,18.99,18.99
O00825,C239,P22,1,194.99,2025-10-26 07:30:47,194.99,273.98
O00825,C239,P48,1,78.99,2025-10-26 07:30:47,78.99,273.98
O00826,C423,P36,1,47.99,2026-07-04 11:00:04,47.99,47.99
O00827,C149,P03,1,205.99,2025-05-11 20:37:58,205.99,432.98
O00827,C149,P02,1,226.99,2025-05-11 20:37:58,226.99,432.98
O00828,C113,P16,1,30.99,2026-03-23 23:11:21,30.99,361.96
O00828,C113,P12,1,100.99,2026-03-23 23:11:00,100.99,361.96
O00828,C113,P13,2,114.99,2026-03-23 23:11:21,229.98,361.96
O00829,C011,P08,2,100.99,2026-02-01 04:24:41,201.98,396.97
O00829,C011,P22,1,194.99,2026-02-01 04:24:41,194.99,396.97
O00830,C123,P40,1,10.99,2025-03-08 11:42:10,10.99,519.96
O00830,C123,P28,1,198.99,2025-03-08 11:42:10,198.99,519.96
O00830,C123,P46,2,154.99,2025-03-08 11:42:10,309.98,519.96
O00831,C407,P39,1,21.99,2026-01-10 17:24:44,21.99,21.99
O00832,C326,P35,1,57.99,2025-02-08 01:48:39,57.99,171.98
O00832,C326,P19,1,113.99,2025-02-08 01:48:39,113.99,171.98
O00833,C028,P38,1,38.99,2025-11-01 08:55:08,38.99,134.97
O00833,C028,P32,1,24.99,2025-11-01 08:55:08,24.99,134.97
O00833,C028,P14,1,70.99,2025-11-01 08:55:08,70.99,134.97
O00834,C315,P49,1,77.99,2024-10-14 16:24:48,77.99,452.97
O00834,C315,P33,1,74.99,2024-10-14 16:24:48,74.99,452.97
O00834,C315,P24,1,299.99,2024-10-14 16:24:48,299.99,452.97
O00835,C192,P38,1,38.99,2025-07-28 15:45:31,38.99,38.99
O00836,C472,P13,1,114.99,2026-04-11 20:02:13,114.99,114.99
O00837,C121,P11,2,91.99,2025-03-31 09:27:56,183.98,183.98
O00838,C192,P29,1,199.99,2024-12-15 02:08:48,199.99,199.99
O00839,C118,P29,1,199.99,2025-09-20 14:32:39,199.99,199.99
O00840,C210,P12,1,100.99,2025-03-06 15:20:17,100.99,100.99
O00841,C136,P33,1,74.99,2025-11-06 11:57:05,74.99,74.99
O00842,C330,P05,1,429.99,2024-10-17 08:59:14,429.99,429.99
O00843,C280,P48,1,78.99,2024-11-26 06:43:21,78.99,78.99
O00844,C350,P49,2,77.99,2026-04-07 06:45:38,155.98,447.95
O00844,C350,P46,1,154.99,2026-04-07 06:45:38,154.99,447.95
O00844,C350,P48,1,78.99,2026-04-07 06:45:38,78.99,447.95
O00844,C350,P35,1,57.99,2026-04-07 06:45:38,57.99,447.95
O00845,C401,P01,1,345.99,2026-07-05 12:52:37,345.99,396.96
O00845,C401,P31,3,16.99,2026-07-05 12:52:37,50.97,396.96
O00846,C488,P14,1,70.99,2025-11-17 12:14:14,70.99,87.98
O00846,C488,P31,1,16.99,2025-11-17 12:14:14,16.99,87.98
O00847,C283,P06,1,402.99,2025-12-17 23:52:29,402.99,402.99
O00848,C097,P36,1,47.99,2025-05-01 22:26:13,47.99,47.99
O00849,C072,P43,1,138.99,2025-09-14 04:19:47,138.99,138.99
O00850,C174,P50,1,191.99,2024-12-06 13:43:48,191.99,191.99
O00851,C154,P09,1,34.99,2025-01-26 00:36:50,34.99,34.99
O00852,C488,P39,2,21.99,2026-07-04 18:40:51,43.98,172.95
O00852,C488,P37,3,42.99,2026-07-04 18:40:51,128.97,172.95
O00853,C105,P07,1,366.99,2026-05-20 02:34:24,366.99,366.99
O00854,C493,P36,1,47.99,2025-12-25 09:05:10,47.99,47.99
O00855,C424,P25,1,25.99,2025-12-11 15:01:11,25.99,25.99
O00856,C120,P34,1,53.99,2024-12-29 16:04:29,53.99,53.99
O00857,C168,P09,1,34.99,2026-02-28 13:25:10,34.99,589.95
O00857,C168,P35,1,57.99,2026-02-28 13:25:10,57.99,589.95
O00857,C168,P27,2,239.99,2026-02-28 13:25:10,479.98,589.95
O00857,C168,P31,1,16.99,2026-02-28 13:25:10,16.99,589.95
O00858,C446,P11,1,91.99,2025-12-29 13:52:45,91.99,113.98
O00858,C446,P39,1,21.99,2025-12-29 13:52:45,21.99,113.98
O00859,C104,P10,1,92.99,2025-07-07 21:29:17,92.99,92.99
O00860,C423,P32,1,24.99,2026-03-29 07:33:21,24.99,304.97
O00860,C423,P30,1,236.99,2026-03-29 07:33:21,236.99,304.97
O00860,C423,P37,1,42.99,2026-03-29 07:33:21,42.99,304.97
O00861,C471,P26,1,87.99,2026-02-01 22:53:45,87.99,98.98
O00861,C471,P40,1,10.99,2026-02-01 22:53:45,10.99,98.98
O00862,C213,P43,1,138.99,2024-12-14 19:46:27,138.99,138.99
O00863,C292,P11,1,91.99,2024-09-29 22:02:15,91.99,336.97
O00863,C292,P18,1,44.99,2024-09-29 22:02:15,44.99,336.97
O00863,C292,P41,1,199.99,2024-09-29 22:02:15,199.99,336.97
O00864,C372,P49,1,77.99,2025-12-07 06:58:31,77.99,77.99
O00865,C189,P27,1,239.99,2024-09-13 03:32:49,239.99,439.98
O00865,C189,P29,1,199.99,2024-09-13 03:32:49,199.99,439.98
O00866,C023,P30,1,236.99,2025-05-31 02:40:44,236.99,262.98
O00866,C023,P25,1,25.99,2025-05-31 02:40:44,25.99,262.98
O00867,C100,P09,1,34.99,2025-04-01 00:16:07,34.99,231.98
O00867,C100,P21,1,196.99,2025-04-01 00:16:07,196.99,231.98
O00868,C237,P29,1,199.99,2024-09-05 17:42:15,199.99,234.98
O00868,C237,P09,1,34.99,2024-09-05 17:42:15,34.99,234.98
O00869,C083,P08,1,100.99,2024-11-16 00:38:06,100.99,100.99
O00870,C201,P10,1,92.99,2024-11-15 21:48:00,92.99,292.98
O00870,C201,P29,1,199.99,2024-11-15 21:48:00,199.99,292.98
O00871,C018,P41,1,199.99,2026-03-29 17:13:28,199.99,253.98
O00871,C018,P34,1,53.99,2026-03-29 17:13:28,53.99,253.98
O00872,C460,P01,1,345.99,2024-10-29 22:19:28,345.99,345.99
O00873,C194,P06,1,402.99,2025-12-21 07:23:58,402.99,402.99
O00874,C015,P05,2,429.99,2026-06-27 10:52:12,859.98,878.97
O00874,C015,P15,1,18.99,2026-06-27 10:52:12,18.99,878.97
O00875,C428,P33,1,74.99,2026-03-18 05:46:10,74.99,74.99
O00876,C168,P35,1,57.99,2025-01-24 20:12:39,57.99,57.99
O00877,C220,P01,1,345.99,2024-10-23 06:06:00,345.99,345.99
O00878,C162,P18,1,44.99,2024-07-15 06:29:14,44.99,44.99
O00879,C189,P32,1,24.99,2024-08-13 06:26:19,24.99,391.98
O00879,C189,P07,1,366.99,2024-08-13 06:26:19,366.99,391.98
O00880,C473,P41,1,199.99,2026-04-11 05:16:06,199.99,421.97
O00880,C473,P45,2,110.99,2026-04-11 05:16:06,221.98,421.97
O00881,C395,P45,3,110.99,2026-02-02 10:11:40,332.97,529.96
O00881,C395,P21,1,196.99,2026-02-02 10:11:40,196.99,529.96
O00882,C035,P33,1,74.99,2025-02-04 19:58:37,74.99,74.99
O00883,C120,P49,2,77.99,2025-07-08 22:00:14,155.98,155.98
O00884,C159,P04,1,281.99,2024-12-09 13:48:15,281.99,316.98
O00884,C159,P09,1,34.99,2024-12-09 13:48:15,34.99,316.98
O00885,C078,P39,2,21.99,2025-03-14 20:02:15,43.98,322.96
O00885,C078,P29,1,199.99,2025-03-14 20:02:15,199.99,322.96
O00885,C078,P48,1,78.99,2025-03-14 20:02:15,78.99,322.96
O00886,C403,P19,1,113.99,2026-02-21 16:50:26,113.99,191.98
O00886,C403,P49,1,77.99,2026-02-21 16:50:26,77.99,191.98
O00887,C170,P43,1,138.99,2025-02-11 06:34:03,138.99,457.96
O00887,C170,P16,1,30.99,2025-02-11 06:34:03,30.99,457.96
O00887,C170,P44,2,143.99,2025-02-11 06:34:03,287.98,457.96
O00888,C267,P32,1,24.99,2025-01-23 14:40:00,24.99,24.99
O00889,C099,P38,1,38.99,2024-08-21 04:13:08,38.99,38.99
O00890,C408,P30,1,236.99,2026-06-24 07:32:05,236.99,236.99
O00891,C370,P19,1,113.99,2025-06-19 13:11:38,113.99,113.99
O00892,C496,P24,1,299.99,2026-02-15 08:55:50,299.99,299.99
O00893,C086,P49,1,77.99,2025-06-08 13:32:39,77.99,170.98
O00893,C086,P10,1,92.99,2025-06-08 13:32:39,92.99,170.98
O00894,C011,P20,1,96.99,2025-12-19 13:54:05,96.99,118.98
O00894,C011,P39,1,21.99,2025-12-19 13:54:05,21.99,118.98
O00895,C090,P36,1,47.99,2024-12-17 14:19:29,47.99,47.99
O00896,C037,P13,1,114.99,2025-02-02 22:30:12,114.99,114.99
O00897,C442,P27,2,239.99,2026-01-13 23:23:31,479.98,479.98
O00898,C497,P38,1,38.99,2026-05-23 12:31:19,38.99,468.98
O00898,C497,P05,1,429.99,2026-05-23 12:31:19,429.99,468.98
O00899,C472,P17,2,22.99,2025-10-09 18:10:12,45.98,237.97
O00899,C472,P50,1,191.99,2025-10-09 18:10:12,191.99,237.97
O00900,C261,P42,2,58.99,2025-11-29 20:44:23,117.98,143.97
O00900,C261,P25,1,25.99,2025-11-29 20:44:23,25.99,143.97
O00901,C125,P45,1,110.99,2025-06-15 11:40:45,110.99,249.98
O00901,C125,P43,1,138.99,2025-06-15 11:40:45,138.99,249.98
O00902,C234,P43,1,138.99,2026-05-16 04:16:15,138.99,230.98
O00902,C234,P11,1,91.99,2026-05-16 04:16:15,91.99,230.98
O00903,C330,P06,2,402.99,2025-12-05 12:25:45,805.98,913.96
O00903,C330,P34,2,53.99,2025-12-05 12:25:45,107.98,913.96
O00904,C085,P35,2,57.99,2026-01-31 08:44:19,115.98,254.97
O00904,C085,P43,1,138.99,2026-01-31 08:44:19,138.99,254.97
O00905,C376,P37,1,42.99,2025-11-09 23:55:05,42.99,42.99
O00906,C177,P26,1,87.99,2026-01-17 08:47:13,87.99,295.97
O00906,C177,P45,1,110.99,2026-01-17 08:47:13,110.99,295.97
O00906,C177,P20,1,96.99,2026-01-17 08:47:13,96.99,295.97
O00907,C050,P19,1,113.99,2024-09-07 22:26:00,113.99,113.99
O00908,C088,P12,1,100.99,2024-11-17 05:45:08,100.99,100.99
O00909,C057,P12,1,100.99,2025-05-21 06:11:12,100.99,100.99
O00910,C099,P07,1,366.99,2024-12-18 13:28:40,366.99,658.97
O00910,C099,P41,1,199.99,2024-12-18 13:28:40,199.99,658.97
O00910,C099,P11,1,91.99,2024-12-18 13:28:40,91.99,658.97
O00911,C033,P49,1,77.99,2025-02-10 18:15:30,77.99,77.99
O00912,C032,P03,1,205.99,2024-12-21 00:42:37,205.99,572.98
O00912,C032,P07,1,366.99,2024-12-21 00:42:37,366.99,572.98
O00913,C193,P22,1,194.99,2025-10-07 08:59:31,194.99,194.99
O00914,C173,P24,1,299.99,2025-03-09 10:20:52,299.99,299.99
O00915,C194,P01,1,345.99,2025-10-14 11:55:21,345.99,804.96
O00915,C194,P30,1,236.99,2025-10-14 11:55:21,236.99,804.96
O00915,C194,P45,2,110.99,2025-10-14 11:55:21,221.98,804.96
O00917,C446,P41,2,199.99,2026-03-01 13:42:12,399.98,399.98
O00918,C417,P48,1,78.99,2026-01-16 20:23:55,78.99,78.99
O00919,C228,P06,1,402.99,2024-12-08 15:25:47,402.99,814.97
O00919,C228,P23,2,205.99,2024-12-08 15:25:47,411.98,814.97
O00920,C477,P47,1,41.99,2025-12-25 21:54:44,41.99,295.96
O00920,C477,P25,1,25.99,2025-12-25 21:54:44,25.99,295.96
O00920,C477,P19,2,113.99,2025-12-25 21:54:44,227.98,295.96
O00921,C449,P06,1,402.99,2025-10-16 22:32:02,402.99,402.99
O00923,C277,P45,1,110.99,2024-12-11 06:10:48,110.99,880.97
O00923,C277,P06,1,402.99,2024-12-11 06:10:48,402.99,880.97
O00923,C277,P07,1,366.99,2024-12-11 06:10:48,366.99,880.97
O00924,C476,P17,1,22.99,2025-04-11 12:49:17,22.99,22.99
O00925,C488,P41,1,199.99,2026-05-31 03:42:08,199.99,291.96
O00925,C488,P47,1,41.99,2026-05-31 03:42:08,41.99,291.96
O00925,C488,P32,2,24.99,2026-05-31 03:42:08,49.98,291.96
O00926,C478,P46,1,154.99,2025-12-05 19:04:41,154.99,154.99
O00927,C372,P28,1,198.99,2025-04-03 20:50:35,198.99,341.96
O00927,C372,P15,1,18.99,2025-04-03 20:50:35,18.99,341.96
O00927,C372,P17,1,22.99,2025-04-03 20:50:35,22.99,341.96
O00927,C372,P08,1,100.99,2025-04-03 20:50:35,100.99,341.96
O00928,C097,P21,2,196.99,2025-12-13 03:36:23,393.98,393.98
O00929,C296,P25,1,25.99,2025-12-10 09:03:37,25.99,224.98
O00929,C296,P28,1,198.99,2025-12-10 09:03:37,198.99,224.98
O00930,C348,P15,1,18.99,2026-06-29 04:33:42,18.99,385.98
O00930,C348,P07,1,366.99,2026-06-29 04:33:42,366.99,385.98
O00931,C236,P30,1,236.99,2025-01-18 09:53:14,236.99,236.99
O00932,C146,P03,1,205.99,2024-11-06 21:54:51,205.99,468.95
O00932,C146,P39,3,21.99,2024-11-06 21:54:51,65.97,468.95
O00932,C146,P21,1,196.99,2024-11-06 21:54:51,196.99,468.95
O00933,C435,P19,1,113.99,2026-02-06 15:40:53,113.99,113.99
O00934,C193,P47,1,41.99,2024-08-27 10:09:52,41.99,60.98
O00934,C193,P15,1,18.99,2024-08-27 10:09:52,18.99,60.98
O00935,C444,P43,2,138.99,2026-04-14 15:46:25,277.98,277.98
O00936,C082,P31,3,16.99,2026-06-28 17:25:21,50.97,50.97
O00937,C388,P45,2,110.99,2026-04-13 02:33:46,221.98,221.98
O00938,C359,P38,2,38.99,2026-04-18 12:06:08,77.98,77.98
O00939,C028,P37,1,42.99,2026-02-19 22:19:29,42.99,77.98
O00939,C028,P09,1,34.99,2026-02-19 22:19:29,34.99,77.98
O00940,C460,P42,1,58.99,2024-11-15 06:51:47,58.99,58.99
O00941,C372,P10,1,92.99,2026-02-28 03:43:50,92.99,775.93
O00941,C372,P25,2,25.99,2026-02-28 03:43:50,51.98,775.93
O00941,C372,P28,1,198.99,2026-02-28 03:43:50,198.99,775.93
O00941,C372,P44,3,143.99,2026-02-28 03:43:50,431.97,775.93
O00942,C092,P28,2,198.99,2026-05-17 03:32:41,397.98,397.98
O00943,C322,P32,1,24.99,2026-05-21 07:02:07,24.99,24.99
O00944,C306,P43,1,138.99,2026-06-08 20:47:24,138.99,944.97
O00944,C306,P06,2,402.99,2026-06-08 20:47:24,805.98,944.97
O00945,C333,P08,1,100.99,2026-03-25 20:41:28,100.99,100.99
O00946,C063,P38,1,38.99,2025-06-25 21:58:32,38.99,38.99
O00947,C294,P12,1,100.99,2025-06-16 22:47:06,100.99,126.98
O00947,C294,P25,1,25.99,2025-06-16 22:47:06,25.99,126.98
O00948,C223,P35,1,57.99,2025-01-02 04:06:20,57.99,57.99
O00949,C417,P34,1,53.99,2026-04-21 12:35:52,53.99,78.98
O00949,C417,P32,1,24.99,2026-04-21 12:35:00,24.99,78.98
O00950,C276,P43,1,138.99,2025-12-01 20:07:48,138.99,239.98
O00950,C276,P08,1,100.99,2025-12-01 20:07:48,100.99,239.98
O00951,C093,P09,1,34.99,2024-07-09 14:51:20,34.99,34.99
O00952,C335,P06,1,402.99,2025-11-08 17:16:54,402.99,503.98
O00952,C335,P08,1,100.99,2025-11-08 17:16:54,100.99,503.98
O00953,C279,P34,2,53.99,2024-11-16 21:00:15,107.98,107.98
O00954,C151,P21,1,196.99,2025-11-11 14:08:36,196.99,196.99
O00955,C181,P03,1,205.99,2025-10-11 16:13:44,205.99,205.99
O00956,C097,P38,1,38.99,2024-11-04 06:08:38,38.99,244.98
O00956,C097,P23,1,205.99,2024-11-04 06:08:38,205.99,244.98
O00957,C217,P11,1,91.99,2024-09-10 08:16:24,91.99,267.97
O00957,C217,P26,2,87.99,2024-09-10 08:16:00,175.98,267.97
O00958,C347,P41,1,199.99,2025-12-13 22:09:34,199.99,199.99
O00959,C325,P42,1,58.99,2025-11-26 06:45:23,58.99,133.98
O00959,C325,P33,1,74.99,2025-11-26 06:45:23,74.99,133.98
O00960,C079,P16,1,30.99,2025-01-18 13:24:01,30.99,606.96
O00960,C079,P05,1,429.99,2025-01-18 13:24:01,429.99,606.96
O00960,C079,P18,1,44.99,2025-01-18 13:24:01,44.99,606.96
O00960,C079,P08,1,100.99,2025-01-18 13:24:01,100.99,606.96
O00961,C046,P15,1,18.99,2025-03-01 10:49:17,18.99,18.99
O00962,C051,P08,1,100.99,2025-03-15 07:24:06,100.99,302.97
O00962,C051,P12,2,100.99,2025-03-15 07:24:06,201.98,302.97
O00963,C302,P37,2,42.99,2026-04-01 15:06:33,85.98,85.98
O00964,C283,P49,1,77.99,2024-12-22 03:57:03,77.99,77.99
O00965,C177,P26,1,87.99,2026-01-10 21:50:00,87.99,104.98
O00965,C177,P31,1,16.99,2026-01-10 21:50:34,16.99,104.98
O00966,C352,P37,1,42.99,2025-11-11 04:42:08,42.99,42.99
O00967,C028,P44,1,143.99,2026-04-22 20:23:45,143.99,165.98
O00967,C028,P39,1,21.99,2026-04-22 20:23:45,21.99,165.98
O00968,C225,P28,1,198.99,2026-06-23 14:32:18,198.99,198.99
O00969,C368,P20,1,96.99,2026-05-11 07:19:40,96.99,528.97
O00969,C368,P27,1,239.99,2026-05-11 07:19:40,239.99,528.97
O00969,C368,P50,1,191.99,2026-05-11 07:19:40,191.99,528.97
O00970,C374,P48,1,78.99,2025-11-09 02:10:36,78.99,78.99
O00971,C476,P47,1,41.99,2025-08-23 00:27:43,41.99,76.98
O00971,C476,P09,1,34.99,2025-08-23 00:27:43,34.99,76.98
O00972,C347,P13,2,114.99,2026-05-22 22:07:25,229.98,229.98
O00973,C382,P16,1,30.99,2026-01-06 13:44:34,30.99,188.97
O00973,C382,P48,2,78.99,2026-01-06 13:44:34,157.98,188.97
O00974,C451,P11,2,91.99,2026-06-23 21:38:02,183.98,327.97
O00974,C451,P44,1,143.99,2026-06-23 21:38:02,143.99,327.97
O00975,C463,P23,2,205.99,2025-12-03 02:23:53,411.98,411.98
O00976,C217,P44,1,143.99,2025-07-01 05:23:07,143.99,143.99
O00977,C277,P17,1,22.99,2026-02-20 03:18:19,22.99,22.99
O00978,C378,P42,1,58.99,2025-12-27 12:13:59,58.99,58.99
O00980,C003,P07,1,366.99,2025-02-17 17:41:25,366.99,366.99
O00981,C102,P32,1,24.99,2024-09-20 16:57:09,24.99,24.99
O00982,C394,P24,1,299.99,2026-01-25 07:30:25,299.99,299.99
O00983,C094,P29,1,199.99,2025-08-08 08:06:28,199.99,291.98
O00983,C094,P11,1,91.99,2025-08-08 08:06:28,91.99,291.98
O00984,C003,P03,1,205.99,2025-02-26 22:12:07,205.99,205.99
O00985,C216,P31,2,16.99,2025-12-13 01:10:42,33.98,33.98
O00986,C137,P46,1,154.99,2024-10-21 15:35:31,154.99,189.98
O00986,C137,P09,1,34.99,2024-10-21 15:35:31,34.99,189.98
O00987,C452,P25,2,25.99,2026-05-09 23:59:47,51.98,187.96
O00987,C452,P09,1,34.99,2026-05-09 23:59:47,34.99,187.96
O00987,C452,P08,1,100.99,2026-05-09 23:59:47,100.99,187.96
O00988,C177,P22,3,194.99,2025-07-05 21:15:03,584.97,783.96
O00988,C177,P28,1,198.99,2025-07-05 21:15:03,198.99,783.96
O00989,C223,P16,1,30.99,2025-06-17 09:31:05,30.99,41.98
O00989,C223,P40,1,10.99,2025-06-17 09:31:05,10.99,41.98
O00990,C128,P16,1,30.99,2024-12-26 03:55:16,30.99,483.96
O00990,C128,P43,1,138.99,2024-12-26 03:55:16,138.99,483.96
O00990,C128,P28,1,198.99,2024-12-26 03:55:16,198.99,483.96
O00990,C128,P13,1,114.99,2024-12-26 03:55:16,114.99,483.96
O00991,C313,P08,1,100.99,2025-11-08 18:40:40,100.99,100.99
O00992,C020,P40,1,10.99,2024-12-22 06:59:09,10.99,10.99
O00993,C443,P15,1,18.99,2025-10-19 13:33:19,18.99,213.98
O00993,C443,P22,1,194.99,2025-10-19 13:33:19,194.99,213.98
O00994,C219,P23,1,205.99,2025-11-06 09:07:17,205.99,205.99
O00995,C127,P43,1,138.99,2025-01-21 01:11:02,138.99,138.99
O00996,C109,P12,1,100.99,2024-12-28 08:58:38,100.99,100.99
O00997,C252,P44,1,143.99,2025-03-02 09:07:06,143.99,191.98
O00997,C252,P36,1,47.99,2025-03-02 09:07:06,47.99,191.98
O00998,C185,P39,1,21.99,2025-12-12 11:47:49,21.99,321.98
O00998,C185,P24,1,299.99,2025-12-12 11:47:49,299.99,321.98
O00999,C300,P08,1,100.99,2025-03-21 03:08:40,100.99,512.97
O00999,C300,P03,2,205.99,2025-03-21 03:08:40,411.98,512.97
O01000,C336,P05,1,429.99,2026-02-15 06:45:28,429.99,520.95
O01000,C336,P35,1,57.99,2026-02-15 06:45:28,57.99,520.95
O01000,C336,P40,3,10.99,2026-02-15 06:45:28,32.97,520.95
O01001,C104,P36,1,47.99,2025-08-05 04:02:08,47.99,47.99
O01002,C457,P41,1,199.99,2026-04-24 17:22:57,199.99,199.99
O01004,C024,P26,1,87.99,2026-05-26 01:50:44,87.99,87.99
O01005,C273,P25,1,25.99,2026-03-09 02:10:28,25.99,73.98
O01005,C273,P36,1,47.99,2026-03-09 02:10:28,47.99,73.98
O01006,C140,P45,1,110.99,2024-11-29 00:10:36,110.99,110.99
O01007,C476,P17,2,22.99,2026-01-18 14:32:45,45.98,142.97
O01007,C476,P20,1,96.99,2026-01-18 14:32:45,96.99,142.97
O01008,C138,P19,1,113.99,2025-08-22 05:14:02,113.99,525.97
O01008,C138,P03,2,205.99,2025-08-22 05:14:02,411.98,525.97
O01009,C143,P16,3,30.99,2026-05-01 08:55:50,92.97,92.97
O01010,C108,P24,1,299.99,2025-08-06 00:41:22,299.99,496.98
O01010,C108,P21,1,196.99,2025-08-06 00:41:22,196.99,496.98
O01011,C282,P21,1,196.99,2024-12-20 04:26:57,196.99,478.98
O01011,C282,P04,1,281.99,2024-12-20 04:26:57,281.99,478.98
O01012,C183,P35,1,57.99,2024-12-03 08:11:16,57.99,427.96
O01012,C183,P43,1,138.99,2024-12-03 08:11:16,138.99,427.96
O01012,C183,P50,1,191.99,2024-12-03 08:11:16,191.99,427.96
O01012,C183,P38,1,38.99,2024-12-03 08:11:16,38.99,427.96
O01013,C446,P15,1,18.99,2026-04-07 19:35:13,18.99,305.96
O01013,C446,P21,1,196.99,2026-04-07 19:35:13,196.99,305.96
O01013,C446,P18,2,44.99,2026-04-07 19:35:13,89.98,305.96
O01014,C203,P10,2,92.99,2024-11-10 07:46:46,185.98,185.98
O01015,C048,P13,2,114.99,2025-07-01 14:11:52,229.98,297.96
O01015,C048,P37,1,42.99,2025-07-01 14:11:52,42.99,297.96
O01015,C048,P32,1,24.99,2025-07-01 14:11:52,24.99,297.96
O01016,C159,P13,1,114.99,2024-11-12 05:52:25,114.99,544.98
O01016,C159,P05,1,429.99,2024-11-12 05:52:25,429.99,544.98
O01017,C233,P47,1,41.99,2026-04-13 12:06:46,41.99,119.98
O01017,C233,P49,1,77.99,2026-04-13 12:06:46,77.99,119.98
O01018,C194,P42,1,58.99,2025-03-21 03:52:00,58.99,264.98
O01018,C194,P03,1,205.99,2025-03-21 03:52:00,205.99,264.98
O01019,C138,P01,1,345.99,2024-11-05 20:38:00,345.99,712.98
O01019,C138,P07,1,366.99,2024-11-05 20:38:00,366.99,712.98
O01020,C437,P29,1,199.99,2026-01-09 06:08:30,199.99,291.98
O01020,C437,P11,1,91.99,2026-01-09 06:08:30,91.99,291.98
O01021,C125,P02,1,226.99,2024-08-24 22:17:40,226.99,432.98
O01021,C125,P03,1,205.99,2024-08-24 22:17:40,205.99,432.98
O01022,C262,P02,1,226.99,2026-03-24 13:09:00,226.99,444.97
O01022,C262,P15,1,18.99,2026-03-24 13:09:00,18.99,444.97
O01022,C262,P28,1,198.99,2026-03-24 13:09:00,198.99,444.97
O01023,C472,P08,1,100.99,2026-05-17 12:43:56,100.99,125.98
O01023,C472,P32,1,24.99,2026-05-17 12:43:56,24.99,125.98
O01024,C053,P08,2,100.99,2026-05-27 09:22:04,201.98,801.96
O01024,C053,P24,2,299.99,2026-05-27 09:22:04,599.98,801.96
O01025,C459,P39,1,21.99,2024-12-14 04:11:27,21.99,122.98
O01025,C459,P12,1,100.99,2024-12-14 04:11:27,100.99,122.98
O01026,C342,P07,1,366.99,2025-12-30 19:52:18,366.99,366.99
O01027,C256,P05,2,429.99,2025-11-12 08:51:58,859.98,1897.95
O01027,C256,P01,3,345.99,2025-11-12 08:51:58,1037.97,1897.95
O01028,C399,P31,1,16.99,2025-11-26 10:09:24,16.99,16.99
O01029,C058,P09,1,34.99,2025-09-14 23:17:09,34.99,34.99
O01030,C198,P27,1,239.99,2025-02-20 15:27:00,239.99,261.98
O01030,C198,P39,1,21.99,2025-02-20 15:27:30,21.99,261.98
O01031,C411,P35,1,57.99,2026-06-14 07:24:26,57.99,82.98
O01031,C411,P32,1,24.99,2026-06-14 07:24:26,24.99,82.98
O01032,C197,P45,1,110.99,2024-09-19 22:26:33,110.99,189.98
O01032,C197,P48,1,78.99,2024-09-19 22:26:33,78.99,189.98
O01033,C186,P09,2,34.99,2024-07-07 00:23:35,69.98,69.98
O01034,C031,P09,1,34.99,2026-04-16 11:54:54,34.99,973.94
O01034,C031,P19,2,113.99,2026-04-16 11:54:54,227.98,973.94
O01034,C031,P30,3,236.99,2026-04-16 11:54:54,710.97,973.94
O01035,C468,P09,1,34.99,2026-04-14 06:52:14,34.99,34.99
O01036,C357,P28,1,198.99,2026-03-08 12:46:01,198.99,498.98
O01036,C357,P24,1,299.99,2026-03-08 12:46:01,299.99,498.98
O01037,C298,P24,1,299.99,2024-09-10 19:55:10,299.99,299.99
O01038,C126,P49,1,77.99,2024-09-13 18:53:52,77.99,77.99
O01039,C381,P47,1,41.99,2025-10-15 16:44:19,41.99,41.99
O01040,C401,P42,1,58.99,2026-05-17 00:18:07,58.99,58.99
O01041,C385,P44,1,143.99,2024-12-25 05:00:25,143.99,428.97
O01041,C385,P30,1,236.99,2024-12-25 05:00:25,236.99,428.97
O01041,C385,P36,1,47.99,2024-12-25 05:00:25,47.99,428.97
O01042,C157,P06,1,402.99,2025-11-30 13:59:10,402.99,402.99
O01043,C487,P26,1,87.99,2024-12-26 06:25:39,87.99,87.99
O01044,C382,P30,1,236.99,2026-07-02 19:53:04,236.99,450.97
O01044,C382,P31,1,16.99,2026-07-02 19:53:04,16.99,450.97
O01044,C382,P21,1,196.99,2026-07-02 19:53:04,196.99,450.97
O01045,C028,P07,1,366.99,2026-01-07 20:27:12,366.99,366.99
O01046,C309,P35,1,57.99,2026-05-02 10:01:15,57.99,57.99
O01047,C109,P03,1,205.99,2025-10-02 09:12:35,205.99,205.99
O01048,C044,P31,1,16.99,2026-06-14 18:02:36,16.99,1265.94
O01048,C044,P03,1,205.99,2026-06-14 18:02:36,205.99,1265.94
O01048,C044,P04,3,281.99,2026-06-14 18:02:36,845.97,1265.94
O01048,C044,P21,1,196.99,2026-06-14 18:02:36,196.99,1265.94
O01049,C491,P23,3,205.99,2026-04-23 06:20:48,617.97,617.97
O01050,C360,P07,1,366.99,2025-12-17 10:26:57,366.99,441.98
O01050,C360,P33,1,74.99,2025-12-17 10:26:57,74.99,441.98
O01051,C301,P19,1,113.99,2026-03-16 15:37:55,113.99,298.97
O01051,C301,P11,1,91.99,2026-03-16 15:37:55,91.99,298.97
O01051,C301,P10,1,92.99,2026-03-16 15:37:55,92.99,298.97
O01052,C488,P50,1,191.99,2026-03-29 06:51:43,191.99,501.97
O01052,C488,P46,2,154.99,2026-03-29 06:51:43,309.98,501.97
O01053,C265,P22,1,194.99,2026-06-28 19:41:33,194.99,464.96
O01053,C265,P29,1,199.99,2026-06-28 19:41:33,199.99,464.96
O01053,C265,P09,2,34.99,2026-06-28 19:41:33,69.98,464.96
O01054,C221,P14,3,70.99,2024-08-10 22:49:43,212.97,212.97
O01055,C311,P07,2,366.99,2024-10-30 04:36:40,733.98,1457.94
O01055,C311,P01,1,345.99,2024-10-30 04:36:40,345.99,1457.94
O01055,C311,P10,2,92.99,2024-10-30 04:36:40,185.98,1457.94
O01055,C311,P50,1,191.99,2024-10-30 04:36:40,191.99,1457.94
O01056,C045,P11,1,91.99,2025-07-05 14:20:10,91.99,566.97
O01056,C045,P05,1,429.99,2025-07-05 14:20:10,429.99,566.97
O01056,C045,P18,1,44.99,2025-07-05 14:20:10,44.99,566.97
O01057,C364,P29,2,199.99,2026-04-19 08:30:16,399.98,517.96
O01057,C364,P42,2,58.99,2026-04-19 08:30:16,117.98,517.96
O01058,C498,P27,2,239.99,2026-01-28 01:23:54,479.98,479.98
O01059,C470,P21,1,196.99,2026-02-18 14:23:32,196.99,899.97
O01059,C470,P24,1,299.99,2026-02-18 14:23:32,299.99,899.97
O01059,C470,P06,1,402.99,2026-02-18 14:23:32,402.99,899.97
O01060,C449,P16,1,30.99,2026-06-28 01:39:41,30.99,30.99
O01061,C288,P26,2,87.99,2024-07-12 03:18:24,175.98,175.98
O01062,C115,P30,1,236.99,2025-03-24 14:42:05,236.99,236.99
O01063,C461,P26,1,87.99,2026-01-29 03:05:11,87.99,279.98
O01063,C461,P50,1,191.99,2026-01-29 03:05:11,191.99,279.98
O01064,C034,P31,1,16.99,2025-01-19 19:31:13,16.99,117.98
O01064,C034,P08,1,100.99,2025-01-19 19:31:13,100.99,117.98
O01065,C080,P03,3,205.99,2026-05-20 04:40:13,617.97,617.97
O01066,C397,P14,1,70.99,2026-04-28 11:50:27,70.99,657.96
O01066,C397,P04,1,281.99,2026-04-28 11:50:27,281.99,657.96
O01066,C397,P02,1,226.99,2026-04-28 11:50:27,226.99,657.96
O01066,C397,P49,1,77.99,2026-04-28 11:50:27,77.99,657.96
O01067,C036,P27,1,239.99,2024-12-22 02:19:55,239.99,347.97
O01067,C036,P34,2,53.99,2024-12-22 02:19:55,107.98,347.97
O01068,C095,P49,1,77.99,2026-02-01 02:57:57,77.99,77.99
O01069,C102,P11,1,91.99,2025-02-17 13:30:30,91.99,313.97
O01069,C102,P45,2,110.99,2025-02-17 13:30:30,221.98,313.97
O01070,C293,P13,1,114.99,2025-03-25 00:35:50,114.99,586.97
O01070,C293,P05,1,429.99,2025-03-25 00:35:50,429.99,586.97
O01070,C293,P47,1,41.99,2025-03-25 00:35:50,41.99,586.97
O01071,C422,P01,2,345.99,2026-04-06 23:52:47,691.98,877.96
O01071,C422,P10,2,92.99,2026-06-04 23:52:47,185.98,877.96
O01072,C256,P34,1,53.99,2026-03-04 03:50:43,53.99,53.99
O01073,C231,P38,1,38.99,2026-05-16 04:40:28,38.99,405.98
O01073,C231,P07,1,366.99,2026-05-16 04:40:28,366.99,405.98
O01074,C097,P14,1,70.99,2025-04-23 17:49:10,70.99,276.98
O01074,C097,P23,1,205.99,2025-04-23 17:49:10,205.99,276.98
O01075,C348,P20,2,96.99,2026-05-26 00:23:52,193.98,193.98
O01076,C258,P30,1,236.99,2026-01-21 03:44:31,236.99,476.98
O01076,C258,P27,1,239.99,2026-01-21 03:44:31,239.99,476.98
O01077,C278,P28,1,198.99,2025-04-28 10:07:59,198.99,198.99
O01078,C284,P43,1,138.99,2025-09-30 17:27:24,138.99,138.99
O01079,C224,P07,1,366.99,2025-11-02 22:39:59,366.99,1231.96
O01079,C224,P06,2,402.99,2025-11-02 22:39:59,805.98,1231.96
O01079,C224,P42,1,58.99,2025-11-02 22:39:59,58.99,1231.96
O01080,C384,P38,1,38.99,2025-12-18 17:06:40,38.99,38.99
O01081,C342,P36,1,47.99,2025-07-31 13:13:14,47.99,99.97
O01081,C342,P25,2,25.99,2025-07-31 13:13:14,51.98,99.97
O01082,C487,P46,1,154.99,2024-12-26 14:26:58,154.99,321.97
O01082,C487,P48,1,78.99,2024-12-26 14:26:58,78.99,321.97
O01082,C487,P26,1,87.99,2024-12-26 14:26:58,87.99,321.97
O01083,C146,P27,1,239.99,2024-12-21 21:16:19,239.99,558.96
O01083,C146,P44,2,143.99,2024-12-21 21:16:19,287.98,558.96
O01083,C146,P16,1,30.99,2024-12-21 21:16:19,30.99,558.96
O01085,C293,P42,1,58.99,2026-06-29 07:35:25,58.99,58.99
O01086,C027,P25,1,25.99,2026-01-05 18:27:08,25.99,168.97
O01086,C027,P47,1,41.99,2026-01-05 18:27:08,41.99,168.97
O01086,C027,P12,1,100.99,2026-01-05 18:27:08,100.99,168.97
O01087,C119,P26,1,87.99,2024-10-04 04:32:07,87.99,165.98
O01087,C119,P49,1,77.99,2024-10-04 04:32:07,77.99,165.98
O01088,C284,P28,1,198.99,2024-11-10 10:13:05,198.99,198.99
O01089,C395,P06,1,402.99,2025-12-24 00:39:45,402.99,445.98
O01089,C395,P37,1,42.99,2025-12-24 00:39:45,42.99,445.98
O01090,C067,P16,1,30.99,2026-06-21 20:40:49,30.99,30.99
O01091,C114,P25,1,25.99,2024-12-31 17:53:15,25.99,217.98
O01091,C114,P50,1,191.99,2024-12-31 17:53:15,191.99,217.98
O01092,C043,P07,1,366.99,2026-05-08 20:01:40,366.99,726.96
O01092,C043,P08,1,100.99,2026-05-08 20:01:40,100.99,726.96
O01092,C043,P30,1,236.99,2026-05-08 20:01:40,236.99,726.96
O01092,C043,P39,1,21.99,2026-05-08 20:01:40,21.99,726.96
O01093,C040,P07,1,366.99,2025-06-29 11:58:53,366.99,366.99
O01094,C012,P27,1,239.99,2025-04-17 15:40:04,239.99,239.99
O01095,C161,P01,2,345.99,2025-11-02 14:51:10,691.98,691.98
O01096,C338,P22,3,194.99,2025-12-18 19:54:02,584.97,584.97
O01097,C248,P48,1,78.99,2026-07-01 19:34:00,78.99,78.99
O01098,C063,P49,1,77.99,2024-11-23 00:34:01,77.99,170.98
O01098,C063,P10,1,92.99,2024-11-23 00:34:01,92.99,170.98
O01099,C461,P45,2,110.99,2024-12-17 10:08:14,221.98,221.98
O01100,C138,P42,1,58.99,2024-12-22 06:05:22,58.99,172.98
O01100,C138,P19,1,113.99,2024-12-22 06:05:22,113.99,172.98
O01101,C224,P13,1,114.99,2025-07-17 07:29:12,114.99,114.99
O01102,C455,P38,1,38.99,2026-01-22 12:06:37,38.99,135.98
O01102,C455,P20,1,96.99,2026-01-22 12:06:37,96.99,135.98
O01103,C370,P21,1,196.99,2025-11-15 14:27:38,196.99,207.98
O01103,C370,P40,1,10.99,2025-11-15 14:27:38,10.99,207.98
O01104,C103,P29,2,199.99,2025-09-05 11:57:40,399.98,697.96
O01104,C103,P11,1,91.99,2025-09-05 11:57:40,91.99,697.96
O01104,C103,P03,1,205.99,2025-09-05 11:57:40,205.99,697.96
O01105,C310,P08,1,100.99,2026-03-29 20:33:22,100.99,100.99
O01106,C166,P43,1,138.99,2025-05-02 05:22:15,138.99,138.99
O01107,C075,P46,1,154.99,2025-12-26 03:00:20,154.99,349.98
O01107,C075,P22,1,194.99,2025-12-26 03:00:20,194.99,349.98
O01108,C165,P14,1,70.99,2026-04-04 17:04:24,70.99,70.99
O01109,C053,P43,2,138.99,2025-08-30 22:38:56,277.98,750.96
O01109,C053,P05,1,429.99,2025-08-30 22:38:56,429.99,750.96
O01109,C053,P37,1,42.99,2025-08-30 22:38:56,42.99,750.96
O01110,C163,P32,1,24.99,2026-01-17 06:12:03,24.99,275.97
O01110,C163,P03,1,205.99,2026-01-17 06:12:03,205.99,275.97
O01110,C163,P18,1,44.99,2026-01-17 06:12:03,44.99,275.97
O01111,C168,P42,1,58.99,2025-09-27 07:36:01,58.99,58.99
O01112,C295,P26,2,87.99,2026-06-25 14:18:08,175.98,439.96
O01112,C295,P03,1,205.99,2026-06-25 14:18:08,205.99,439.96
O01112,C295,P35,1,57.99,2026-06-25 14:18:08,57.99,439.96
O01113,C036,P49,1,77.99,2025-06-08 13:46:19,77.99,77.99
O01114,C041,P20,1,96.99,2025-08-26 10:31:39,96.99,96.99
O01115,C233,P40,1,10.99,2025-06-29 20:58:07,10.99,604.97
O01115,C233,P07,1,366.99,2025-06-29 20:58:07,366.99,604.97
O01115,C233,P02,1,226.99,2025-06-29 20:58:07,226.99,604.97
O01116,C166,P13,1,114.99,2026-03-01 23:27:14,114.99,114.99
O01117,C416,P04,2,281.99,2025-11-06 17:00:59,563.98,586.97
O01117,C416,P17,1,22.99,2025-11-06 17:00:59,22.99,586.97
O01118,C025,P25,1,25.99,2026-05-18 02:16:21,25.99,115.97
O01118,C025,P18,2,44.99,2026-05-18 02:16:21,89.98,115.97
O01119,C299,P38,2,38.99,2025-05-31 04:20:55,77.98,77.98
O01120,C495,P34,1,53.99,2026-06-09 20:28:42,53.99,53.99
O01121,C245,P15,1,18.99,2025-11-12 08:20:49,18.99,421.98
O01121,C245,P06,1,402.99,2025-11-12 08:20:49,402.99,421.98
O01122,C043,P14,1,70.99,2025-02-21 07:42:41,70.99,403.96
O01122,C043,P45,3,110.99,2025-02-21 07:42:41,332.97,403.96
O01123,C031,P13,1,114.99,2024-11-30 21:13:29,114.99,506.97
O01123,C031,P32,1,24.99,2024-11-30 21:13:29,24.99,506.97
O01123,C031,P07,1,366.99,2024-11-30 21:13:29,366.99,506.97
O01124,C264,P33,2,74.99,2026-02-27 09:45:29,149.98,516.97
O01124,C264,P07,1,366.99,2026-02-27 09:45:29,366.99,516.97
O01125,C187,P50,1,191.99,2025-03-22 14:55:39,191.99,279.98
O01125,C187,P26,1,87.99,2025-03-22 14:55:39,87.99,279.98
O01126,C085,P07,1,366.99,2025-11-22 18:41:06,366.99,366.99
O01127,C124,P43,1,138.99,2024-07-20 14:11:17,138.99,138.99
O01128,C181,P10,1,92.99,2024-12-20 17:05:22,92.99,92.99
O01129,C221,P04,1,281.99,2025-07-12 01:28:17,281.99,281.99
O01130,C375,P39,1,21.99,2026-05-31 06:18:12,21.99,21.99
O01131,C312,P16,2,30.99,2025-08-16 13:06:43,61.98,61.98
O01132,C113,P35,1,57.99,2024-10-18 01:36:17,57.99,57.99
O01133,C116,P07,1,366.99,2026-03-21 22:45:25,366.99,366.99
O01134,C422,P14,1,70.99,2026-05-04 08:31:13,70.99,70.99
O01135,C148,P33,2,74.99,2025-11-29 09:46:00,149.98,149.98
O01136,C319,P11,1,91.99,2025-11-20 09:54:58,91.99,288.98
O01136,C319,P21,1,196.99,2025-11-20 09:54:58,196.99,288.98
O01137,C171,P22,1,194.99,2026-04-05 04:00:42,194.99,194.99
O01138,C499,P01,1,345.99,2025-05-17 02:10:00,345.99,367.98
O01138,C499,P39,1,21.99,2025-05-17 02:10:43,21.99,367.98
O01139,C001,P02,1,226.99,2025-06-24 07:30:07,226.99,226.99
O01140,C149,P50,1,191.99,2026-02-05 16:32:10,191.99,558.98
O01140,C149,P07,1,366.99,2026-02-05 16:32:10,366.99,558.98
O01141,C172,P32,1,24.99,2025-05-23 23:22:34,24.99,24.99
O01142,C235,P34,1,53.99,2024-07-17 11:19:45,53.99,53.99
O01143,C439,P34,1,53.99,2026-06-17 19:30:07,53.99,53.99
O01144,C011,P10,1,92.99,2024-11-07 13:54:14,92.99,298.98
O01144,C011,P23,1,205.99,2024-11-07 13:54:14,205.99,298.98
O01145,C380,P13,1,114.99,2026-04-22 13:23:13,114.99,166.97
O01145,C380,P25,2,25.99,2026-04-22 13:23:13,51.98,166.97
O01146,C450,P34,1,53.99,2025-12-27 17:57:58,53.99,53.99
O01148,C022,P28,1,198.99,2025-09-16 22:21:53,198.99,435.98
O01148,C022,P30,1,236.99,2025-09-16 22:21:53,236.99,435.98
O01149,C178,P30,1,236.99,2024-12-28 00:31:59,236.99,524.97
O01149,C178,P44,2,143.99,2024-12-28 00:31:59,287.98,524.97
O01150,C320,P19,1,113.99,2025-11-16 05:19:31,113.99,113.99
O01151,C021,P01,1,345.99,2024-12-02 18:07:03,345.99,345.99
O01152,C339,P19,1,113.99,2026-04-22 01:16:08,113.99,113.99
O01153,C258,P10,1,92.99,2025-11-14 17:09:05,92.99,134.98
O01153,C258,P47,1,41.99,2025-11-14 17:09:05,41.99,134.98
O01154,C042,P44,1,143.99,2024-12-29 01:30:59,143.99,143.99
O01155,C217,P39,1,21.99,2025-04-04 03:57:16,21.99,219.97
O01155,C217,P20,1,96.99,2025-04-04 03:57:16,96.99,219.97
O01155,C217,P12,1,100.99,2025-04-04 03:57:16,100.99,219.97
O01156,C297,P13,1,114.99,2024-11-03 06:16:08,114.99,114.99
O01157,C044,P28,1,198.99,2024-12-31 20:29:34,198.99,198.99
O01158,C270,P23,1,205.99,2025-05-13 10:32:59,205.99,442.98
O01158,C270,P30,1,236.99,2025-05-13 10:32:59,236.99,442.98
O01159,C493,P50,1,191.99,2025-12-19 00:58:35,191.99,191.99
O01160,C387,P24,1,299.99,2025-04-03 09:50:15,299.99,369.97
O01160,C387,P09,2,34.99,2025-04-03 09:50:15,69.98,369.97
O01161,C450,P30,2,236.99,2025-09-24 12:08:25,473.98,551.97
O01161,C450,P49,1,77.99,2025-09-24 12:08:25,77.99,551.97
O01162,C028,P39,1,21.99,2024-09-20 08:53:41,21.99,21.99
O01163,C149,P48,1,78.99,2025-09-03 22:21:55,78.99,78.99
O01164,C262,P36,2,47.99,2025-12-11 01:44:13,95.98,174.97
O01164,C262,P48,1,78.99,2025-12-11 01:44:13,78.99,174.97
O01165,C459,P01,1,345.99,2025-12-13 04:19:40,345.99,345.99
O01166,C320,P08,1,100.99,2025-12-21 03:04:00,100.99,100.99
O01167,C127,P26,2,87.99,2024-11-28 15:01:53,175.98,457.97
O01167,C127,P04,1,281.99,2024-11-28 15:01:53,281.99,457.97
O01168,C248,P40,1,10.99,2026-06-20 07:53:54,10.99,154.98
O01168,C248,P44,1,143.99,2026-06-20 07:53:54,143.99,154.98
O01169,C064,P48,1,78.99,2025-05-04 20:01:11,78.99,78.99
O01170,C088,P19,1,113.99,2025-07-16 22:34:12,113.99,113.99
O01171,C052,P25,1,25.99,2026-05-30 15:23:42,25.99,25.99
O01172,C055,P08,1,100.99,2025-06-02 13:09:01,100.99,100.99
O01173,C006,P40,2,10.99,2025-09-17 01:41:41,21.98,427.96
O01173,C006,P29,1,199.99,2025-09-17 01:41:41,199.99,427.96
O01173,C006,P03,1,205.99,2025-09-17 01:41:41,205.99,427.96
O01174,C452,P33,1,74.99,2026-06-09 08:00:10,74.99,74.99
O01175,C463,P10,1,92.99,2026-03-30 12:32:04,92.99,92.99
O01176,C369,P18,1,44.99,2025-12-17 14:45:54,44.99,200.97
O01176,C369,P49,2,77.99,2025-12-17 14:45:54,155.98,200.97
O01177,C035,P43,1,138.99,2026-04-20 20:30:24,138.99,282.97
O01177,C035,P12,1,100.99,2026-04-20 20:30:24,100.99,282.97
O01177,C035,P37,1,42.99,2026-04-20 20:30:24,42.99,282.97
O01178,C358,P26,1,87.99,2025-09-16 18:22:37,87.99,947.97
O01178,C358,P05,2,429.99,2025-09-16 18:22:37,859.98,947.97
O01179,C082,P31,1,16.99,2024-12-08 15:36:31,16.99,369.96
O01179,C082,P21,1,196.99,2024-12-08 21:06:31,196.99,369.96
O01179,C082,P49,2,77.99,2024-12-08 21:06:31,155.98,369.96
O01180,C408,P27,2,239.99,2026-02-18 05:46:57,479.98,479.98
O01181,C032,P29,1,199.99,2025-10-16 03:02:54,199.99,277.98
O01181,C032,P49,1,77.99,2025-10-16 03:02:54,77.99,277.98
O01182,C016,P09,3,34.99,2026-04-26 10:06:44,104.97,104.97
O01183,C294,P19,1,113.99,2025-08-26 06:16:31,113.99,113.99
O01184,C380,P38,1,38.99,2025-12-24 16:51:50,38.99,38.99
O01185,C492,P01,1,345.99,2026-01-22 06:02:51,345.99,345.99
O01187,C107,P36,2,47.99,2025-09-07 15:32:22,95.98,95.98
O01188,C411,P37,1,42.99,2025-10-14 13:40:24,42.99,480.97
O01188,C411,P06,1,402.99,2025-10-14 13:40:24,402.99,480.97
O01188,C411,P09,1,34.99,2025-10-14 13:40:24,34.99,480.97
O01189,C119,P19,2,113.99,2024-08-20 17:21:01,227.98,227.98
O01190,C129,P19,1,113.99,2025-03-27 05:34:55,113.99,1089.95
O01190,C129,P05,2,429.99,2025-03-27 11:04:55,859.98,1089.95
O01190,C129,P35,2,57.99,2025-03-27 11:04:55,115.98,1089.95
O01191,C257,P08,1,100.99,2025-01-14 19:03:34,100.99,178.97
O01191,C257,P38,2,38.99,2025-01-14 19:03:34,77.98,178.97
O01192,C135,P22,2,194.99,2025-11-09 01:21:26,389.98,389.98
O01193,C031,P49,1,77.99,2024-11-03 17:52:46,77.99,77.99
O01194,C450,P40,1,10.99,2025-05-24 15:04:51,10.99,199.97
O01194,C450,P45,1,110.99,2025-05-24 15:04:51,110.99,199.97
O01194,C450,P49,1,77.99,2025-05-24 15:04:51,77.99,199.97
O01195,C214,P31,1,16.99,2025-10-03 19:59:05,16.99,96.97
O01195,C214,P09,1,34.99,2025-10-03 19:59:05,34.99,96.97
O01195,C214,P18,1,44.99,2025-10-03 19:59:05,44.99,96.97
O01196,C116,P15,2,18.99,2025-11-08 13:30:19,37.98,264.97
O01196,C116,P02,1,226.99,2025-11-08 13:30:19,226.99,264.97
O01197,C401,P44,1,143.99,2026-06-09 17:38:55,143.99,143.99
O01198,C283,P28,1,198.99,2025-06-19 12:49:24,198.99,309.98
O01198,C283,P45,1,110.99,2025-06-19 12:49:24,110.99,309.98
O01199,C225,P22,1,194.99,2024-10-20 19:57:23,194.99,194.99
O01200,C030,P48,1,78.99,2024-12-10 02:37:00,78.99,78.99
O01201,C414,P47,1,41.99,2026-03-24 18:02:51,41.99,41.99
O01202,C030,P21,1,196.99,2024-09-13 04:28:11,196.99,196.99
O01203,C336,P43,1,138.99,2026-04-12 09:08:38,138.99,138.99
O01204,C040,P23,1,205.99,2024-09-12 17:13:31,205.99,224.98
O01204,C040,P15,1,18.99,2024-09-12 17:13:31,18.99,224.98
O01205,C188,P18,1,44.99,2025-12-26 09:55:41,44.99,44.99
O01206,C278,P40,1,10.99,2025-07-08 01:22:57,10.99,10.99
O01207,C041,P48,1,78.99,2024-11-27 04:53:33,78.99,78.99
O01208,C063,P42,1,58.99,2025-03-10 04:02:15,58.99,136.98
O01208,C063,P49,1,77.99,2025-03-10 04:02:15,77.99,136.98
O01209,C256,P06,1,402.99,2026-02-07 08:17:37,402.99,402.99
O01210,C438,P29,1,199.99,2026-02-07 15:01:55,199.99,199.99
O01211,C106,P20,1,96.99,2025-03-16 21:27:34,96.99,96.99
O01212,C391,P22,1,194.99,2025-04-29 00:58:38,194.99,217.98
O01212,C391,P17,1,22.99,2025-04-29 00:58:38,22.99,217.98
O01213,C388,P28,1,198.99,2026-02-22 23:53:39,198.99,198.99
O01214,C476,P47,1,41.99,2025-12-21 01:51:06,41.99,473.96
O01214,C476,P44,3,143.99,2025-12-21 01:51:06,431.97,473.96
O01215,C274,P17,2,22.99,2025-06-01 18:46:36,45.98,137.97
O01215,C274,P11,1,91.99,2025-06-01 18:46:36,91.99,137.97
O01216,C474,P18,3,44.99,2025-04-09 00:17:51,134.97,537.96
O01216,C474,P06,1,402.99,2025-04-09 00:17:51,402.99,537.96
O01217,C152,P18,1,44.99,2025-02-07 12:02:39,44.99,44.99
O01218,C401,P43,1,138.99,2026-05-17 19:00:07,138.99,138.99
O01219,C136,P30,1,236.99,2026-02-16 14:29:01,236.99,236.99
O01220,C184,P06,1,402.99,2025-06-17 17:13:26,402.99,402.99
O01221,C313,P18,1,44.99,2026-01-11 02:28:11,44.99,44.99
O01222,C254,P42,1,58.99,2024-10-28 20:11:09,58.99,359.97
O01222,C254,P04,1,281.99,2024-10-28 20:11:09,281.99,359.97
O01222,C254,P15,1,18.99,2024-10-28 20:11:09,18.99,359.97
O01223,C441,P04,3,281.99,2025-11-25 10:02:35,845.97,1310.94
O01223,C441,P46,3,154.99,2025-11-25 10:02:35,464.97,1310.94
O01224,C009,P16,1,30.99,2025-11-18 06:04:45,30.99,30.99
O01225,C040,P21,1,196.99,2025-07-12 03:32:04,196.99,196.99
O01226,C425,P19,1,113.99,2026-03-16 13:04:41,113.99,113.99
O01227,C168,P24,1,299.99,2025-10-11 11:21:26,299.99,430.97
O01227,C168,P31,1,16.99,2025-10-11 11:21:26,16.99,430.97
O01227,C168,P19,1,113.99,2025-10-11 11:21:26,113.99,430.97
O01228,C477,P21,1,196.99,2025-11-04 18:01:06,196.99,271.98
O01228,C477,P33,1,74.99,2025-11-04 18:01:06,74.99,271.98
O01229,C402,P03,1,205.99,2025-11-30 11:13:24,205.99,386.97
O01229,C402,P43,1,138.99,2025-11-30 11:13:24,138.99,386.97
O01229,C402,P47,1,41.99,2025-11-30 11:13:24,41.99,386.97
O01230,C490,P41,1,199.99,2026-02-08 07:36:32,199.99,571.95
O01230,C490,P36,1,47.99,2026-02-08 07:36:32,47.99,571.95
O01230,C490,P47,2,41.99,2026-02-08 07:36:32,83.98,571.95
O01230,C490,P27,1,239.99,2026-02-08 07:36:32,239.99,571.95
O01231,C311,P13,1,114.99,2025-07-07 16:33:28,114.99,114.99
O01232,C151,P24,1,299.99,2026-04-16 10:15:51,299.99,318.98
O01232,C151,P15,1,18.99,2026-04-16 10:15:51,18.99,318.98
O01233,C060,P06,1,402.99,2025-11-23 14:46:56,402.99,402.99
O01234,C259,P29,1,199.99,2024-09-13 11:41:30,199.99,439.98
O01234,C259,P27,1,239.99,2024-09-13 11:41:30,239.99,439.98
O01235,C065,P38,1,38.99,2026-04-29 07:49:58,38.99,38.99
O01236,C311,P27,1,239.99,2025-01-05 09:21:20,239.99,239.99
O01237,C076,P12,2,100.99,2025-09-13 20:56:49,201.98,201.98
O01238,C008,P31,1,16.99,2024-11-14 13:16:48,16.99,174.97
O01238,C008,P48,2,78.99,2024-11-14 13:16:48,157.98,174.97
O01239,C427,P34,2,53.99,2025-12-07 22:10:04,107.98,107.98
O01240,C463,P46,1,154.99,2025-12-29 04:25:44,154.99,382.97
O01240,C463,P19,2,113.99,2025-12-29 04:25:44,227.98,382.97
O01241,C460,P03,2,205.99,2025-02-22 19:39:06,411.98,1556.94
O01241,C460,P05,2,429.99,2025-02-22 19:39:06,859.98,1556.94
O01241,C460,P48,1,78.99,2025-02-22 19:39:06,78.99,1556.94
O01241,C460,P23,1,205.99,2025-02-22 19:39:06,205.99,1556.94
O01242,C224,P47,1,41.99,2024-12-29 15:44:08,41.99,233.98
O01242,C224,P50,1,191.99,2024-12-29 15:44:08,191.99,233.98
O01243,C261,P42,1,58.99,2024-09-19 00:37:37,58.99,58.99
O01244,C165,P50,1,191.99,2025-05-10 16:46:37,191.99,191.99
O01245,C153,P38,1,38.99,2025-06-29 01:36:33,38.99,312.97
O01245,C153,P33,1,74.99,2025-06-29 01:36:33,74.99,312.97
O01245,C153,P28,1,198.99,2025-06-29 01:36:33,198.99,312.97
O01246,C489,P34,1,53.99,2026-01-24 23:56:46,53.99,53.99
O01247,C451,P19,1,113.99,2026-04-08 03:22:18,113.99,113.99
O01248,C225,P39,1,21.99,2024-12-05 05:18:58,21.99,21.99
O01249,C474,P33,1,74.99,2025-04-05 08:09:06,74.99,74.99
O01250,C015,P13,1,114.99,2025-10-04 01:57:34,114.99,460.98
O01250,C015,P01,1,345.99,2025-10-04 01:57:34,345.99,460.98
O01251,C190,P09,1,34.99,2024-11-27 18:27:46,34.99,34.99
O01252,C152,P29,1,199.99,2026-04-22 22:45:58,199.99,672.94
O01252,C152,P28,2,198.99,2026-04-22 22:45:58,397.98,672.94
O01252,C152,P32,3,24.99,2026-04-22 22:45:58,74.97,672.94
O01253,C375,P15,1,18.99,2026-01-25 11:51:05,18.99,60.98
O01253,C375,P47,1,41.99,2026-01-25 11:51:05,41.99,60.98
O01254,C172,P05,1,429.99,2024-12-23 20:47:32,429.99,739.97
O01254,C172,P46,2,154.99,2024-12-23 20:47:32,309.98,739.97
O01255,C020,P36,1,47.99,2025-05-05 22:50:33,47.99,47.99
O01256,C450,P38,1,38.99,2025-12-27 20:40:00,38.99,38.99
O01257,C483,P12,1,100.99,2026-03-02 00:46:30,100.99,100.99
O01258,C145,P47,1,41.99,2024-11-01 20:56:05,41.99,537.96
O01258,C145,P48,1,78.99,2024-11-01 20:56:05,78.99,537.96
O01258,C145,P14,1,70.99,2024-11-01 20:56:05,70.99,537.96
O01258,C145,P01,1,345.99,2024-11-01 20:56:05,345.99,537.96
O01259,C020,P16,1,30.99,2025-04-21 08:39:24,30.99,230.98
O01259,C020,P41,1,199.99,2025-04-21 08:39:24,199.99,230.98
O01260,C489,P43,1,138.99,2026-01-31 09:53:14,138.99,363.97
O01260,C489,P32,1,24.99,2026-01-31 04:23:14,24.99,363.97
O01260,C489,P41,1,199.99,2026-01-31 09:53:14,199.99,363.97
O01261,C050,P43,1,138.99,2024-12-03 09:26:00,138.99,138.99
O01262,C091,P26,1,87.99,2025-06-03 10:42:07,87.99,87.99
O01263,C397,P02,1,226.99,2026-06-23 15:38:26,226.99,340.98
O01263,C397,P19,1,113.99,2026-06-23 15:38:26,113.99,340.98
O01264,C436,P44,1,143.99,2026-03-13 01:35:49,143.99,143.99
O01265,C201,P18,1,44.99,2026-01-12 13:25:00,44.99,111.97
O01265,C201,P32,1,24.99,2026-01-12 13:25:16,24.99,111.97
O01265,C201,P47,1,41.99,2026-01-12 13:25:16,41.99,111.97
O01266,C230,P50,1,191.99,2025-04-13 18:56:10,191.99,591.97
O01266,C230,P41,2,199.99,2025-04-13 18:56:10,399.98,591.97
O01267,C313,P02,1,226.99,2025-12-01 19:34:01,226.99,873.95
O01267,C313,P25,2,25.99,2025-12-01 19:34:01,51.98,873.95
O01267,C313,P06,1,402.99,2025-12-01 19:34:01,402.99,873.95
O01267,C313,P50,1,191.99,2025-12-01 19:34:01,191.99,873.95
O01268,C336,P11,1,91.99,2024-11-27 06:23:34,91.99,91.99
O01269,C203,P24,1,299.99,2026-02-28 07:18:51,299.99,299.99
O01270,C111,P49,1,77.99,2025-08-23 07:00:02,77.99,498.97
O01270,C111,P34,1,53.99,2025-08-23 07:00:02,53.99,498.97
O01270,C111,P07,1,366.99,2025-08-23 07:00:02,366.99,498.97
O01271,C145,P03,1,205.99,2025-01-04 07:40:49,205.99,250.98
O01271,C145,P18,1,44.99,2025-01-04 07:40:49,44.99,250.98
O01272,C194,P06,1,402.99,2025-11-09 04:52:47,402.99,907.97
O01272,C194,P05,1,429.99,2025-11-09 04:52:47,429.99,907.97
O01272,C194,P33,1,74.99,2025-11-09 04:52:47,74.99,907.97
O01273,C008,P48,1,78.99,2025-12-12 17:38:58,78.99,78.99
O01274,C201,P28,1,198.99,2024-11-24 19:54:19,198.99,273.98
O01274,C201,P33,1,74.99,2024-11-24 19:54:19,74.99,273.98
O01275,C235,P19,1,113.99,2024-11-27 08:41:36,113.99,113.99
O01276,C114,P45,1,110.99,2026-06-06 17:17:30,110.99,110.99
O01277,C126,P49,1,77.99,2025-03-19 15:46:25,77.99,657.96
O01277,C126,P35,1,57.99,2025-03-19 15:46:25,57.99,657.96
O01277,C126,P46,1,154.99,2025-03-19 15:46:25,154.99,657.96
O01277,C126,P07,1,366.99,2025-03-19 15:46:25,366.99,657.96
O01278,C229,P10,1,92.99,2025-03-08 18:06:41,92.99,92.99
O01279,C500,P32,1,24.99,2025-11-15 17:10:13,24.99,94.97
O01279,C500,P38,1,38.99,2025-11-15 17:10:13,38.99,94.97
O01279,C500,P16,1,30.99,2025-11-15 17:10:13,30.99,94.97
O01280,C268,P32,1,24.99,2025-12-05 18:48:14,24.99,24.99
O01281,C160,P39,2,21.99,2025-12-11 04:02:20,43.98,283.97
O01281,C160,P27,1,239.99,2025-12-11 04:02:20,239.99,283.97
O01282,C108,P42,1,58.99,2025-12-16 15:34:31,58.99,58.99
O01283,C237,P47,2,41.99,2025-11-29 16:35:54,83.98,486.97
O01283,C237,P06,1,402.99,2025-11-29 16:35:54,402.99,486.97
O01284,C040,P11,1,91.99,2025-03-14 00:10:33,91.99,436.96
O01284,C040,P13,3,114.99,2025-03-14 00:10:33,344.97,436.96
O01285,C020,P32,2,24.99,2026-03-23 15:10:40,49.98,163.96
O01285,C020,P09,1,34.99,2026-03-23 15:10:40,34.99,163.96
O01285,C020,P48,1,78.99,2026-03-23 15:10:40,78.99,163.96
O01286,C061,P18,1,44.99,2025-05-07 09:46:59,44.99,295.97
O01286,C061,P34,1,53.99,2025-05-07 09:46:59,53.99,295.97
O01286,C061,P21,1,196.99,2025-05-07 09:46:59,196.99,295.97
O01287,C073,P46,1,154.99,2024-12-29 21:13:51,154.99,454.98
O01287,C073,P24,1,299.99,2024-12-29 21:13:51,299.99,454.98
O01288,C237,P09,1,34.99,2024-11-30 10:59:47,34.99,126.98
O01288,C237,P11,1,91.99,2024-11-30 10:59:47,91.99,126.98
O01289,C006,P01,1,345.99,2025-01-19 05:09:30,345.99,345.99
O01290,C097,P04,1,281.99,2024-11-25 03:34:29,281.99,281.99
O01291,C305,P23,2,205.99,2025-09-02 11:40:35,411.98,957.96
O01291,C305,P41,1,199.99,2025-09-02 11:40:35,199.99,957.96
O01291,C305,P01,1,345.99,2025-02-09 11:40:35,345.99,957.96
O01292,C445,P26,1,87.99,2025-10-24 23:19:23,87.99,110.98
O01292,C445,P17,1,22.99,2025-10-24 23:19:23,22.99,110.98
O01293,C104,P12,1,100.99,2024-09-14 04:06:46,100.99,100.99
O01294,C053,P22,1,194.99,2024-10-28 16:37:41,194.99,237.98
O01294,C053,P37,1,42.99,2024-10-28 16:37:41,42.99,237.98
O01295,C142,P31,1,16.99,2026-06-06 23:55:39,16.99,87.98
O01295,C142,P14,1,70.99,2026-06-06 23:55:39,70.99,87.98
O01296,C111,P01,1,345.99,2024-09-26 19:09:09,345.99,345.99
O01297,C459,P43,1,138.99,2026-06-14 04:32:51,138.99,138.99
O01298,C155,P50,1,191.99,2025-07-05 03:15:35,191.99,191.99
O01299,C243,P39,1,21.99,2025-02-22 16:20:33,21.99,21.99
O01300,C490,P28,1,198.99,2026-02-23 20:53:17,198.99,246.98
O01300,C490,P36,1,47.99,2026-02-23 20:53:17,47.99,246.98
O01301,C129,P12,2,100.99,2025-11-21 17:57:27,201.98,655.96
O01301,C129,P02,2,226.99,2025-11-21 17:57:27,453.98,655.96
O01302,C395,P13,1,114.99,2026-01-21 23:27:13,114.99,166.97
O01302,C395,P25,2,25.99,2026-01-21 23:27:13,51.98,166.97
O01303,C006,P20,1,96.99,2024-11-24 11:33:12,96.99,96.99
O01305,C141,P18,1,44.99,2025-11-05 12:02:44,44.99,244.98
O01305,C141,P41,1,199.99,2025-11-05 12:02:44,199.99,244.98
O01306,C016,P12,1,100.99,2026-03-02 15:38:40,100.99,100.99
O01307,C448,P02,1,226.99,2025-12-13 17:51:06,226.99,226.99
O01308,C366,P06,1,402.99,2025-04-29 23:11:55,402.99,743.97
O01308,C366,P27,1,239.99,2025-04-29 23:11:55,239.99,743.97
O01308,C366,P08,1,100.99,2025-04-29 23:11:55,100.99,743.97
O01309,C050,P48,1,78.99,2026-02-26 08:54:12,78.99,305.98
O01309,C050,P02,1,226.99,2026-02-26 08:54:12,226.99,305.98
O01310,C461,P47,2,41.99,2025-02-19 22:10:57,83.98,783.95
O01310,C461,P24,1,299.99,2025-02-19 22:10:57,299.99,783.95
O01310,C461,P34,1,53.99,2025-02-19 22:10:57,53.99,783.95
O01310,C461,P01,1,345.99,2025-02-19 22:10:57,345.99,783.95
O01311,C034,P12,1,100.99,2024-11-23 16:09:46,100.99,100.99
O01312,C142,P48,1,78.99,2025-10-12 22:32:26,78.99,78.99
O01313,C482,P30,1,236.99,2024-08-27 08:35:22,236.99,236.99
O01314,C357,P12,1,100.99,2025-10-03 14:05:07,100.99,948.96
O01314,C357,P47,1,41.99,2025-10-03 14:05:07,41.99,948.96
O01314,C357,P06,2,402.99,2025-10-03 14:05:07,805.98,948.96
O01315,C393,P06,2,402.99,2025-11-10 00:13:40,805.98,805.98
O01316,C483,P48,1,78.99,2026-03-07 21:41:57,78.99,191.97
O01316,C483,P49,1,77.99,2026-03-07 21:41:57,77.99,191.97
O01316,C483,P09,1,34.99,2026-03-07 21:41:57,34.99,191.97
O01317,C143,P18,3,44.99,2024-11-04 10:26:14,134.97,350.95
O01317,C143,P13,1,114.99,2024-11-04 10:26:14,114.99,350.95
O01317,C143,P12,1,100.99,2024-11-04 10:26:14,100.99,350.95
O01318,C048,P34,1,53.99,2025-06-26 18:23:22,53.99,253.98
O01318,C048,P29,1,199.99,2025-06-26 18:23:22,199.99,253.98
O01319,C088,P14,1,70.99,2024-08-07 18:24:09,70.99,181.98
O01319,C088,P45,1,110.99,2024-08-07 18:24:09,110.99,181.98
O01320,C350,P36,1,47.99,2026-03-09 06:21:44,47.99,574.96
O01320,C350,P48,1,78.99,2026-03-09 06:21:44,78.99,574.96
O01320,C350,P18,1,44.99,2026-03-09 06:21:44,44.99,574.96
O01320,C350,P06,1,402.99,2026-03-09 06:21:44,402.99,574.96
O01321,C473,P30,1,236.99,2025-05-16 21:40:11,236.99,236.99
O01322,C191,P45,1,110.99,2025-09-01 21:37:57,110.99,110.99
O01323,C184,P22,1,194.99,2026-03-08 00:10:26,194.99,194.99
O01324,C052,P12,1,100.99,2024-11-21 11:19:10,100.99,100.99
O01325,C225,P47,1,41.99,2026-01-12 14:37:36,41.99,129.98
O01325,C225,P26,1,87.99,2026-01-12 14:37:36,87.99,129.98
O01326,C371,P03,3,205.99,2025-09-28 10:30:43,617.97,617.97
O01327,C450,P18,2,44.99,2025-08-24 16:06:26,89.98,89.98
O01328,C206,P39,1,21.99,2025-09-28 05:32:10,21.99,408.95
O01328,C206,P45,3,110.99,2025-09-28 05:32:10,332.97,408.95
O01328,C206,P34,1,53.99,2025-09-28 05:32:10,53.99,408.95
O01329,C067,P10,1,92.99,2025-11-13 01:05:19,92.99,298.98
O01329,C067,P23,1,205.99,2025-11-13 01:05:19,205.99,298.98
O01330,C001,P06,1,402.99,2025-11-11 06:56:11,402.99,402.99
O01331,C440,P36,1,47.99,2026-04-09 02:46:15,47.99,47.99
O01332,C192,P44,1,143.99,2024-07-08 05:22:06,143.99,143.99
O01333,C109,P16,1,30.99,2026-04-18 21:24:53,30.99,30.99
O01334,C050,P50,1,191.99,2025-03-24 10:48:59,191.99,191.99
O01335,C145,P35,1,57.99,2026-01-22 23:55:27,57.99,487.98
O01335,C145,P05,1,429.99,2026-01-22 23:55:27,429.99,487.98
O01336,C497,P16,1,30.99,2026-04-26 07:56:38,30.99,30.99
O01337,C175,P05,1,429.99,2025-07-06 00:39:38,429.99,488.98
O01337,C175,P42,1,58.99,2025-07-06 00:39:38,58.99,488.98
O01338,C023,P12,1,100.99,2024-11-30 13:05:21,100.99,100.99
O01339,C146,P27,1,239.99,2025-01-13 21:52:30,239.99,239.99
O01340,C204,P44,1,143.99,2025-11-20 03:29:51,143.99,143.99
O01341,C336,P33,1,74.99,2026-03-22 00:10:20,74.99,74.99
O01342,C233,P04,1,281.99,2024-07-14 20:42:25,281.99,281.99
O01343,C133,P29,1,199.99,2025-12-12 03:38:51,199.99,574.97
O01343,C133,P33,1,74.99,2025-12-12 03:38:51,74.99,574.97
O01343,C133,P24,1,299.99,2025-12-12 03:38:51,299.99,574.97
O01344,C498,P44,1,143.99,2025-12-13 05:27:34,143.99,546.98
O01344,C498,P06,1,402.99,2025-12-13 05:27:34,402.99,546.98
O01345,C479,P47,1,41.99,2025-12-31 08:12:32,41.99,477.97
O01345,C479,P30,1,236.99,2025-12-31 08:12:32,236.99,477.97
O01345,C479,P28,1,198.99,2025-12-31 08:12:32,198.99,477.97
O01346,C251,P17,1,22.99,2025-05-30 01:56:38,22.99,221.98
O01346,C251,P28,1,198.99,2025-05-30 01:56:38,198.99,221.98
O01347,C420,P02,1,226.99,2025-06-15 08:11:18,226.99,226.99
O01348,C153,P35,1,57.99,2025-02-11 19:07:22,57.99,136.98
O01348,C153,P48,1,78.99,2025-11-02 19:07:22,78.99,136.98
O01349,C274,P18,1,44.99,2024-09-29 23:09:40,44.99,44.99
O01350,C235,P47,1,41.99,2025-11-22 07:58:52,41.99,138.97
O01350,C235,P34,1,53.99,2025-11-22 07:58:52,53.99,138.97
O01350,C235,P37,1,42.99,2025-11-22 07:58:52,42.99,138.97
O01351,C076,P25,1,25.99,2025-10-13 23:40:51,25.99,217.96
O01351,C076,P33,2,74.99,2025-10-13 23:40:51,149.98,217.96
O01351,C076,P47,1,41.99,2025-10-13 18:10:51,41.99,217.96
O01352,C217,P48,1,78.99,2025-04-05 05:47:16,78.99,481.98
O01352,C217,P06,1,402.99,2025-04-05 05:47:16,402.99,481.98
O01353,C060,P35,1,57.99,2025-12-30 18:16:19,57.99,88.98
O01353,C060,P16,1,30.99,2025-12-30 18:16:19,30.99,88.98
O01354,C294,P12,1,100.99,2025-06-10 07:47:47,100.99,145.98
O01354,C294,P18,1,44.99,2025-06-10 13:17:47,44.99,145.98
O01355,C205,P14,1,70.99,2026-04-14 21:18:17,70.99,70.99
O01356,C213,P41,1,199.99,2025-11-10 08:17:29,199.99,396.98
O01356,C213,P21,1,196.99,2025-11-10 08:17:29,196.99,396.98
O01357,C364,P39,1,21.99,2025-12-14 02:39:18,21.99,258.98
O01357,C364,P30,1,236.99,2025-12-14 02:39:18,236.99,258.98
O01358,C169,P22,1,194.99,2025-08-12 15:59:35,194.99,194.99
O01359,C422,P35,1,57.99,2025-11-20 14:54:47,57.99,57.99
O01360,C345,P06,1,402.99,2025-11-23 12:02:42,402.99,627.97
O01360,C345,P41,1,199.99,2025-11-23 12:02:42,199.99,627.97
O01360,C345,P32,1,24.99,2025-11-23 12:02:42,24.99,627.97
O01361,C272,P30,1,236.99,2025-03-08 09:48:20,236.99,236.99
O01362,C320,P49,1,77.99,2025-11-23 19:22:36,77.99,77.99
O01363,C499,P35,1,57.99,2025-05-30 23:31:15,57.99,57.99
O01364,C311,P08,1,100.99,2026-05-23 03:06:25,100.99,100.99
O01365,C092,P49,1,77.99,2026-03-04 23:25:35,77.99,77.99
O01366,C462,P43,2,138.99,2025-12-14 10:49:23,277.98,421.97
O01366,C462,P44,1,143.99,2025-12-14 10:49:23,143.99,421.97
O01367,C163,P32,1,24.99,2025-07-07 17:25:14,24.99,417.96
O01367,C163,P49,2,77.99,2025-07-07 17:25:14,155.98,417.96
O01367,C163,P30,1,236.99,2025-07-07 17:25:14,236.99,417.96
O01368,C448,P49,1,77.99,2025-04-11 09:00:34,77.99,610.96
O01368,C448,P30,2,236.99,2025-04-11 09:00:34,473.98,610.96
O01368,C448,P42,1,58.99,2025-04-11 09:00:34,58.99,610.96
O01369,C335,P40,1,10.99,2025-12-17 13:26:12,10.99,29.98
O01369,C335,P15,1,18.99,2025-12-17 13:26:12,18.99,29.98
O01370,C042,P16,1,30.99,2025-10-04 23:26:01,30.99,30.99
O01371,C321,P42,1,58.99,2025-12-28 02:23:01,58.99,110.97
O01371,C321,P25,2,25.99,2025-12-28 02:23:01,51.98,110.97
O01372,C436,P12,2,100.99,2026-05-21 14:23:46,201.98,373.96
O01372,C436,P31,1,16.99,2026-05-21 14:23:46,16.99,373.96
O01372,C436,P46,1,154.99,2026-05-21 14:23:46,154.99,373.96
O01374,C124,P39,1,21.99,2026-01-01 14:32:41,21.99,21.99
O01375,C447,P05,1,429.99,2026-06-09 05:15:29,429.99,775.98
O01375,C447,P01,1,345.99,2026-06-09 05:15:29,345.99,775.98
O01377,C453,P35,1,57.99,2026-02-20 03:45:49,57.99,212.98
O01377,C453,P46,1,154.99,2026-02-20 03:45:49,154.99,212.98
O01378,C372,P03,1,205.99,2024-09-21 12:53:52,205.99,805.97
O01378,C372,P24,2,299.99,2024-09-21 12:53:52,599.98,805.97
O01379,C323,P17,1,22.99,2026-02-21 13:50:07,22.99,22.99
O01380,C297,P43,1,138.99,2025-12-15 03:46:10,138.99,138.99
O01381,C468,P42,1,58.99,2026-03-20 15:13:16,58.99,58.99
O01382,C235,P22,1,194.99,2026-04-05 15:48:15,194.99,308.98
O01382,C235,P19,1,113.99,2026-04-05 15:48:15,113.99,308.98
O01383,C231,P09,1,34.99,2025-11-26 18:17:38,34.99,34.99
O01384,C148,P20,1,96.99,2024-07-28 11:36:23,96.99,251.98
O01384,C148,P46,1,154.99,2024-07-28 11:36:23,154.99,251.98
O01385,C244,P45,1,110.99,2025-11-30 21:18:09,110.99,145.98
O01385,C244,P09,1,34.99,2025-11-30 21:18:09,34.99,145.98
O01386,C197,P20,1,96.99,2024-12-17 07:01:54,96.99,96.99
O01387,C007,P34,1,53.99,2024-12-18 23:32:47,53.99,158.97
O01387,C007,P26,1,87.99,2024-12-18 23:32:47,87.99,158.97
O01387,C007,P31,1,16.99,2024-12-18 23:32:47,16.99,158.97
O01388,C080,P32,1,24.99,2025-09-23 16:20:33,24.99,24.99
O01389,C446,P43,2,138.99,2026-03-14 05:30:57,277.98,277.98
O01390,C176,P50,1,191.99,2024-12-05 06:14:09,191.99,191.99
O01391,C062,P41,1,199.99,2025-11-08 11:31:29,199.99,545.98
O01391,C062,P01,1,345.99,2025-11-08 11:31:29,345.99,545.98
O01392,C401,P03,1,205.99,2026-06-06 07:47:12,205.99,205.99
O01393,C051,P35,1,57.99,2026-05-23 16:04:17,57.99,136.98
O01393,C051,P48,1,78.99,2026-05-23 16:04:17,78.99,136.98
O01394,C409,P48,1,78.99,2025-02-25 18:33:15,78.99,78.99
O01395,C480,P12,3,100.99,2026-04-19 07:14:44,302.97,508.96
O01395,C480,P03,1,205.99,2026-04-19 07:14:44,205.99,508.96
O01396,C143,P09,1,34.99,2024-09-26 06:46:53,34.99,185.97
O01396,C143,P34,1,53.99,2024-09-26 06:46:53,53.99,185.97
O01396,C143,P20,1,96.99,2024-09-26 06:46:53,96.99,185.97
O01397,C298,P21,1,196.99,2025-06-14 03:34:56,196.99,396.98
O01397,C298,P41,1,199.99,2025-06-14 03:34:56,199.99,396.98
O01398,C227,P39,1,21.99,2024-09-19 06:06:34,21.99,46.98
O01398,C227,P32,1,24.99,2024-09-19 06:06:34,24.99,46.98
O01399,C221,P42,1,58.99,2026-03-01 03:46:56,58.99,58.99
O01400,C413,P39,1,21.99,2026-01-10 14:00:16,21.99,66.98
O01400,C413,P18,1,44.99,2026-01-10 14:00:16,44.99,66.98
O01401,C260,P35,1,57.99,2025-06-20 09:41:19,57.99,57.99
O01402,C141,P49,2,77.99,2025-11-18 16:19:40,155.98,155.98
O01403,C250,P05,1,429.99,2024-07-10 16:30:31,429.99,429.99
O01404,C345,P12,1,100.99,2025-11-08 14:21:40,100.99,215.98
O01404,C345,P13,1,114.99,2025-11-08 14:21:40,114.99,215.98
O01405,C110,P07,1,366.99,2025-01-10 09:20:49,366.99,510.98
O01405,C110,P44,1,143.99,2025-01-10 09:20:49,143.99,510.98
O01406,C293,P11,1,91.99,2025-11-16 10:10:12,91.99,102.98
O01406,C293,P40,1,10.99,2025-11-16 10:10:12,10.99,102.98
O01407,C265,P47,1,41.99,2026-06-19 20:38:50,41.99,41.99
O01408,C478,P47,1,41.99,2025-07-20 09:23:09,41.99,41.99
O01409,C382,P27,1,239.99,2026-03-03 09:27:36,239.99,239.99
O01410,C482,P30,1,236.99,2025-05-09 13:22:41,236.99,473.97
O01410,C482,P50,1,191.99,2025-05-09 13:22:41,191.99,473.97
O01410,C482,P18,1,44.99,2025-05-09 13:22:41,44.99,473.97
O01411,C367,P25,1,25.99,2025-12-01 11:01:20,25.99,25.99
O01412,C287,P18,1,44.99,2025-12-11 06:39:32,44.99,44.99
O01413,C125,P03,1,205.99,2024-11-11 23:30:46,205.99,397.98
O01413,C125,P50,1,191.99,2024-11-11 23:30:46,191.99,397.98
O01414,C466,P04,1,281.99,2026-03-23 07:17:38,281.99,648.98
O01414,C466,P07,1,366.99,2026-03-23 07:17:38,366.99,648.98
O01415,C276,P48,1,78.99,2025-03-08 09:07:30,78.99,78.99
O01416,C397,P37,1,42.99,2026-06-06 04:55:09,42.99,157.98
O01416,C397,P13,1,114.99,2026-06-06 04:55:09,114.99,157.98
O01417,C168,P19,1,113.99,2025-09-10 21:16:35,113.99,224.98
O01417,C168,P45,1,110.99,2025-09-10 21:16:35,110.99,224.98
O01418,C035,P24,2,299.99,2026-03-09 22:45:47,599.98,599.98
O01419,C229,P30,1,236.99,2025-12-13 06:11:20,236.99,236.99
O01420,C102,P02,1,226.99,2025-11-18 22:16:16,226.99,261.98
O01420,C102,P09,1,34.99,2025-11-18 22:16:16,34.99,261.98
O01421,C203,P33,1,74.99,2026-01-10 01:53:33,74.99,74.99
O01422,C290,P35,1,57.99,2025-05-09 01:32:55,57.99,82.98
O01422,C290,P32,1,24.99,2025-05-09 01:32:55,24.99,82.98
O01423,C035,P35,1,57.99,2025-12-08 18:05:35,57.99,149.98
O01423,C035,P11,1,91.99,2025-12-08 18:05:35,91.99,149.98
O01424,C045,P49,1,77.99,2025-09-11 14:39:41,77.99,987.95
O01424,C045,P05,1,429.99,2025-09-11 14:39:41,429.99,987.95
O01424,C045,P50,1,191.99,2025-09-11 14:39:41,191.99,987.95
O01424,C045,P44,2,143.99,2025-09-11 14:39:41,287.98,987.95
O01425,C379,P22,1,194.99,2025-09-07 10:04:11,194.99,431.98
O01425,C379,P30,1,236.99,2025-09-07 10:04:11,236.99,431.98
O01426,C420,P40,1,10.99,2026-06-11 00:25:36,10.99,10.99
O01427,C010,P15,1,18.99,2024-07-13 10:27:09,18.99,18.99
O01428,C394,P37,2,42.99,2025-11-09 14:41:42,85.98,85.98
O01430,C309,P05,2,429.99,2026-06-20 01:49:08,859.98,1253.96
O01430,C309,P21,2,196.99,2026-06-20 01:49:08,393.98,1253.96
O01431,C337,P15,1,18.99,2024-12-13 09:10:27,18.99,750.94
O01431,C337,P14,2,70.99,2024-12-13 09:10:27,141.98,750.94
O01431,C337,P50,2,191.99,2024-12-13 09:10:00,383.98,750.94
O01431,C337,P23,1,205.99,2024-12-13 09:10:27,205.99,750.94
O01432,C486,P14,1,70.99,2025-12-17 14:55:47,70.99,378.97
O01432,C486,P25,1,25.99,2025-12-17 14:55:47,25.99,378.97
O01432,C486,P04,1,281.99,2025-12-17 14:55:47,281.99,378.97
O01433,C195,P38,1,38.99,2025-09-26 03:05:11,38.99,80.98
O01433,C195,P47,1,41.99,2025-09-26 03:05:11,41.99,80.98
O01434,C108,P21,1,196.99,2024-10-22 15:47:38,196.99,196.99
O01435,C108,P08,2,100.99,2026-06-22 16:23:30,201.98,201.98
O01436,C009,P24,2,299.99,2024-07-11 13:25:54,599.98,599.98
O01437,C429,P06,1,402.99,2026-04-02 20:19:14,402.99,580.94
O01437,C429,P42,2,58.99,2026-04-02 20:19:14,117.98,580.94
O01437,C429,P25,1,25.99,2026-04-02 20:19:14,25.99,580.94
O01437,C429,P31,2,16.99,2026-04-02 20:19:14,33.98,580.94
O01438,C024,P34,1,53.99,2024-11-04 07:11:36,53.99,53.99
O01439,C356,P48,1,78.99,2025-12-04 01:03:38,78.99,331.97
O01439,C356,P43,1,138.99,2025-12-04 01:03:38,138.99,331.97
O01439,C356,P19,1,113.99,2025-12-04 01:03:38,113.99,331.97
O01440,C089,P43,2,138.99,2024-11-17 16:09:47,277.98,678.96
O01440,C089,P12,1,100.99,2024-11-17 16:09:47,100.99,678.96
O01440,C089,P24,1,299.99,2024-11-17 16:09:47,299.99,678.96
O01441,C255,P17,1,22.99,2024-11-27 12:40:23,22.99,230.97
O01441,C255,P40,1,10.99,2024-11-27 12:40:23,10.99,230.97
O01441,C255,P21,1,196.99,2024-11-27 12:40:23,196.99,230.97
O01442,C241,P25,1,25.99,2024-08-04 04:58:26,25.99,25.99
O01443,C370,P15,1,18.99,2025-11-23 05:06:00,18.99,18.99
O01444,C034,P35,2,57.99,2024-10-15 15:29:26,115.98,350.96
O01444,C034,P29,1,199.99,2024-10-15 15:29:26,199.99,350.96
O01444,C034,P09,1,34.99,2024-10-15 15:29:26,34.99,350.96
O01445,C244,P24,1,299.99,2025-06-07 02:38:20,299.99,310.98
O01445,C244,P40,1,10.99,2025-06-07 08:08:20,10.99,310.98
O01446,C253,P09,1,34.99,2025-12-14 18:12:08,34.99,34.99
O01447,C074,P19,1,113.99,2024-12-06 02:47:06,113.99,124.98
O01447,C074,P40,1,10.99,2024-12-06 02:47:06,10.99,124.98
O01448,C095,P43,3,138.99,2025-12-07 09:21:45,416.97,606.93
O01448,C095,P38,1,38.99,2025-12-07 09:21:45,38.99,606.93
O01448,C095,P34,2,53.99,2025-12-07 09:21:45,107.98,606.93
O01448,C095,P37,1,42.99,2025-12-07 09:21:45,42.99,606.93
O01449,C192,P48,1,78.99,2025-11-12 18:47:59,78.99,304.97
O01449,C192,P25,1,25.99,2025-11-12 18:47:59,25.99,304.97
O01449,C192,P41,1,199.99,2025-11-12 18:47:59,199.99,304.97
O01450,C074,P37,1,42.99,2025-11-02 07:10:25,42.99,42.99
O01451,C440,P26,1,87.99,2026-04-25 20:55:52,87.99,595.96
O01451,C440,P29,1,199.99,2026-04-25 20:55:52,199.99,595.96
O01451,C440,P14,1,70.99,2026-04-25 20:55:52,70.99,595.96
O01451,C440,P30,1,236.99,2026-04-25 20:55:52,236.99,595.96
O01452,C394,P22,1,194.99,2025-12-14 10:21:57,194.99,194.99
O01453,C250,P22,1,194.99,2025-12-22 14:42:06,194.99,272.98
O01453,C250,P49,1,77.99,2025-12-22 14:42:06,77.99,272.98
O01454,C188,P30,1,236.99,2025-04-29 00:34:08,236.99,236.99
O01455,C062,P29,1,199.99,2025-08-20 09:08:55,199.99,199.99
O01456,C482,P33,1,74.99,2024-11-02 16:11:25,74.99,282.97
O01456,C482,P13,1,114.99,2024-11-02 16:11:25,114.99,282.97
O01456,C482,P10,1,92.99,2024-11-02 16:11:25,92.99,282.97
O01457,C376,P34,1,53.99,2026-02-19 16:38:49,53.99,53.99
O01458,C410,P34,1,53.99,2025-12-21 17:14:44,53.99,445.97
O01458,C410,P11,1,91.99,2025-12-21 17:14:44,91.99,445.97
O01458,C410,P24,1,299.99,2025-12-21 17:14:44,299.99,445.97
O01459,C440,P40,1,10.99,2026-05-24 22:09:34,10.99,638.95
O01459,C440,P28,2,198.99,2026-05-24 22:09:34,397.98,638.95
O01459,C440,P13,2,114.99,2026-05-24 22:09:34,229.98,638.95
O01460,C152,P21,1,196.99,2025-03-26 16:26:57,196.99,196.99
O01461,C481,P20,2,96.99,2025-12-08 02:16:45,193.98,264.97
O01461,C481,P14,1,70.99,2025-12-08 02:16:45,70.99,264.97
O01462,C492,P11,1,91.99,2025-06-27 13:08:09,91.99,91.99
O01463,C414,P27,1,239.99,2026-06-24 07:25:50,239.99,239.99
O01464,C100,P18,1,44.99,2024-12-14 11:04:14,44.99,268.96
O01464,C100,P09,1,34.99,2024-12-14 11:04:14,34.99,268.96
O01464,C100,P26,1,87.99,2024-12-14 11:04:14,87.99,268.96
O01464,C100,P08,1,100.99,2024-12-14 11:04:14,100.99,268.96
O01465,C073,P20,1,96.99,2025-11-16 10:00:40,96.99,96.99
O01466,C396,P08,1,100.99,2026-02-15 15:14:42,100.99,100.99
O01467,C313,P22,1,194.99,2025-12-21 02:56:48,194.99,490.96
O01467,C313,P18,2,44.99,2025-12-21 02:56:48,89.98,490.96
O01467,C313,P03,1,205.99,2025-12-21 02:56:48,205.99,490.96
O01468,C239,P32,1,24.99,2025-04-28 05:56:45,24.99,102.98
O01468,C239,P49,1,77.99,2025-04-28 05:56:45,77.99,102.98
O01469,C046,P43,1,138.99,2026-07-04 19:38:55,138.99,138.99
O01470,C360,P50,1,191.99,2026-06-11 13:03:40,191.99,191.99
O01471,C371,P43,1,138.99,2026-01-28 08:40:32,138.99,138.99
O01472,C183,P38,1,38.99,2024-09-18 03:45:51,38.99,38.99
O01473,C303,P32,1,24.99,2026-05-03 08:06:49,24.99,94.97
O01473,C303,P36,1,47.99,2026-05-03 08:06:49,47.99,94.97
O01473,C303,P39,1,21.99,2026-05-03 08:06:49,21.99,94.97
O01474,C474,P42,1,58.99,2025-12-11 01:38:06,58.99,425.98
O01474,C474,P07,1,366.99,2025-12-11 01:38:06,366.99,425.98
O01475,C392,P27,1,239.99,2026-04-04 18:43:45,239.99,482.97
O01475,C392,P26,1,87.99,2026-04-04 18:43:45,87.99,482.97
O01475,C392,P46,1,154.99,2026-04-04 18:43:45,154.99,482.97
O01476,C437,P41,1,199.99,2025-11-05 16:02:25,199.99,549.96
O01476,C437,P48,2,78.99,2025-11-05 16:02:25,157.98,549.96
O01476,C437,P50,1,191.99,2025-11-05 16:02:25,191.99,549.96
O01477,C093,P02,1,226.99,2024-07-27 10:06:18,226.99,505.97
O01477,C093,P47,1,41.99,2024-07-27 10:06:18,41.99,505.97
O01477,C093,P30,1,236.99,2024-07-27 10:06:18,236.99,505.97
O01478,C177,P21,1,196.99,2025-02-20 07:17:28,196.99,433.98
O01478,C177,P30,1,236.99,2025-02-20 07:17:28,236.99,433.98
O01479,C394,P42,1,58.99,2026-03-31 06:35:49,58.99,334.97
O01479,C394,P21,1,196.99,2026-03-31 06:35:49,196.99,334.97
O01479,C394,P48,1,78.99,2026-03-31 06:35:49,78.99,334.97
O01480,C433,P48,1,78.99,2026-04-11 02:21:22,78.99,97.98
O01480,C433,P15,1,18.99,2026-04-11 02:21:22,18.99,97.98
O01481,C469,P41,1,199.99,2026-01-13 20:25:20,199.99,300.98
O01481,C469,P12,1,100.99,2026-01-13 20:25:20,100.99,300.98
O01482,C439,P24,1,299.99,2026-05-26 11:21:51,299.99,299.99
O01483,C492,P33,1,74.99,2025-08-17 00:07:12,74.99,185.98
O01483,C492,P45,1,110.99,2025-08-17 00:07:12,110.99,185.98
O01484,C287,P06,1,402.99,2025-08-09 12:39:44,402.99,402.99
O01485,C307,P46,1,154.99,2026-05-20 21:25:54,154.99,154.99
O01486,C182,P19,1,113.99,2025-04-01 12:06:54,113.99,570.96
O01486,C182,P40,1,10.99,2025-04-01 12:06:54,10.99,570.96
O01486,C182,P37,1,42.99,2025-04-01 12:06:54,42.99,570.96
O01486,C182,P06,1,402.99,2025-04-01 12:06:54,402.99,570.96
O01487,C080,P45,3,110.99,2025-11-15 08:01:31,332.97,332.97
O01488,C126,P01,1,345.99,2026-03-14 14:41:51,345.99,345.99
O01489,C494,P36,1,47.99,2026-03-26 19:30:53,47.99,47.99
O01490,C291,P41,2,199.99,2024-11-23 05:54:33,399.98,528.95
O01490,C291,P37,3,42.99,2024-11-23 05:54:33,128.97,528.95
O01491,C383,P24,1,299.99,2025-10-13 11:51:51,299.99,299.99
O01492,C474,P45,1,110.99,2026-05-22 10:34:22,110.99,110.99
O01493,C441,P09,3,34.99,2026-04-12 22:15:50,104.97,471.96
O01493,C441,P07,1,366.99,2026-04-12 22:15:50,366.99,471.96
O01494,C260,P39,1,21.99,2025-11-29 17:20:06,21.99,166.95
O01494,C260,P15,1,18.99,2025-11-29 17:20:06,18.99,166.95
O01494,C260,P47,3,41.99,2025-11-29 17:20:06,125.97,166.95
O01495,C421,P30,1,236.99,2026-06-30 14:17:36,236.99,647.96
O01495,C421,P40,1,10.99,2026-06-30 14:17:36,10.99,647.96
O01495,C421,P29,2,199.99,2026-06-30 14:17:36,399.98,647.96
O01496,C088,P23,1,205.99,2024-07-25 14:35:41,205.99,205.99
O01497,C362,P18,1,44.99,2025-10-03 21:22:04,44.99,152.96
O01497,C362,P37,1,42.99,2025-10-03 21:22:04,42.99,152.96
O01497,C362,P17,1,22.99,2025-10-03 21:22:04,22.99,152.96
O01497,C362,P47,1,41.99,2025-10-03 21:22:04,41.99,152.96
O01498,C069,P45,1,110.99,2026-06-23 06:42:28,110.99,110.99
O01499,C170,P44,1,143.99,2024-12-08 16:26:09,143.99,182.98
O01499,C170,P38,1,38.99,2024-12-08 16:26:09,38.99,182.98
O01500,C313,P05,1,429.99,2025-10-01 11:37:07,429.99,440.98
O01500,C313,P40,1,10.99,2025-10-01 11:37:07,10.99,440.98
O01501,C083,P12,1,100.99,2025-12-08 07:38:49,100.99,327.98
O01501,C083,P02,1,226.99,2025-12-08 07:38:49,226.99,327.98
O01502,C062,P44,1,143.99,2025-02-01 03:25:36,143.99,169.98
O01502,C062,P25,1,25.99,2025-02-01 03:25:36,25.99,169.98
O01503,C243,P12,1,100.99,2024-11-03 10:11:06,100.99,100.99
O01504,C451,P15,1,18.99,2026-01-14 02:11:16,18.99,18.99
O01505,C332,P17,1,22.99,2026-05-17 10:28:48,22.99,22.99
O01506,C311,P11,1,91.99,2024-10-18 17:03:43,91.99,91.99
O01507,C271,P37,1,42.99,2024-07-15 10:24:19,42.99,42.99
O01508,C440,P12,1,100.99,2026-03-25 05:12:40,100.99,158.98
O01508,C440,P35,1,57.99,2026-03-25 05:12:40,57.99,158.98
O01509,C447,P29,1,199.99,2026-03-21 04:38:23,199.99,354.98
O01509,C447,P46,1,154.99,2026-03-21 04:38:23,154.99,354.98
O01510,C260,P35,2,57.99,2024-11-07 14:01:39,115.98,115.98
O01511,C407,P44,1,143.99,2026-06-23 09:59:18,143.99,143.99
O01512,C266,P40,2,10.99,2024-11-14 03:31:12,21.98,411.96
O01512,C266,P22,2,194.99,2024-11-14 03:31:12,389.98,411.96
O01513,C281,P22,1,194.99,2026-02-01 14:07:42,194.99,225.98
O01513,C281,P16,1,30.99,2026-02-01 14:07:42,30.99,225.98
O01514,C419,P31,1,16.99,2025-12-23 12:02:22,16.99,16.99
O01515,C466,P43,1,138.99,2026-03-07 18:06:54,138.99,197.98
O01515,C466,P42,1,58.99,2026-03-07 18:06:54,58.99,197.98
O01516,C295,P13,1,114.99,2025-11-27 16:25:48,114.99,228.98
O01516,C295,P19,1,113.99,2025-11-27 16:25:48,113.99,228.98
O01517,C102,P06,1,402.99,2024-12-29 20:27:25,402.99,402.99
O01518,C252,P32,3,24.99,2024-10-07 17:30:39,74.97,74.97
O01519,C395,P03,2,205.99,2025-10-12 21:44:03,411.98,526.97
O01519,C395,P13,1,114.99,2025-10-12 21:44:03,114.99,526.97
O01520,C301,P48,1,78.99,2026-02-19 18:34:11,78.99,360.98
O01520,C301,P04,1,281.99,2026-02-19 18:34:11,281.99,360.98
O01521,C156,P44,1,143.99,2025-03-22 11:34:03,143.99,421.97
O01521,C156,P28,1,198.99,2025-03-22 11:34:03,198.99,421.97
O01521,C156,P48,1,78.99,2025-03-22 11:34:03,78.99,421.97
O01522,C349,P15,1,18.99,2025-12-22 06:06:29,18.99,370.97
O01522,C349,P46,1,154.99,2025-12-22 06:06:29,154.99,370.97
O01522,C349,P21,1,196.99,2025-12-22 06:06:29,196.99,370.97
O01523,C328,P45,1,110.99,2025-11-26 01:59:24,110.99,110.99
O01524,C149,P22,1,194.99,2024-07-08 07:42:52,194.99,321.97
O01524,C149,P12,1,100.99,2024-07-08 07:42:52,100.99,321.97
O01524,C149,P25,1,25.99,2024-07-08 07:42:52,25.99,321.97
O01525,C023,P28,1,198.99,2024-11-10 19:15:39,198.99,486.97
O01525,C023,P44,2,143.99,2024-11-10 19:15:39,287.98,486.97
O01526,C321,P45,1,110.99,2025-12-04 20:47:58,110.99,110.99
O01527,C422,P50,1,191.99,2025-11-14 08:53:57,191.99,191.99
O01528,C308,P29,1,199.99,2025-12-05 22:25:02,199.99,234.98
O01528,C308,P09,1,34.99,2025-12-05 22:25:02,34.99,234.98
O01529,C327,P12,1,100.99,2024-11-22 05:57:50,100.99,100.99
O01530,C086,P26,1,87.99,2026-05-16 08:43:45,87.99,373.96
O01530,C086,P19,2,113.99,2026-05-16 08:43:45,227.98,373.96
O01530,C086,P35,1,57.99,2026-05-16 08:43:45,57.99,373.96
O01531,C390,P13,3,114.99,2024-11-10 06:05:35,344.97,433.95
O01531,C390,P09,1,34.99,2024-11-10 00:35:35,34.99,433.95
O01531,C390,P34,1,53.99,2024-11-10 06:05:35,53.99,433.95
O01532,C118,P05,1,429.99,2024-08-08 12:11:05,429.99,460.98
O01532,C118,P16,1,30.99,2024-08-08 12:11:05,30.99,460.98
O01533,C379,P33,3,74.99,2025-09-03 19:49:02,224.97,416.96
O01533,C379,P50,1,191.99,2025-09-03 19:49:02,191.99,416.96
O01534,C372,P17,2,22.99,2025-02-05 18:00:09,45.98,45.98
O01535,C180,P19,1,113.99,2025-05-31 20:03:25,113.99,113.99
O01536,C116,P02,1,226.99,2024-11-20 06:21:42,226.99,426.98
O01536,C116,P29,1,199.99,2024-11-20 06:21:42,199.99,426.98
O01537,C271,P04,1,281.99,2024-12-28 05:09:35,281.99,956.96
O01537,C271,P08,1,100.99,2024-12-28 05:09:35,100.99,956.96
O01537,C271,P44,1,143.99,2024-12-28 05:09:35,143.99,956.96
O01537,C271,P05,1,429.99,2024-12-28 05:09:35,429.99,956.96
O01538,C478,P15,1,18.99,2025-08-25 01:09:57,18.99,18.99
O01539,C002,P15,1,18.99,2025-08-31 12:49:36,18.99,18.99
O01540,C019,P31,1,16.99,2025-09-01 02:01:41,16.99,118.97
O01540,C019,P37,1,42.99,2025-09-01 02:01:41,42.99,118.97
O01540,C019,P42,1,58.99,2025-09-01 02:01:41,58.99,118.97
O01542,C471,P10,1,92.99,2026-06-07 14:34:56,92.99,92.99
O01543,C375,P48,1,78.99,2025-08-30 12:16:56,78.99,78.99
O01544,C413,P35,3,57.99,2025-11-01 01:29:26,173.97,192.96
O01544,C413,P15,1,18.99,2025-11-01 01:29:26,18.99,192.96
O01545,C321,P47,1,41.99,2025-12-10 12:26:56,41.99,41.99
O01546,C488,P09,1,34.99,2025-12-21 11:21:20,34.99,76.98
O01546,C488,P47,1,41.99,2025-12-21 11:21:20,41.99,76.98
O01547,C365,P40,2,10.99,2025-06-11 06:55:46,21.98,321.97
O01547,C365,P24,1,299.99,2025-06-11 06:55:46,299.99,321.97
O01548,C392,P10,1,92.99,2026-06-11 11:41:19,92.99,92.99
O01549,C278,P40,1,10.99,2025-11-09 09:57:53,10.99,647.96
O01549,C278,P27,1,239.99,2025-11-09 09:57:53,239.99,647.96
O01549,C278,P04,1,281.99,2025-11-09 09:57:53,281.99,647.96
O01549,C278,P13,1,114.99,2025-11-09 09:57:53,114.99,647.96
O01550,C265,P37,1,42.99,2025-05-04 14:01:44,42.99,42.99
O01551,C140,P26,1,87.99,2026-06-21 21:36:49,87.99,87.99
O01552,C411,P48,1,78.99,2025-11-13 13:20:29,78.99,78.99
O01553,C477,P48,2,78.99,2025-12-27 19:59:48,157.98,357.97
O01553,C477,P41,1,199.99,2025-12-27 19:59:48,199.99,357.97
O01554,C403,P04,1,281.99,2025-04-27 00:00:58,281.99,1074.96
O01554,C403,P22,2,194.99,2025-04-27 00:00:58,389.98,1074.96
O01554,C403,P06,1,402.99,2025-04-27 00:00:58,402.99,1074.96
O01555,C078,P21,1,196.99,2026-05-29 09:53:04,196.99,196.99
O01556,C425,P07,1,366.99,2025-10-24 10:45:11,366.99,366.99
O01557,C082,P40,1,10.99,2026-04-06 04:10:26,10.99,10.99
O01558,C288,P16,1,30.99,2025-08-22 15:44:17,30.99,131.98
O01558,C288,P08,1,100.99,2025-08-22 15:44:17,100.99,131.98
O01559,C228,P25,1,25.99,2024-10-01 01:08:56,25.99,25.99
O01560,C393,P38,1,38.99,2025-09-29 22:52:23,38.99,182.97
O01560,C393,P37,1,42.99,2025-09-29 22:52:23,42.99,182.97
O01560,C393,P12,1,100.99,2025-09-29 22:52:23,100.99,182.97
O01561,C344,P12,1,100.99,2025-10-19 10:05:56,100.99,100.99
O01562,C154,P43,2,138.99,2025-11-18 04:07:59,277.98,392.97
O01562,C154,P13,1,114.99,2025-11-18 04:07:59,114.99,392.97
O01563,C365,P32,1,24.99,2026-03-05 02:22:38,24.99,312.95
O01563,C365,P02,1,226.99,2026-03-05 02:22:38,226.99,312.95
O01563,C365,P40,2,10.99,2026-03-05 02:22:38,21.98,312.95
O01563,C365,P38,1,38.99,2026-03-05 02:22:38,38.99,312.95
O01564,C144,P04,1,281.99,2026-06-20 00:31:20,281.99,433.95
O01564,C144,P42,1,58.99,2026-06-20 00:31:20,58.99,433.95
O01564,C144,P16,3,30.99,2026-06-20 00:31:20,92.97,433.95
O01565,C173,P06,1,402.99,2024-08-10 23:48:42,402.99,402.99
O01566,C017,P20,1,96.99,2024-11-01 19:00:47,96.99,122.98
O01566,C017,P25,1,25.99,2024-11-01 19:00:47,25.99,122.98
O01567,C199,P24,1,299.99,2024-08-06 21:17:44,299.99,299.99
O01568,C438,P23,1,205.99,2026-07-04 13:26:45,205.99,205.99
O01569,C283,P43,2,138.99,2024-11-23 09:17:05,277.98,1280.95
O01569,C283,P06,2,402.99,2024-11-23 09:17:05,805.98,1280.95
O01569,C283,P21,1,196.99,2024-11-23 09:17:05,196.99,1280.95
O01570,C066,P05,1,429.99,2026-01-10 03:15:04,429.99,429.99
O01571,C411,P01,1,345.99,2025-11-19 02:55:04,345.99,345.99
O01572,C175,P30,2,236.99,2026-09-03 19:04:09,473.98,673.97
O01572,C175,P41,1,199.99,2026-03-09 19:04:09,199.99,673.97
O01573,C055,P48,2,78.99,2025-10-16 01:45:08,157.98,157.98
O01574,C096,P15,1,18.99,2024-09-26 02:00:27,18.99,89.98
O01574,C096,P14,1,70.99,2024-09-26 02:00:27,70.99,89.98
O01575,C165,P32,1,24.99,2025-10-28 06:30:52,24.99,24.99
O01576,C096,P04,1,281.99,2025-06-07 23:43:37,281.99,784.95
O01576,C096,P29,1,199.99,2025-06-07 23:43:37,199.99,784.95
O01576,C096,P12,3,100.99,2025-06-07 23:43:37,302.97,784.95
O01577,C135,P45,1,110.99,2024-11-05 17:36:12,110.99,188.98
O01577,C135,P49,1,77.99,2024-11-05 17:36:12,77.99,188.98
O01578,C165,P38,1,38.99,2025-12-17 07:10:25,38.99,152.98
O01578,C165,P19,1,113.99,2025-12-17 07:10:25,113.99,152.98
O01579,C147,P34,1,53.99,2024-12-02 08:52:22,53.99,745.97
O01579,C147,P01,2,345.99,2024-12-02 08:52:22,691.98,745.97
O01580,C129,P23,2,205.99,2024-12-26 05:04:03,411.98,411.98
O01581,C031,P46,1,154.99,2025-10-23 13:05:43,154.99,354.98
O01581,C031,P29,1,199.99,2025-10-23 13:05:43,199.99,354.98
O01582,C046,P05,1,429.99,2025-01-19 11:44:43,429.99,472.98
O01582,C046,P37,1,42.99,2025-01-19 11:44:43,42.99,472.98
O01583,C231,P32,1,24.99,2025-02-25 15:23:31,24.99,24.99
O01584,C382,P27,2,239.99,2026-02-08 18:10:02,479.98,716.97
O01584,C382,P30,1,236.99,2026-02-08 18:10:02,236.99,716.97
O01585,C408,P29,1,199.99,2026-06-08 12:29:55,199.99,371.97
O01585,C408,P10,1,92.99,2026-06-08 12:29:55,92.99,371.97
O01585,C408,P48,1,78.99,2026-06-08 12:29:55,78.99,371.97
O01586,C072,P24,1,299.99,2025-12-28 12:55:40,299.99,299.99
O01587,C406,P14,1,70.99,2026-01-20 05:09:37,70.99,664.97
O01587,C406,P07,1,366.99,2026-01-20 05:09:37,366.99,664.97
O01587,C406,P02,1,226.99,2026-01-20 05:09:37,226.99,664.97
O01588,C012,P36,1,47.99,2025-07-03 05:19:53,47.99,341.95
O01588,C012,P18,1,44.99,2025-07-03 05:19:53,44.99,341.95
O01588,C012,P15,1,18.99,2025-07-03 05:19:53,18.99,341.95
O01588,C012,P13,2,114.99,2025-07-03 05:19:53,229.98,341.95
O01589,C082,P05,1,429.99,2025-06-23 21:03:22,429.99,798.96
O01589,C082,P21,1,196.99,2025-06-23 21:03:22,196.99,798.96
O01589,C082,P46,1,154.99,2025-06-23 21:03:22,154.99,798.96
O01589,C082,P31,1,16.99,2025-06-23 21:03:22,16.99,798.96
O01590,C111,P41,1,199.99,2025-04-19 00:19:40,199.99,199.99
O01591,C317,P22,1,194.99,2025-11-26 03:38:08,194.99,236.98
O01591,C317,P47,1,41.99,2025-11-26 03:38:08,41.99,236.98
O01592,C066,P27,1,239.99,2025-03-08 15:04:01,239.99,239.99
O01593,C484,P41,1,199.99,2025-09-19 07:58:55,199.99,261.97
O01593,C484,P31,1,16.99,2025-09-19 07:58:55,16.99,261.97
O01593,C484,P18,1,44.99,2025-09-19 07:58:55,44.99,261.97
O01594,C100,P15,1,18.99,2026-04-07 10:50:40,18.99,173.98
O01594,C100,P46,1,154.99,2026-04-07 10:50:40,154.99,173.98
O01595,C420,P33,2,74.99,2025-10-04 18:30:56,149.98,149.98
O01596,C197,P30,2,236.99,2025-12-14 19:20:05,473.98,517.96
O01596,C197,P39,2,21.99,2025-12-14 19:20:05,43.98,517.96
O01597,C373,P50,1,191.99,2025-07-03 14:24:49,191.99,191.99
O01598,C074,P01,1,345.99,2025-03-02 01:30:15,345.99,345.99
O01599,C423,P21,1,196.99,2026-05-04 17:09:50,196.99,196.99
O01600,C161,P13,1,114.99,2025-10-09 17:12:52,114.99,338.96
O01600,C161,P39,1,21.99,2025-10-09 17:12:52,21.99,338.96
O01600,C161,P08,2,100.99,2025-10-09 17:12:52,201.98,338.96
O01601,C269,P45,1,110.99,2026-01-03 09:15:50,110.99,110.99
O01602,C006,P42,1,58.99,2025-01-01 06:09:18,58.99,58.99
O01603,C216,P29,1,199.99,2024-09-14 14:49:58,199.99,521.95
O01603,C216,P41,1,199.99,2024-09-14 14:49:58,199.99,521.95
O01603,C216,P25,1,25.99,2024-09-14 14:49:58,25.99,521.95
O01603,C216,P36,2,47.99,2024-09-14 14:49:58,95.98,521.95
O01604,C234,P38,1,38.99,2024-12-23 22:38:29,38.99,38.99
O01605,C490,P24,1,299.99,2026-01-31 01:55:20,299.99,392.98
O01605,C490,P10,1,92.99,2026-01-31 01:55:20,92.99,392.98
O01606,C282,P21,1,196.99,2024-07-28 08:11:20,196.99,196.99
O01607,C390,P03,1,205.99,2024-09-12 09:20:36,205.99,280.98
O01607,C390,P33,1,74.99,2024-09-12 09:20:36,74.99,280.98
O01608,C068,P11,2,91.99,2025-07-02 02:08:09,183.98,183.98
O01609,C121,P22,1,194.99,2024-09-27 11:22:21,194.99,194.99
O01610,C253,P26,1,87.99,2025-04-05 01:33:26,87.99,198.98
O01610,C253,P45,1,110.99,2025-04-05 01:33:26,110.99,198.98
O01611,C417,P17,1,22.99,2025-12-26 05:07:48,22.99,72.97
O01611,C417,P15,1,18.99,2025-12-26 05:07:48,18.99,72.97
O01611,C417,P16,1,30.99,2025-12-26 05:07:48,30.99,72.97
O01612,C330,P49,1,77.99,2026-02-18 07:30:02,77.99,77.99
O01613,C079,P49,1,77.99,2026-05-25 04:32:20,77.99,77.99
O01614,C203,P45,1,110.99,2024-07-21 09:31:01,110.99,350.98
O01614,C203,P27,1,239.99,2024-07-21 09:31:01,239.99,350.98
O01615,C302,P45,1,110.99,2025-05-07 07:37:31,110.99,110.99
O01616,C452,P01,2,345.99,2026-05-05 05:25:13,691.98,691.98
O01617,C382,P11,1,91.99,2026-04-28 08:35:23,91.99,206.98
O01617,C382,P13,1,114.99,2026-04-28 08:35:23,114.99,206.98
O01618,C101,P29,1,199.99,2025-01-27 08:25:07,199.99,653.97
O01618,C101,P02,2,226.99,2025-01-27 08:25:07,453.98,653.97
O01619,C344,P25,1,25.99,2025-09-06 12:13:11,25.99,25.99
O01620,C381,P48,1,78.99,2026-06-08 06:12:48,78.99,175.98
O01620,C381,P20,1,96.99,2026-06-08 06:12:48,96.99,175.98
O01621,C454,P41,1,199.99,2025-11-02 03:53:29,199.99,199.99
O01622,C456,P01,1,345.99,2026-05-09 08:13:32,345.99,345.99
O01623,C093,P21,1,196.99,2026-02-28 06:31:46,196.99,196.99
O01624,C201,P39,1,21.99,2025-10-06 05:58:31,21.99,21.99
O01625,C342,P01,2,345.99,2026-04-11 07:04:39,691.98,691.98
O01626,C318,P29,1,199.99,2024-11-30 00:17:59,199.99,199.99
O01627,C291,P13,3,114.99,2026-05-31 03:03:23,344.97,344.97
O01628,C380,P20,1,96.99,2026-06-06 02:17:26,96.99,288.98
O01628,C380,P50,1,191.99,2026-06-06 02:17:26,191.99,288.98
O01629,C073,P44,2,143.99,2024-12-19 06:07:58,287.98,741.96
O01629,C073,P02,2,226.99,2024-12-19 06:07:58,453.98,741.96
O01630,C090,P38,1,38.99,2024-07-17 02:46:15,38.99,38.99
O01631,C140,P45,1,110.99,2024-12-22 22:36:30,110.99,110.99
O01632,C034,P30,1,236.99,2025-04-02 12:01:02,236.99,236.99
O01633,C499,P18,1,44.99,2024-12-16 01:42:04,44.99,355.96
O01633,C499,P46,1,154.99,2024-12-16 01:42:04,154.99,355.96
O01633,C499,P19,1,113.99,2024-12-16 01:42:04,113.99,355.96
O01633,C499,P47,1,41.99,2024-12-16 01:42:04,41.99,355.96
O01634,C447,P42,1,58.99,2025-11-26 22:28:51,58.99,58.99
O01635,C289,P15,1,18.99,2026-02-05 13:35:44,18.99,18.99
O01636,C381,P31,1,16.99,2025-09-07 11:05:38,16.99,16.99
O01637,C192,P21,1,196.99,2025-11-11 11:46:35,196.99,275.98
O01637,C192,P48,1,78.99,2025-11-11 11:46:35,78.99,275.98
O01638,C298,P44,1,143.99,2025-04-06 14:22:49,143.99,143.99
O01639,C254,P17,2,22.99,2025-11-17 13:23:27,45.98,45.98
O01640,C171,P44,2,143.99,2026-04-28 20:29:28,287.98,379.97
O01640,C171,P11,1,91.99,2026-04-28 20:29:28,91.99,379.97
O01641,C471,P41,1,199.99,2026-05-27 20:09:38,199.99,199.99
O01642,C082,P45,1,110.99,2026-02-20 18:08:52,110.99,198.98
O01642,C082,P26,1,87.99,2026-02-20 18:08:52,87.99,198.98
O01643,C058,P01,1,345.99,2026-06-27 17:02:33,345.99,345.99
O01644,C282,P22,1,194.99,2025-11-13 05:47:14,194.99,219.98
O01644,C282,P32,1,24.99,2025-11-13 05:47:14,24.99,219.98
O01645,C409,P15,1,18.99,2025-09-11 12:33:42,18.99,679.95
O01645,C409,P37,1,42.99,2025-09-11 12:33:42,42.99,679.95
O01645,C409,P23,3,205.99,2025-09-11 12:33:42,617.97,679.95
O01646,C116,P49,1,77.99,2025-11-04 14:09:53,77.99,307.97
O01646,C116,P13,2,114.99,2025-11-04 14:09:53,229.98,307.97
O01647,C497,P45,1,110.99,2026-04-12 03:31:09,110.99,238.97
O01647,C497,P20,1,96.99,2026-04-12 03:31:09,96.99,238.97
O01647,C497,P16,1,30.99,2026-04-12 03:31:09,30.99,238.97
O01648,C327,P08,1,100.99,2024-11-16 06:01:01,100.99,100.99
O01649,C424,P08,1,100.99,2026-01-15 02:04:16,100.99,100.99
O01650,C184,P25,1,25.99,2025-11-12 00:44:38,25.99,25.99
O01651,C156,P38,1,38.99,2025-05-01 18:58:30,38.99,656.96
O01651,C156,P03,3,205.99,2025-05-01 18:58:30,617.97,656.96
O01652,C256,P25,1,25.99,2025-01-21 00:16:44,25.99,25.99
O01653,C395,P44,1,143.99,2025-07-10 22:37:39,143.99,420.96
O01653,C395,P32,2,24.99,2025-07-10 22:37:39,49.98,420.96
O01653,C395,P02,1,226.99,2025-07-10 22:37:39,226.99,420.96
O01654,C045,P46,1,154.99,2025-06-12 17:05:05,154.99,154.99
O01655,C049,P31,1,16.99,2025-05-25 23:21:15,16.99,222.98
O01655,C049,P03,1,205.99,2025-05-25 23:21:15,205.99,222.98
O01656,C361,P44,1,143.99,2026-03-11 06:39:26,143.99,143.99
O01657,C442,P33,1,74.99,2026-03-15 00:59:32,74.99,74.99
O01658,C141,P47,1,41.99,2025-11-25 12:51:59,41.99,323.98
O01658,C141,P04,1,281.99,2025-11-25 12:51:59,281.99,323.98
O01659,C265,P19,1,113.99,2025-06-27 14:18:54,113.99,113.99
O01660,C219,P32,1,24.99,2024-10-13 04:53:04,24.99,24.99
O01661,C199,P03,1,205.99,2025-12-24 20:57:11,205.99,302.98
O01661,C199,P20,1,96.99,2025-12-24 20:57:11,96.99,302.98
O01662,C350,P45,2,110.99,2025-12-09 15:14:45,221.98,221.98
O01663,C060,P39,1,21.99,2024-10-05 04:08:47,21.99,491.96
O01663,C060,P37,1,42.99,2024-10-05 04:08:47,42.99,491.96
O01663,C060,P02,1,226.99,2024-10-05 04:08:47,226.99,491.96
O01663,C060,P29,1,199.99,2024-10-05 04:08:47,199.99,491.96
O01664,C460,P03,1,205.99,2025-11-27 20:34:06,205.99,205.99
O01665,C286,P43,1,138.99,2025-11-27 02:04:05,138.99,138.99
O01666,C206,P08,1,100.99,2025-07-12 07:58:59,100.99,419.97
O01666,C206,P02,1,226.99,2025-07-12 07:58:59,226.99,419.97
O01666,C206,P11,1,91.99,2025-07-12 07:58:59,91.99,419.97
O01667,C338,P43,1,138.99,2026-07-04 11:35:16,138.99,138.99
O01668,C212,P09,1,34.99,2024-10-19 01:14:12,34.99,34.99
O01669,C201,P34,1,53.99,2024-07-14 01:32:50,53.99,53.99
O01670,C300,P16,2,30.99,2025-08-02 09:56:51,61.98,61.98
O01671,C411,P07,1,366.99,2025-11-16 21:30:30,366.99,366.99
O01672,C284,P43,1,138.99,2025-11-02 17:54:51,138.99,138.99
O01673,C262,P05,1,429.99,2024-11-06 02:30:32,429.99,626.95
O01673,C262,P37,1,42.99,2024-11-06 02:30:32,42.99,626.95
O01673,C262,P11,1,91.99,2024-11-06 02:30:32,91.99,626.95
O01673,C262,P16,2,30.99,2024-11-06 02:30:32,61.98,626.95
O01674,C424,P21,1,196.99,2025-03-19 01:48:27,196.99,196.99
O01675,C015,P39,1,21.99,2024-11-23 23:59:23,21.99,21.99
O01676,C116,P33,2,74.99,2025-12-14 04:30:39,149.98,448.96
O01676,C116,P27,1,239.99,2025-12-14 04:30:39,239.99,448.96
O01676,C116,P42,1,58.99,2025-12-14 04:30:39,58.99,448.96
O01677,C267,P05,1,429.99,2024-12-28 02:27:38,429.99,429.99
O01678,C361,P18,1,44.99,2026-04-10 04:49:41,44.99,44.99
O01679,C238,P21,2,196.99,2025-11-08 10:19:53,393.98,490.97
O01679,C238,P20,1,96.99,2025-11-08 10:19:53,96.99,490.97
O01680,C250,P39,1,21.99,2025-03-23 22:37:44,21.99,21.99
O01681,C071,P35,1,57.99,2025-06-07 02:44:31,57.99,533.94
O01681,C071,P34,1,53.99,2025-06-07 02:44:31,53.99,533.94
O01681,C071,P40,2,10.99,2025-06-07 02:44:31,21.98,533.94
O01681,C071,P41,2,199.99,2025-06-07 02:44:31,399.98,533.94
O01682,C305,P16,1,30.99,2025-12-14 10:59:57,30.99,30.99
O01683,C179,P27,1,239.99,2026-06-11 06:52:21,239.99,284.98
O01683,C179,P18,1,44.99,2026-06-11 06:52:21,44.99,284.98
O01684,C338,P50,1,191.99,2025-08-19 19:56:50,191.99,191.99
O01685,C098,P14,1,70.99,2025-11-22 11:45:34,70.99,307.98
O01685,C098,P30,1,236.99,2025-11-22 11:45:34,236.99,307.98
O01686,C371,P41,1,199.99,2026-01-22 09:40:15,199.99,199.99
O01687,C094,P46,1,154.99,2026-03-25 15:23:15,154.99,154.99
O01688,C291,P17,2,22.99,2025-05-29 10:09:16,45.98,146.97
O01688,C291,P08,1,100.99,2025-05-29 10:09:16,100.99,146.97
O01689,C202,P32,1,24.99,2024-07-07 06:51:59,24.99,24.99
O01690,C282,P18,1,44.99,2025-09-20 08:32:36,44.99,44.99
O01691,C219,P25,1,25.99,2025-10-31 15:38:06,25.99,25.99
O01692,C072,P03,1,205.99,2024-11-19 11:48:51,205.99,1414.95
O01692,C072,P05,1,429.99,2024-11-19 11:48:51,429.99,1414.95
O01692,C072,P18,1,44.99,2024-11-19 11:48:51,44.99,1414.95
O01692,C072,P07,2,366.99,2024-11-19 11:48:51,733.98,1414.95
O01693,C352,P01,1,345.99,2025-09-30 01:57:42,345.99,446.98
O01693,C352,P08,1,100.99,2025-09-30 01:57:42,100.99,446.98
O01694,C142,P37,1,42.99,2024-12-27 07:14:14,42.99,120.98
O01694,C142,P49,1,77.99,2024-12-27 07:14:14,77.99,120.98
O01695,C431,P15,1,18.99,2025-09-07 00:35:37,18.99,18.99
O01696,C495,P11,1,91.99,2026-05-22 06:34:39,91.99,91.99
O01697,C380,P16,1,30.99,2026-04-03 08:51:31,30.99,30.99
O01698,C114,P15,1,18.99,2024-12-11 19:10:57,18.99,18.99
O01699,C002,P25,1,25.99,2024-12-10 09:27:37,25.99,296.97
O01699,C002,P29,1,199.99,2024-12-10 09:27:37,199.99,296.97
O01699,C002,P14,1,70.99,2024-12-10 09:27:37,70.99,296.97
O01700,C228,P49,1,77.99,2025-05-13 23:56:24,77.99,557.96
O01700,C228,P25,1,25.99,2025-05-13 23:56:24,25.99,557.96
O01700,C228,P02,2,226.99,2025-05-13 23:56:24,453.98,557.96
O01701,C252,P33,1,74.99,2025-05-08 16:21:20,74.99,74.99
O01702,C430,P39,1,21.99,2026-04-13 06:23:09,21.99,132.98
O01702,C430,P45,1,110.99,2026-04-13 06:23:09,110.99,132.98
O01703,C207,P46,1,154.99,2024-11-29 10:22:25,154.99,154.99
O01704,C119,P16,1,30.99,2025-03-16 15:01:43,30.99,200.97
O01704,C119,P42,1,58.99,2025-03-16 15:01:43,58.99,200.97
O01704,C119,P45,1,110.99,2025-03-16 15:01:43,110.99,200.97
O01705,C293,P29,2,199.99,2025-02-14 12:01:31,399.98,399.98
O01706,C046,P17,1,22.99,2025-05-09 11:14:17,22.99,22.99
O01707,C087,P13,3,114.99,2024-12-03 18:41:33,344.97,550.96
O01707,C087,P03,1,205.99,2024-12-03 18:41:33,205.99,550.96
O01708,C390,P45,1,110.99,2024-12-19 22:58:10,110.99,110.99
O01709,C129,P28,1,198.99,2024-09-15 08:28:09,198.99,198.99
O01710,C469,P15,1,18.99,2025-05-17 13:19:10,18.99,421.98
O01710,C469,P06,1,402.99,2025-05-17 13:19:10,402.99,421.98
O01711,C401,P28,1,198.99,2026-06-06 23:11:18,198.99,290.98
O01711,C401,P11,1,91.99,2026-06-06 23:11:18,91.99,290.98
O01712,C101,P12,1,100.99,2025-10-07 02:04:49,100.99,100.99
O01713,C399,P12,1,100.99,2025-08-03 11:46:11,100.99,100.99
O01714,C005,P02,1,226.99,2025-01-26 05:49:17,226.99,301.98
O01714,C005,P33,1,74.99,2025-01-26 05:49:17,74.99,301.98
O01715,C070,P39,1,21.99,2024-11-14 15:09:54,21.99,21.99
O01716,C294,P08,1,100.99,2025-12-27 14:15:29,100.99,100.99
O01717,C083,P19,1,113.99,2025-11-04 01:04:24,113.99,113.99
O01718,C410,P34,2,53.99,2025-12-14 12:35:34,107.98,581.96
O01718,C410,P30,2,236.99,2025-12-14 12:35:34,473.98,581.96
O01719,C182,P49,1,77.99,2025-12-28 18:45:53,77.99,100.98
O01719,C182,P17,1,22.99,2025-12-28 18:45:53,22.99,100.98
O01720,C258,P39,3,21.99,2026-02-26 04:51:02,65.97,65.97
O01721,C432,P20,1,96.99,2025-11-22 19:57:26,96.99,96.99
O01722,C162,P49,1,77.99,2025-06-23 00:13:27,77.99,170.98
O01722,C162,P10,1,92.99,2025-06-23 00:13:27,92.99,170.98
O01723,C389,P10,1,92.99,2026-02-17 20:50:19,92.99,92.99
O01724,C117,P30,1,236.99,2026-04-09 08:31:25,236.99,236.99
O01725,C105,P41,1,199.99,2025-06-01 13:03:15,199.99,794.96
O01725,C105,P07,1,366.99,2025-06-01 13:03:15,366.99,794.96
O01725,C105,P19,2,113.99,2025-06-01 13:03:15,227.98,794.96
O01726,C455,P33,1,74.99,2025-12-25 13:04:38,74.99,74.99
O01727,C021,P20,2,96.99,2026-05-07 15:04:22,193.98,193.98
O01728,C085,P18,1,44.99,2024-07-14 03:09:47,44.99,326.98
O01728,C085,P04,1,281.99,2024-07-14 03:09:47,281.99,326.98
O01729,C267,P30,1,236.99,2025-03-09 14:25:21,236.99,442.98
O01729,C267,P23,1,205.99,2025-03-09 14:25:21,205.99,442.98
O01730,C027,P32,1,24.99,2026-01-04 18:07:56,24.99,24.99
O01731,C264,P05,2,429.99,2024-08-06 12:16:47,859.98,952.97
O01731,C264,P10,1,92.99,2024-08-06 17:46:47,92.99,952.97
O01732,C339,P10,1,92.99,2026-02-28 23:46:40,92.99,92.99
O01733,C101,P03,1,205.99,2024-09-28 12:17:25,205.99,205.99
O01734,C489,P10,1,92.99,2026-01-22 13:36:12,92.99,92.99
O01735,C291,P03,1,205.99,2024-12-16 06:00:04,205.99,205.99
O01736,C248,P44,1,143.99,2025-12-28 07:29:58,143.99,672.96
O01736,C248,P32,1,24.99,2025-12-28 07:29:58,24.99,672.96
O01736,C248,P08,1,100.99,2025-12-28 07:29:58,100.99,672.96
O01736,C248,P06,1,402.99,2025-12-28 07:29:58,402.99,672.96
O01737,C191,P48,1,78.99,2026-02-19 08:36:35,78.99,273.98
O01737,C191,P22,1,194.99,2026-02-19 08:36:35,194.99,273.98
O01738,C080,P39,2,21.99,2025-11-15 22:37:33,43.98,235.97
O01738,C080,P50,1,191.99,2025-11-15 22:37:33,191.99,235.97
O01739,C012,P47,3,41.99,2025-05-05 08:21:32,125.97,125.97
O01740,C027,P10,1,92.99,2026-05-23 09:51:55,92.99,92.99
O01741,C433,P07,1,366.99,2026-05-30 07:29:57,366.99,366.99
O01742,C259,P06,1,402.99,2025-03-02 23:25:26,402.99,402.99
O01743,C486,P04,1,281.99,2026-06-11 02:49:20,281.99,568.97
O01743,C486,P28,1,198.99,2026-06-11 02:49:20,198.99,568.97
O01743,C486,P26,1,87.99,2026-06-11 02:49:20,87.99,568.97
O01744,C016,P32,2,24.99,2025-02-02 11:07:19,49.98,49.98
O01745,C203,P16,1,30.99,2025-09-24 12:27:54,30.99,30.99
O01746,C085,P06,1,402.99,2025-02-05 19:20:37,402.99,402.99
O01747,C043,P06,2,402.99,2025-12-31 00:09:34,805.98,805.98
O01748,C407,P12,1,100.99,2026-05-24 20:09:03,100.99,100.99
O01749,C150,P45,1,110.99,2026-06-21 11:43:43,110.99,594.96
O01749,C150,P23,1,205.99,2026-06-21 11:43:43,205.99,594.96
O01749,C150,P43,2,138.99,2026-06-21 11:43:43,277.98,594.96
O01750,C170,P13,2,114.99,2024-10-04 18:05:02,229.98,321.97
O01750,C170,P11,1,91.99,2024-10-04 18:05:02,91.99,321.97
O01751,C252,P05,1,429.99,2024-10-11 18:18:39,429.99,668.96
O01751,C252,P40,1,10.99,2024-10-11 18:18:39,10.99,668.96
O01751,C252,P19,2,113.99,2024-10-11 18:18:39,227.98,668.96
O01752,C081,P15,1,18.99,2025-06-11 22:32:06,18.99,18.99
O01753,C017,P29,2,199.99,2025-03-29 10:42:10,399.98,605.97
O01753,C017,P23,1,205.99,2025-03-29 05:12:10,205.99,605.97
O01754,C335,P20,1,96.99,2026-03-15 12:26:51,96.99,432.97
O01754,C335,P43,1,138.99,2026-03-15 12:26:51,138.99,432.97
O01754,C335,P21,1,196.99,2026-03-15 12:26:51,196.99,432.97
O01755,C019,P29,1,199.99,2024-09-15 18:56:07,199.99,199.99
O01756,C371,P46,1,154.99,2025-04-03 10:44:20,154.99,171.98
O01756,C371,P31,1,16.99,2025-04-03 10:44:20,16.99,171.98
O01757,C330,P46,2,154.99,2025-11-19 21:35:46,309.98,380.97
O01757,C330,P14,1,70.99,2025-11-19 21:35:46,70.99,380.97
O01758,C187,P17,1,22.99,2024-11-10 06:22:04,22.99,22.99
O01759,C417,P21,1,196.99,2026-03-01 21:25:50,196.99,396.98
O01759,C417,P29,1,199.99,2026-03-01 15:55:50,199.99,396.98
O01760,C495,P45,1,110.99,2026-04-21 21:20:58,110.99,211.98
O01760,C495,P12,1,100.99,2026-04-21 21:20:58,100.99,211.98
O01761,C489,P10,1,92.99,2026-02-14 02:31:56,92.99,364.96
O01761,C489,P03,1,205.99,2026-02-14 02:31:56,205.99,364.96
O01761,C489,P09,1,34.99,2026-02-14 02:31:56,34.99,364.96
O01761,C489,P16,1,30.99,2026-02-14 02:31:56,30.99,364.96
O01762,C093,P40,1,10.99,2025-04-20 00:40:23,10.99,310.98
O01762,C093,P24,1,299.99,2025-04-20 00:40:23,299.99,310.98
O01763,C396,P44,1,143.99,2026-05-01 16:12:13,143.99,143.99
O01764,C378,P38,1,38.99,2026-02-18 08:33:25,38.99,175.96
O01764,C378,P40,2,10.99,2026-02-18 08:33:25,21.98,175.96
O01764,C378,P13,1,114.99,2026-02-18 08:33:25,114.99,175.96
O01765,C233,P49,1,77.99,2026-06-03 18:35:18,77.99,314.98
O01765,C233,P30,1,236.99,2026-06-03 18:35:18,236.99,314.98
O01767,C231,P43,1,138.99,2024-12-20 20:54:02,138.99,200.97
O01767,C231,P38,1,38.99,2024-12-20 20:54:02,38.99,200.97
O01767,C231,P17,1,22.99,2024-12-20 20:54:02,22.99,200.97
O01768,C114,P04,2,281.99,2026-05-23 14:15:25,563.98,563.98
O01769,C411,P27,1,239.99,2026-04-22 17:52:57,239.99,693.97
O01769,C411,P02,2,226.99,2026-04-22 17:52:57,453.98,693.97
O01770,C407,P32,1,24.99,2026-05-16 09:49:38,24.99,24.99
O01771,C148,P22,1,194.99,2025-12-26 07:59:24,194.99,295.98
O01771,C148,P12,1,100.99,2025-12-26 07:59:24,100.99,295.98
O01772,C351,P02,2,226.99,2025-09-14 10:41:15,453.98,855.96
O01772,C351,P07,1,366.99,2025-09-14 10:41:15,366.99,855.96
O01772,C351,P09,1,34.99,2025-09-14 10:41:15,34.99,855.96
O01773,C150,P47,1,41.99,2025-11-16 13:10:57,41.99,41.99
O01774,C050,P41,1,199.99,2025-12-20 09:19:34,199.99,629.98
O01774,C050,P05,1,429.99,2025-12-20 09:19:34,429.99,629.98
O01775,C063,P49,2,77.99,2026-02-21 00:15:04,155.98,200.97
O01775,C063,P18,1,44.99,2026-02-21 00:15:04,44.99,200.97
O01776,C232,P30,1,236.99,2025-02-07 16:49:53,236.99,311.98
O01776,C232,P33,1,74.99,2025-02-07 16:49:53,74.99,311.98
O01777,C143,P25,1,25.99,2025-12-27 11:50:05,25.99,25.99
O01778,C280,P50,1,191.99,2026-05-17 23:01:58,191.99,1024.97
O01778,C280,P06,1,402.99,2026-05-17 23:01:58,402.99,1024.97
O01778,C280,P05,1,429.99,2026-05-17 23:01:58,429.99,1024.97
O01779,C354,P02,2,226.99,2025-08-17 15:59:48,453.98,648.97
O01779,C354,P22,1,194.99,2025-08-17 15:59:48,194.99,648.97
O01780,C222,P11,1,91.99,2024-10-07 16:49:51,91.99,91.99
O01781,C327,P48,1,78.99,2025-07-30 18:47:44,78.99,78.99
O01782,C337,P21,1,196.99,2026-05-09 15:35:49,196.99,196.99
O01783,C102,P23,1,205.99,2026-04-05 01:28:12,205.99,205.99
O01784,C341,P01,2,345.99,2026-06-06 20:21:26,691.98,888.97
O01784,C341,P21,1,196.99,2026-06-06 20:21:26,196.99,888.97
O01785,C432,P09,1,34.99,2025-10-02 16:35:49,34.99,34.99
O01786,C284,P03,1,205.99,2026-07-03 23:48:21,205.99,205.99
O01787,C327,P03,2,205.99,2025-03-12 09:34:52,411.98,411.98
O01788,C029,P25,3,25.99,2026-05-11 21:08:44,77.97,77.97
O01789,C144,P32,1,24.99,2025-02-09 13:04:33,24.99,24.99
O01790,C154,P06,2,402.99,2025-04-11 00:18:20,805.98,805.98
O01791,C477,P07,3,366.99,2026-01-03 19:54:06,1100.97,1100.97
O01792,C394,P06,1,402.99,2025-11-10 03:11:36,402.99,402.99
O01793,C142,P06,2,402.99,2025-01-13 17:48:34,805.98,1163.95
O01793,C142,P46,2,154.99,2025-01-13 17:48:34,309.98,1163.95
O01793,C142,P36,1,47.99,2025-01-13 17:48:34,47.99,1163.95
O01794,C465,P03,1,205.99,2025-09-25 09:06:57,205.99,205.99
O01795,C450,P09,1,34.99,2025-11-12 21:21:17,34.99,894.97
O01795,C450,P05,2,429.99,2025-11-12 21:21:17,859.98,894.97
O01796,C003,P26,1,87.99,2024-10-10 15:02:30,87.99,512.97
O01796,C003,P35,1,57.99,2024-10-10 15:02:30,57.99,512.97
O01796,C003,P07,1,366.99,2024-10-10 15:02:30,366.99,512.97
O01797,C407,P37,2,42.99,2026-01-22 10:10:11,85.98,196.97
O01797,C407,P45,1,110.99,2026-01-22 10:10:11,110.99,196.97
O01798,C009,P44,1,143.99,2025-06-08 23:45:08,143.99,143.99
O01800,C122,P34,1,53.99,2024-08-28 06:39:42,53.99,53.99
O01801,C070,P18,1,44.99,2025-04-09 18:26:58,44.99,106.97
O01801,C070,P16,2,30.99,2025-04-09 18:26:58,61.98,106.97
O01802,C362,P08,1,100.99,2025-12-06 20:38:31,100.99,100.99
O01803,C098,P42,1,58.99,2025-12-13 22:08:36,58.99,58.99
O01804,C496,P16,1,30.99,2026-02-28 04:45:02,30.99,30.99
O01805,C375,P08,1,100.99,2025-07-11 12:08:13,100.99,100.99
O01806,C334,P07,1,366.99,2025-03-20 03:53:44,366.99,366.99
O01807,C229,P24,1,299.99,2024-11-05 23:41:50,299.99,299.99
O01808,C211,P13,2,114.99,2025-03-16 16:43:17,229.98,229.98
O01809,C075,P43,1,138.99,2024-11-29 11:12:55,138.99,200.97
O01809,C075,P16,2,30.99,2024-11-29 11:12:55,61.98,200.97
O01810,C224,P04,1,281.99,2024-08-18 00:27:29,281.99,281.99
O01811,C269,P19,1,113.99,2024-12-29 13:07:56,113.99,113.99
O01812,C219,P38,1,38.99,2025-12-21 15:50:48,38.99,275.98
O01812,C219,P30,1,236.99,2025-12-21 15:50:48,236.99,275.98
O01813,C231,P18,1,44.99,2024-11-26 08:53:30,44.99,153.97
O01813,C231,P11,1,91.99,2024-11-26 08:53:30,91.99,153.97
O01813,C231,P31,1,16.99,2024-11-26 08:53:30,16.99,153.97
O01814,C197,P08,1,100.99,2024-12-03 17:32:41,100.99,187.97
O01814,C197,P18,1,44.99,2024-12-03 17:32:41,44.99,187.97
O01814,C197,P47,1,41.99,2024-12-03 17:32:41,41.99,187.97
O01815,C442,P37,2,42.99,2026-03-09 09:47:25,85.98,85.98
O01816,C055,P43,2,138.99,2024-12-11 09:16:51,277.98,277.98
O01817,C439,P34,1,53.99,2026-05-14 16:58:11,53.99,399.98
O01817,C439,P01,1,345.99,2026-05-14 16:58:11,345.99,399.98
O01818,C394,P31,1,16.99,2026-02-10 17:26:36,16.99,16.99
O01819,C056,P18,1,44.99,2025-12-08 23:48:27,44.99,44.99
O01820,C322,P25,1,25.99,2026-03-28 19:36:36,25.99,25.99
O01821,C101,P31,1,16.99,2026-03-28 04:32:54,16.99,16.99
O01822,C273,P05,1,429.99,2025-02-02 07:27:35,429.99,429.99
O01823,C459,P27,1,239.99,2025-01-25 13:55:02,239.99,239.99
O01824,C379,P15,1,18.99,2025-08-02 21:35:28,18.99,97.98
O01824,C379,P48,1,78.99,2025-08-02 21:35:28,78.99,97.98
O01825,C019,P42,1,58.99,2024-12-16 12:56:07,58.99,407.95
O01825,C019,P38,2,38.99,2024-12-16 18:26:07,77.98,407.95
O01825,C019,P29,1,199.99,2024-12-16 18:26:07,199.99,407.95
O01825,C019,P14,1,70.99,2024-12-16 18:26:07,70.99,407.95
O01826,C129,P16,1,30.99,2025-12-29 17:47:40,30.99,253.97
O01826,C129,P03,1,205.99,2025-12-29 17:47:40,205.99,253.97
O01826,C129,P31,1,16.99,2025-12-29 17:47:40,16.99,253.97
O01827,C357,P22,1,194.99,2026-03-19 15:52:13,194.99,561.98
O01827,C357,P07,1,366.99,2026-03-19 15:52:13,366.99,561.98
O01828,C474,P23,1,205.99,2025-11-15 00:27:44,205.99,205.99
O01830,C092,P04,1,281.99,2024-11-24 06:12:08,281.99,281.99
O01831,C116,P14,1,70.99,2025-10-21 19:37:46,70.99,570.97
O01831,C116,P24,1,299.99,2025-10-22 01:07:46,299.99,570.97
O01831,C116,P41,1,199.99,2025-10-22 01:07:46,199.99,570.97
O01832,C222,P25,1,25.99,2024-11-09 02:53:57,25.99,25.99
O01833,C192,P07,1,366.99,2024-08-05 05:43:53,366.99,847.97
O01833,C192,P06,1,402.99,2024-08-05 05:43:53,402.99,847.97
O01833,C192,P49,1,77.99,2024-08-05 05:43:53,77.99,847.97
O01834,C223,P36,1,47.99,2024-12-07 05:17:45,47.99,335.97
O01834,C223,P44,2,143.99,2024-12-07 05:17:45,287.98,335.97
O01835,C303,P39,1,21.99,2026-06-25 18:21:56,21.99,21.99
O01836,C291,P29,1,199.99,2024-12-01 14:27:11,199.99,244.98
O01836,C291,P18,1,44.99,2024-12-01 14:27:11,44.99,244.98
O01839,C439,P46,1,154.99,2026-03-06 15:25:58,154.99,233.98
O01839,C439,P48,1,78.99,2026-03-06 15:25:58,78.99,233.98
O01840,C093,P04,1,281.99,2025-08-10 07:51:08,281.99,281.99
O01841,C311,P22,1,194.99,2025-09-07 02:15:34,194.99,248.98
O01841,C311,P34,1,53.99,2025-09-07 02:15:34,53.99,248.98
O01842,C171,P14,1,70.99,2025-08-19 05:02:27,70.99,70.99
O01843,C405,P29,1,199.99,2025-11-18 20:05:33,199.99,199.99
O01844,C370,P11,1,91.99,2025-12-20 02:47:48,91.99,91.99
O01845,C434,P50,1,191.99,2025-02-07 01:48:00,191.99,469.97
O01845,C434,P43,2,138.99,2025-02-07 01:48:00,277.98,469.97
O01846,C371,P41,1,199.99,2025-03-08 10:10:48,199.99,238.98
O01846,C371,P38,1,38.99,2025-03-08 10:10:48,38.99,238.98
O01847,C247,P42,1,58.99,2026-05-24 03:28:50,58.99,640.97
O01847,C247,P24,1,299.99,2026-05-24 03:28:50,299.99,640.97
O01847,C247,P04,1,281.99,2026-05-24 03:28:50,281.99,640.97
O01848,C369,P33,1,74.99,2025-07-28 11:20:24,74.99,133.98
O01848,C369,P42,1,58.99,2025-07-28 11:20:24,58.99,133.98
O01849,C082,P31,1,16.99,2024-09-21 04:38:42,16.99,244.97
O01849,C082,P19,2,113.99,2024-09-21 04:38:42,227.98,244.97
O01850,C040,P21,1,196.99,2024-11-08 09:32:39,196.99,222.98
O01850,C040,P25,1,25.99,2024-11-08 09:32:39,25.99,222.98
O01851,C240,P16,1,30.99,2024-07-28 19:03:00,30.99,56.98
O01851,C240,P25,1,25.99,2024-07-28 19:03:00,25.99,56.98
O01852,C186,P37,1,42.99,2025-12-05 08:33:09,42.99,42.99
O01853,C212,P24,1,299.99,2024-11-08 08:32:14,299.99,817.96
O01853,C212,P43,1,138.99,2024-11-08 08:32:14,138.99,817.96
O01853,C212,P04,1,281.99,2024-11-08 08:32:14,281.99,817.96
O01853,C212,P20,1,96.99,2024-11-08 08:32:14,96.99,817.96
O01854,C366,P27,1,239.99,2025-02-17 15:03:26,239.99,239.99
O01855,C315,P50,1,191.99,2025-09-17 19:22:50,191.99,456.96
O01855,C315,P40,1,10.99,2025-09-17 19:22:50,10.99,456.96
O01855,C315,P41,1,199.99,2025-09-17 19:22:50,199.99,456.96
O01855,C315,P34,1,53.99,2025-09-17 19:22:50,53.99,456.96
O01856,C063,P36,2,47.99,2026-03-05 08:53:00,95.98,95.98
O01857,C379,P42,1,58.99,2025-07-01 20:46:16,58.99,325.95
O01857,C379,P12,2,100.99,2025-07-01 20:46:16,201.98,325.95
O01857,C379,P36,1,47.99,2025-07-01 20:46:16,47.99,325.95
O01857,C379,P31,1,16.99,2025-07-01 20:46:16,16.99,325.95
O01858,C392,P10,1,92.99,2026-03-29 20:04:25,92.99,92.99
O01859,C073,P34,1,53.99,2025-11-25 19:43:18,53.99,96.98
O01859,C073,P37,1,42.99,2025-11-25 19:43:18,42.99,96.98
O01860,C158,P49,1,77.99,2025-04-12 05:01:15,77.99,267.97
O01860,C158,P46,1,154.99,2025-04-12 05:01:15,154.99,267.97
O01860,C158,P09,1,34.99,2025-04-12 05:01:15,34.99,267.97
O01861,C110,P25,1,25.99,2024-10-07 08:05:29,25.99,139.98
O01861,C110,P19,1,113.99,2024-10-07 08:05:29,113.99,139.98
O01862,C388,P47,1,41.99,2026-03-30 01:11:25,41.99,185.98
O01862,C388,P44,1,143.99,2026-03-30 01:11:25,143.99,185.98
O01863,C096,P25,1,25.99,2024-12-30 23:01:42,25.99,25.99
O01864,C406,P34,1,53.99,2024-12-25 09:32:36,53.99,547.96
O01864,C406,P33,1,74.99,2024-12-25 09:32:36,74.99,547.96
O01864,C406,P02,1,226.99,2024-12-25 09:32:36,226.99,547.96
O01864,C406,P50,1,191.99,2024-12-25 09:32:36,191.99,547.96
O01865,C266,P30,1,236.99,2024-11-18 08:21:46,236.99,640.96
O01865,C266,P40,1,10.99,2024-11-18 08:21:46,10.99,640.96
O01865,C266,P45,1,110.99,2024-11-18 08:21:46,110.99,640.96
O01865,C266,P04,1,281.99,2024-11-18 08:21:46,281.99,640.96
O01866,C437,P49,1,77.99,2025-08-01 06:58:13,77.99,77.99
O01867,C100,P08,1,100.99,2026-01-30 08:37:20,100.99,230.97
O01867,C100,P26,1,87.99,2026-01-30 08:37:20,87.99,230.97
O01867,C100,P47,1,41.99,2026-01-30 08:37:20,41.99,230.97
O01868,C049,P08,1,100.99,2025-11-30 14:33:29,100.99,274.96
O01868,C049,P35,3,57.99,2025-11-30 14:33:29,173.97,274.96
O01869,C124,P09,1,34.99,2025-09-28 20:43:12,34.99,34.99
O01870,C166,P47,2,41.99,2026-07-05 01:56:26,83.98,916.96
O01870,C166,P05,1,429.99,2026-07-05 01:56:26,429.99,916.96
O01870,C166,P06,1,402.99,2026-07-05 01:56:26,402.99,916.96
O01871,C389,P27,2,239.99,2026-06-14 12:06:29,479.98,953.94
O01871,C389,P50,2,191.99,2026-06-14 12:06:29,383.98,953.94
O01871,C389,P36,1,47.99,2026-06-14 12:06:29,47.99,953.94
O01871,C389,P47,1,41.99,2026-06-14 12:06:29,41.99,953.94
O01872,C421,P27,1,239.99,2025-08-31 00:37:06,239.99,239.99
O01873,C066,P25,1,25.99,2026-02-07 16:59:00,25.99,25.99
O01874,C327,P39,2,21.99,2025-12-06 08:46:18,43.98,329.94
O01874,C327,P08,2,100.99,2025-12-06 08:46:18,201.98,329.94
O01874,C327,P47,2,41.99,2025-12-06 08:46:00,83.98,329.94
O01875,C349,P04,1,281.99,2025-04-05 11:39:50,281.99,281.99
O01876,C310,P37,1,42.99,2025-04-27 03:55:33,42.99,156.98
O01876,C310,P19,1,113.99,2025-04-27 03:55:33,113.99,156.98
O01877,C119,P09,1,34.99,2025-04-02 15:21:53,34.99,34.99
O01879,C172,P45,1,110.99,2025-02-07 02:05:16,110.99,231.97
O01879,C172,P48,1,78.99,2025-02-07 02:05:16,78.99,231.97
O01879,C172,P47,1,41.99,2025-02-07 02:05:16,41.99,231.97
O01880,C383,P22,1,194.99,2025-06-29 11:40:01,194.99,225.98
O01880,C383,P16,1,30.99,2025-06-29 11:40:01,30.99,225.98
O01881,C223,P08,1,100.99,2026-06-06 23:02:33,100.99,179.98
O01881,C223,P48,1,78.99,2026-06-06 23:02:33,78.99,179.98
O01882,C010,P14,1,70.99,2026-05-10 06:55:03,70.99,670.97
O01882,C010,P24,2,299.99,2026-05-10 06:55:03,599.98,670.97
O01883,C046,P05,2,429.99,2026-01-20 00:24:09,859.98,1056.97
O01883,C046,P21,1,196.99,2026-01-20 00:24:09,196.99,1056.97
O01884,C488,P04,1,281.99,2025-11-22 06:16:57,281.99,281.99
O01885,C261,P32,1,24.99,2025-08-20 13:36:06,24.99,24.99
O01886,C288,P17,1,22.99,2025-11-06 04:39:13,22.99,421.96
O01886,C288,P19,1,113.99,2025-11-06 04:39:13,113.99,421.96
O01886,C288,P48,1,78.99,2025-11-06 04:39:13,78.99,421.96
O01886,C288,P03,1,205.99,2025-11-06 04:39:13,205.99,421.96
O01887,C230,P43,2,138.99,2025-12-26 10:19:15,277.98,277.98
O01888,C378,P42,1,58.99,2026-05-10 04:26:02,58.99,58.99
O01889,C371,P45,1,110.99,2025-05-03 03:42:23,110.99,110.99
O01890,C421,P19,1,113.99,2025-09-09 11:36:37,113.99,156.98
O01890,C421,P37,1,42.99,2025-09-09 11:36:37,42.99,156.98
O01891,C232,P39,1,21.99,2026-06-28 18:51:10,21.99,21.99
O01892,C320,P25,1,25.99,2026-05-28 13:49:39,25.99,217.98
O01892,C320,P50,1,191.99,2026-05-28 13:49:39,191.99,217.98
O01893,C329,P49,1,77.99,2026-04-28 19:47:46,77.99,314.98
O01893,C329,P30,1,236.99,2026-04-28 19:47:46,236.99,314.98
O01894,C075,P37,1,42.99,2025-08-06 11:37:24,42.99,73.98
O01894,C075,P16,1,30.99,2025-08-06 11:37:24,30.99,73.98
O01895,C151,P13,2,114.99,2024-07-24 16:56:19,229.98,330.97
O01895,C151,P12,1,100.99,2024-07-24 16:56:19,100.99,330.97
O01896,C430,P28,1,198.99,2026-06-03 07:18:49,198.99,198.99
O01897,C287,P36,1,47.99,2026-05-31 01:26:39,47.99,64.98
O01897,C287,P31,1,16.99,2026-05-31 01:26:39,16.99,64.98
O01898,C235,P14,1,70.99,2025-12-20 00:41:28,70.99,70.99
O01899,C483,P43,1,138.99,2026-07-05 07:33:38,138.99,138.99
O01900,C465,P36,1,47.99,2025-04-17 07:57:33,47.99,47.99
O01901,C429,P27,3,239.99,2026-06-18 09:52:00,719.97,1098.94
O01901,C429,P43,2,138.99,2026-06-18 09:52:00,277.98,1098.94
O01901,C429,P08,1,100.99,2026-06-18 09:52:00,100.99,1098.94
O01902,C223,P26,1,87.99,2025-02-09 17:51:54,87.99,126.98
O01902,C223,P38,1,38.99,2025-02-09 17:51:54,38.99,126.98
O01903,C076,P37,1,42.99,2025-05-06 08:05:50,42.99,68.98
O01903,C076,P25,1,25.99,2025-05-06 08:05:50,25.99,68.98
O01904,C473,P07,1,366.99,2026-03-29 00:35:30,366.99,603.97
O01904,C473,P44,1,143.99,2026-03-29 00:35:30,143.99,603.97
O01904,C473,P10,1,92.99,2026-03-29 00:35:30,92.99,603.97
O01905,C173,P18,1,44.99,2026-06-18 03:16:53,44.99,44.99
O01906,C077,P03,2,205.99,2024-12-11 09:54:32,411.98,411.98
O01907,C427,P43,2,138.99,2026-06-19 15:48:14,277.98,277.98
O01908,C223,P49,1,77.99,2025-10-05 12:04:03,77.99,77.99
O01909,C104,P02,2,226.99,2024-09-11 21:12:52,453.98,735.97
O01909,C104,P04,1,281.99,2024-09-11 21:12:52,281.99,735.97
O01910,C029,P05,1,429.99,2025-10-16 08:05:18,429.99,508.98
O01910,C029,P48,1,78.99,2025-10-16 08:05:18,78.99,508.98
O01911,C397,P29,1,199.99,2026-05-04 20:33:12,199.99,498.97
O01911,C397,P42,1,58.99,2026-04-05 20:33:12,58.99,498.97
O01911,C397,P27,1,239.99,2026-04-05 20:33:12,239.99,498.97
O01912,C327,P39,1,21.99,2025-02-09 00:57:31,21.99,21.99
O01913,C084,P49,1,77.99,2024-08-26 14:56:08,77.99,317.98
O01913,C084,P27,1,239.99,2024-08-26 14:56:08,239.99,317.98
O01914,C177,P41,1,199.99,2024-07-22 02:47:55,199.99,199.99
O01915,C473,P39,1,21.99,2025-10-18 01:10:36,21.99,451.98
O01915,C473,P05,1,429.99,2025-10-18 01:10:36,429.99,451.98
O01916,C204,P13,1,114.99,2026-05-09 21:34:16,114.99,114.99
O01917,C233,P11,1,91.99,2024-12-08 04:59:20,91.99,91.99
O01918,C469,P30,1,236.99,2026-06-12 03:29:34,236.99,999.96
O01918,C469,P01,2,345.99,2026-06-12 03:29:34,691.98,999.96
O01918,C469,P14,1,70.99,2026-06-12 03:29:34,70.99,999.96
O01919,C053,P49,1,77.99,2024-09-14 05:00:24,77.99,77.99
O01920,C423,P35,1,57.99,2026-04-17 21:20:08,57.99,57.99
O01921,C177,P43,1,138.99,2025-03-14 06:13:28,138.99,138.99
O01922,C158,P21,2,196.99,2024-12-20 01:46:10,393.98,768.96
O01922,C158,P04,1,281.99,2024-12-20 01:46:10,281.99,768.96
O01922,C158,P10,1,92.99,2024-12-20 01:46:10,92.99,768.96
O01923,C419,P14,1,70.99,2025-10-04 08:18:03,70.99,70.99
O01924,C426,P30,1,236.99,2025-10-18 15:34:06,236.99,340.97
O01924,C426,P48,1,78.99,2025-10-18 15:34:06,78.99,340.97
O01924,C426,P32,1,24.99,2025-10-18 15:34:06,24.99,340.97
O01925,C008,P38,1,38.99,2026-02-04 20:05:56,38.99,38.99
O01926,C094,P27,1,239.99,2024-10-06 06:16:33,239.99,374.97
O01926,C094,P11,1,91.99,2024-10-06 06:16:33,91.99,374.97
O01926,C094,P37,1,42.99,2024-10-06 06:16:33,42.99,374.97
O01927,C375,P15,2,18.99,2026-02-03 14:14:48,37.98,37.98
O01928,C277,P44,3,143.99,2024-12-12 03:54:32,431.97,431.97
O01929,C210,P48,1,78.99,2024-07-31 07:36:48,78.99,78.99
O01930,C403,P44,2,143.99,2026-01-19 17:46:40,287.98,287.98
O01931,C061,P32,1,24.99,2025-05-24 22:03:25,24.99,231.96
O01931,C061,P16,1,30.99,2025-05-24 22:03:25,30.99,231.96
O01931,C061,P26,2,87.99,2025-05-24 22:03:25,175.98,231.96
O01932,C008,P43,1,138.99,2025-03-03 00:24:34,138.99,138.99
O01933,C093,P26,1,87.99,2024-12-05 11:20:43,87.99,87.99
O01934,C338,P44,1,143.99,2025-11-07 10:34:28,143.99,254.97
O01934,C338,P17,1,22.99,2025-11-07 10:34:28,22.99,254.97
O01934,C338,P26,1,87.99,2025-11-07 10:34:28,87.99,254.97
O01935,C395,P26,2,87.99,2026-06-05 02:36:08,175.98,175.98
O01936,C387,P44,1,143.99,2025-12-02 01:35:37,143.99,188.98
O01936,C387,P18,1,44.99,2025-12-02 01:35:00,44.99,188.98
O01937,C278,P09,1,34.99,2024-12-28 17:55:01,34.99,457.96
O01937,C278,P03,1,205.99,2024-12-28 17:55:01,205.99,457.96
O01937,C278,P22,1,194.99,2024-12-28 17:55:01,194.99,457.96
O01937,C278,P39,1,21.99,2024-12-28 17:55:01,21.99,457.96
O01938,C369,P42,1,58.99,2025-12-24 22:16:32,58.99,212.96
O01938,C369,P09,1,34.99,2025-12-24 22:16:32,34.99,212.96
O01938,C369,P20,1,96.99,2025-12-24 22:16:32,96.99,212.96
O01938,C369,P39,1,21.99,2025-12-24 22:16:32,21.99,212.96
O01939,C332,P30,2,236.99,2026-03-03 11:28:40,473.98,551.97
O01939,C332,P49,1,77.99,2026-03-03 11:28:40,77.99,551.97
O01940,C226,P29,1,199.99,2024-09-26 05:15:57,199.99,225.98
O01940,C226,P25,1,25.99,2024-09-26 05:15:57,25.99,225.98
O01941,C498,P25,1,25.99,2026-03-01 00:59:39,25.99,25.99
O01942,C494,P32,1,24.99,2026-05-27 23:40:42,24.99,130.95
O01942,C494,P40,2,10.99,2026-05-27 23:40:42,21.98,130.95
O01942,C494,P35,1,57.99,2026-05-27 23:40:42,57.99,130.95
O01942,C494,P25,1,25.99,2026-05-27 23:40:42,25.99,130.95
O01943,C255,P34,1,53.99,2025-12-03 04:53:53,53.99,53.99
O01944,C253,P44,1,143.99,2026-07-01 01:50:41,143.99,197.98
O01944,C253,P34,1,53.99,2026-07-01 01:50:41,53.99,197.98
O01945,C350,P02,2,226.99,2025-12-19 07:23:03,453.98,592.97
O01945,C350,P43,1,138.99,2025-12-19 07:23:03,138.99,592.97
O01946,C200,P03,1,205.99,2025-03-18 19:21:43,205.99,205.99
O01947,C064,P24,1,299.99,2024-11-14 17:11:49,299.99,389.97
O01947,C064,P18,2,44.99,2024-11-14 17:11:49,89.98,389.97
O01949,C327,P18,1,44.99,2025-01-12 04:43:34,44.99,132.98
O01949,C327,P26,1,87.99,2025-01-12 04:43:34,87.99,132.98
O01950,C482,P11,1,91.99,2024-12-10 18:59:06,91.99,91.99
O01951,C351,P47,1,41.99,2025-12-20 10:11:34,41.99,75.97
O01951,C351,P31,2,16.99,2025-12-20 10:11:34,33.98,75.97
O01952,C200,P15,1,18.99,2024-11-14 18:10:25,18.99,324.97
O01952,C200,P45,1,110.99,2024-11-14 18:10:25,110.99,324.97
O01952,C200,P22,1,194.99,2024-11-14 18:10:25,194.99,324.97
O01953,C115,P24,2,299.99,2026-02-28 16:06:35,599.98,826.97
O01953,C115,P02,1,226.99,2026-02-28 16:06:35,226.99,826.97
O01954,C135,P49,1,77.99,2026-05-27 17:20:01,77.99,102.98
O01954,C135,P32,1,24.99,2026-05-27 17:20:01,24.99,102.98
O01955,C134,P44,1,143.99,2024-12-05 06:19:40,143.99,218.98
O01955,C134,P33,1,74.99,2024-12-05 06:19:40,74.99,218.98
O01956,C427,P13,1,114.99,2025-09-15 15:38:30,114.99,114.99
O01957,C361,P24,1,299.99,2025-04-18 07:17:50,299.99,299.99
O01958,C158,P21,1,196.99,2024-09-23 09:29:06,196.99,196.99
O01959,C111,P27,1,239.99,2025-12-07 11:39:56,239.99,239.99
O01960,C434,P21,1,196.99,2026-05-22 03:15:51,196.99,196.99
O01961,C492,P07,2,366.99,2025-12-30 04:44:55,733.98,847.97
O01961,C492,P19,1,113.99,2025-12-30 04:44:55,113.99,847.97
O01962,C019,P08,1,100.99,2025-12-24 05:29:24,100.99,211.98
O01962,C019,P45,1,110.99,2025-12-24 05:29:24,110.99,211.98
O01963,C031,P24,1,299.99,2025-10-10 04:48:30,299.99,299.99
O01964,C433,P11,2,91.99,2026-04-14 17:54:49,183.98,183.98
O01965,C479,P50,1,191.99,2025-08-02 13:26:03,191.99,545.96
O01965,C479,P38,1,38.99,2025-08-02 13:26:03,38.99,545.96
O01965,C479,P33,1,74.99,2025-08-02 13:26:03,74.99,545.96
O01965,C479,P27,1,239.99,2025-08-02 13:26:03,239.99,545.96
O01966,C086,P48,2,78.99,2024-11-03 22:21:32,157.98,157.98
O01967,C144,P24,1,299.99,2025-08-12 10:46:37,299.99,299.99
O01968,C163,P20,2,96.99,2025-12-28 19:18:11,193.98,215.96
O01968,C163,P40,2,10.99,2025-12-28 19:18:11,21.98,215.96
O01969,C416,P01,1,345.99,2026-01-29 04:31:08,345.99,644.97
O01969,C416,P03,1,205.99,2026-01-29 10:01:08,205.99,644.97
O01969,C416,P10,1,92.99,2026-01-29 10:01:08,92.99,644.97
O01970,C332,P08,2,100.99,2026-06-20 02:15:08,201.98,398.97
O01970,C332,P21,1,196.99,2026-06-20 02:15:08,196.99,398.97
O01971,C003,P41,1,199.99,2025-01-25 15:02:33,199.99,199.99
O01972,C378,P34,1,53.99,2025-07-23 03:18:19,53.99,53.99
O01973,C197,P45,3,110.99,2025-03-23 19:45:31,332.97,332.97
O01974,C114,P19,1,113.99,2025-04-26 20:50:28,113.99,172.98
O01974,C114,P42,1,58.99,2025-04-26 20:50:28,58.99,172.98
O01975,C067,P24,1,299.99,2025-03-05 16:47:45,299.99,299.99
O01976,C487,P46,1,154.99,2026-06-05 16:13:51,154.99,579.97
O01976,C487,P35,1,57.99,2026-06-05 16:13:51,57.99,579.97
O01976,C487,P07,1,366.99,2026-06-05 16:13:51,366.99,579.97
O01977,C103,P06,1,402.99,2025-10-11 20:00:40,402.99,402.99
O01978,C379,P32,1,24.99,2025-07-02 02:33:15,24.99,24.99
O01979,C368,P31,1,16.99,2025-12-22 05:31:34,16.99,16.99
O01980,C362,P23,1,205.99,2025-09-06 14:11:50,205.99,205.99
O01981,C165,P09,1,34.99,2024-12-18 11:35:40,34.99,34.99
O01982,C442,P33,2,74.99,2026-02-07 01:20:09,149.98,341.97
O01982,C442,P50,1,191.99,2026-02-07 01:20:09,191.99,341.97
O01983,C196,P04,1,281.99,2026-04-05 17:15:46,281.99,281.99
O01984,C094,P30,1,236.99,2025-12-03 03:41:30,236.99,236.99
O01985,C102,P42,2,58.99,2025-05-14 22:46:13,117.98,296.95
O01985,C102,P38,2,38.99,2025-05-14 22:46:13,77.98,296.95
O01985,C102,P12,1,100.99,2025-05-14 22:46:13,100.99,296.95
O01986,C089,P27,2,239.99,2024-11-09 18:58:39,479.98,479.98
O01987,C490,P38,1,38.99,2026-02-13 13:51:20,38.99,468.98
O01987,C490,P05,1,429.99,2026-02-13 13:51:20,429.99,468.98
O01988,C282,P16,1,30.99,2024-11-05 05:20:41,30.99,30.99
O01989,C439,P27,1,239.99,2026-06-21 06:20:35,239.99,340.98
O01989,C439,P08,1,100.99,2026-06-21 06:20:35,100.99,340.98
O01990,C452,P02,1,226.99,2026-05-17 05:51:25,226.99,226.99
O01991,C134,P46,1,154.99,2026-03-05 18:51:49,154.99,154.99
O01992,C093,P29,1,199.99,2026-03-30 19:52:54,199.99,646.97
O01992,C093,P01,1,345.99,2026-03-30 19:52:54,345.99,646.97
O01992,C093,P12,1,100.99,2026-03-30 19:52:54,100.99,646.97
O01993,C170,P32,1,24.99,2024-12-13 19:29:48,24.99,66.98
O01993,C170,P47,1,41.99,2024-12-13 19:29:48,41.99,66.98
O01994,C459,P34,1,53.99,2026-02-25 04:37:35,53.99,119.97
O01994,C459,P16,1,30.99,2026-02-24 23:07:35,30.99,119.97
O01994,C459,P09,1,34.99,2026-02-25 04:37:35,34.99,119.97
O01995,C051,P04,1,281.99,2024-11-02 11:25:46,281.99,329.98
O01995,C051,P36,1,47.99,2024-11-02 11:25:46,47.99,329.98
O01996,C023,P44,1,143.99,2024-12-20 17:31:38,143.99,671.96
O01996,C023,P30,2,236.99,2024-12-20 17:31:38,473.98,671.96
O01996,C023,P34,1,53.99,2024-12-20 17:31:38,53.99,671.96
O01997,C351,P43,1,138.99,2025-04-19 23:46:45,138.99,419.97
O01997,C351,P33,1,74.99,2025-04-19 23:46:45,74.99,419.97
O01997,C351,P23,1,205.99,2025-04-19 23:46:45,205.99,419.97
O01998,C032,P20,1,96.99,2026-01-03 01:12:01,96.99,96.99
O01999,C199,P08,1,100.99,2025-11-06 18:54:50,100.99,337.98
O01999,C199,P30,1,236.99,2025-11-06 13:24:50,236.99,337.98
O02000,C084,P06,1,402.99,2026-05-24 23:36:57,402.99,821.97
O02000,C084,P02,1,226.99,2026-05-24 23:36:57,226.99,821.97
O02000,C084,P50,1,191.99,2026-05-24 23:36:57,191.99,821.97
O02001,C374,P20,1,96.99,2026-06-12 23:22:42,96.99,96.99
O02002,C142,P13,2,114.99,2025-11-09 23:32:12,229.98,229.98
O02003,C296,P32,1,24.99,2025-04-19 15:05:13,24.99,427.98
O02003,C296,P06,1,402.99,2025-04-19 15:05:13,402.99,427.98
O02004,C204,P11,1,91.99,2024-08-18 04:46:09,91.99,91.99
O02005,C352,P09,1,34.99,2026-05-18 14:26:29,34.99,316.98
O02005,C352,P04,1,281.99,2026-05-18 14:26:29,281.99,316.98
O02006,C345,P12,1,100.99,2025-08-11 03:24:25,100.99,100.99
O02007,C317,P48,2,78.99,2026-02-22 14:08:46,157.98,157.98
O02008,C390,P47,1,41.99,2025-05-31 07:12:59,41.99,112.98
O02008,C390,P14,1,70.99,2025-05-31 07:12:59,70.99,112.98
O02009,C221,P30,2,236.99,2025-03-17 06:34:00,473.98,532.97
O02009,C221,P42,1,58.99,2025-03-17 06:34:00,58.99,532.97
O02010,C398,P07,1,366.99,2026-03-13 04:48:50,366.99,366.99
O02011,C012,P22,1,194.99,2025-12-29 21:25:40,194.99,540.98
O02011,C012,P01,1,345.99,2025-12-29 21:25:40,345.99,540.98
O02012,C069,P38,1,38.99,2024-11-08 09:24:08,38.99,38.99
O02013,C434,P05,1,429.99,2025-03-05 11:46:24,429.99,646.96
O02013,C434,P48,2,78.99,2025-03-05 11:46:24,157.98,646.96
O02013,C434,P42,1,58.99,2025-03-05 11:46:24,58.99,646.96
O02014,C292,P02,1,226.99,2025-10-01 04:49:44,226.99,610.97
O02014,C292,P50,2,191.99,2025-10-01 04:49:44,383.98,610.97
O02015,C061,P21,1,196.99,2024-11-04 06:27:59,196.99,196.99
O02016,C199,P05,2,429.99,2025-01-10 04:13:54,859.98,859.98
O02017,C399,P08,1,100.99,2024-12-20 04:30:59,100.99,100.99
O02018,C083,P39,1,21.99,2025-06-16 17:31:17,21.99,21.99
O02019,C227,P02,1,226.99,2025-12-03 02:27:27,226.99,725.96
O02019,C227,P27,2,239.99,2025-12-03 02:27:27,479.98,725.96
O02019,C227,P15,1,18.99,2025-12-03 02:27:27,18.99,725.96
O02020,C484,P11,1,91.99,2026-05-10 10:20:16,91.99,694.95
O02020,C484,P44,1,143.99,2026-05-10 10:20:16,143.99,694.95
O02020,C484,P41,2,199.99,2026-05-10 10:20:16,399.98,694.95
O02020,C484,P42,1,58.99,2026-05-10 10:20:16,58.99,694.95
O02021,C031,P32,1,24.99,2024-10-26 19:23:58,24.99,451.96
O02021,C031,P37,1,42.99,2024-10-26 19:23:58,42.99,451.96
O02021,C031,P50,2,191.99,2024-10-26 19:23:58,383.98,451.96
O02022,C158,P23,1,205.99,2025-10-26 11:28:37,205.99,505.98
O02022,C158,P24,1,299.99,2025-10-26 11:28:37,299.99,505.98
O02023,C485,P17,1,22.99,2025-02-22 15:53:06,22.99,22.99
O02024,C002,P33,1,74.99,2024-10-13 17:03:49,74.99,74.99
O02025,C107,P07,1,366.99,2024-07-28 23:50:26,366.99,566.98
O02025,C107,P29,1,199.99,2024-07-28 23:50:26,199.99,566.98
O02026,C047,P34,1,53.99,2025-06-25 13:33:02,53.99,420.98
O02026,C047,P07,1,366.99,2025-06-25 13:33:02,366.99,420.98
O02027,C230,P22,1,194.99,2024-10-11 18:01:55,194.99,349.98
O02027,C230,P46,1,154.99,2024-10-11 18:01:55,154.99,349.98
O02028,C261,P46,1,154.99,2024-08-12 14:06:15,154.99,154.99
O02029,C041,P32,1,24.99,2026-06-07 09:23:33,24.99,324.96
O02029,C041,P20,1,96.99,2026-06-07 09:23:33,96.99,324.96
O02029,C041,P13,1,114.99,2026-06-07 09:23:33,114.99,324.96
O02029,C041,P26,1,87.99,2026-06-07 09:23:33,87.99,324.96
O02030,C094,P46,1,154.99,2025-02-16 16:43:22,154.99,154.99
O02031,C130,P13,3,114.99,2025-07-01 06:07:35,344.97,344.97
O02032,C412,P29,2,199.99,2026-03-20 06:38:25,399.98,399.98
O02033,C430,P23,1,205.99,2026-04-12 12:27:52,205.99,205.99
O02034,C269,P03,1,205.99,2024-12-11 04:44:54,205.99,205.99
O02035,C137,P41,1,199.99,2025-04-07 13:06:19,199.99,543.96
O02035,C137,P38,1,38.99,2025-04-07 13:06:19,38.99,543.96
O02035,C137,P02,1,226.99,2025-04-07 13:06:19,226.99,543.96
O02035,C137,P49,1,77.99,2025-04-07 13:06:19,77.99,543.96
O02036,C240,P17,1,22.99,2024-10-26 08:02:01,22.99,61.98
O02036,C240,P38,1,38.99,2024-10-26 08:02:01,38.99,61.98
O02037,C283,P46,1,154.99,2024-09-05 22:36:48,154.99,354.98
O02037,C283,P41,1,199.99,2024-09-05 22:36:48,199.99,354.98
O02038,C162,P03,1,205.99,2024-12-14 22:04:20,205.99,228.98
O02038,C162,P17,1,22.99,2024-12-14 22:04:20,22.99,228.98
O02039,C414,P26,3,87.99,2025-12-23 20:53:38,263.97,339.95
O02039,C414,P39,1,21.99,2025-12-23 20:53:38,21.99,339.95
O02039,C414,P34,1,53.99,2025-12-23 20:53:38,53.99,339.95
O02040,C102,P25,1,25.99,2025-06-01 14:43:07,25.99,143.96
O02040,C102,P39,1,21.99,2025-06-01 14:43:07,21.99,143.96
O02040,C102,P36,2,47.99,2025-06-01 14:43:07,95.98,143.96
O02041,C490,P32,1,24.99,2026-02-13 06:31:18,24.99,129.96
O02041,C490,P31,1,16.99,2026-02-13 06:31:18,16.99,129.96
O02041,C490,P37,1,42.99,2026-02-13 06:31:18,42.99,129.96
O02041,C490,P18,1,44.99,2026-02-13 06:31:18,44.99,129.96
O02042,C108,P37,3,42.99,2025-12-10 16:42:37,128.97,128.97
O02043,C229,P11,1,91.99,2026-01-10 02:45:52,91.99,429.97
O02043,C229,P28,1,198.99,2026-01-10 02:45:52,198.99,429.97
O02043,C229,P43,1,138.99,2026-01-10 02:45:52,138.99,429.97
O02044,C236,P27,1,239.99,2026-01-22 17:54:10,239.99,239.99
O02045,C082,P41,1,199.99,2025-11-12 21:01:40,199.99,612.96
O02045,C082,P17,2,22.99,2025-11-12 21:01:40,45.98,612.96
O02045,C082,P07,1,366.99,2025-11-12 21:01:40,366.99,612.96
O02046,C499,P40,1,10.99,2026-02-17 07:23:43,10.99,53.98
O02046,C499,P37,1,42.99,2026-02-17 07:23:43,42.99,53.98
O02047,C400,P29,2,199.99,2026-01-09 04:57:07,399.98,399.98
O02048,C375,P43,3,138.99,2026-04-18 16:40:37,416.97,1450.92
O02048,C375,P33,2,74.99,2026-04-18 16:40:37,149.98,1450.92
O02048,C375,P02,2,226.99,2026-04-18 16:40:37,453.98,1450.92
O02048,C375,P05,1,429.99,2026-04-18 16:40:37,429.99,1450.92
O02049,C071,P34,2,53.99,2024-11-11 03:28:56,107.98,261.96
O02049,C071,P33,1,74.99,2024-11-11 03:28:56,74.99,261.96
O02049,C071,P48,1,78.99,2024-11-10 21:58:56,78.99,261.96
O02050,C260,P02,1,226.99,2025-03-11 00:34:11,226.99,226.99
O02051,C024,P12,1,100.99,2025-04-21 10:30:42,100.99,100.99
O02052,C195,P42,1,58.99,2025-09-01 09:38:25,58.99,58.99
O02053,C479,P11,1,91.99,2025-04-12 15:43:52,91.99,113.98
O02053,C479,P39,1,21.99,2025-04-12 15:43:52,21.99,113.98
O02054,C259,P43,1,138.99,2024-11-08 23:48:25,138.99,155.98
O02054,C259,P31,1,16.99,2024-11-08 23:48:25,16.99,155.98
O02055,C023,P06,1,402.99,2025-09-25 07:45:07,402.99,402.99
O02056,C217,P42,1,58.99,2024-10-15 13:02:31,58.99,190.97
O02056,C217,P16,1,30.99,2024-10-15 13:02:31,30.99,190.97
O02056,C217,P12,1,100.99,2024-10-15 13:02:31,100.99,190.97
O02057,C284,P50,2,191.99,2025-08-27 10:46:24,383.98,383.98
O02058,C298,P19,1,113.99,2026-01-02 21:42:41,113.99,113.99
O02059,C454,P40,1,10.99,2025-11-07 13:44:40,10.99,10.99
O02060,C280,P18,1,44.99,2024-12-14 08:59:39,44.99,44.99
O02061,C160,P07,1,366.99,2024-11-09 14:00:09,366.99,444.96
O02061,C160,P25,3,25.99,2024-11-09 14:00:09,77.97,444.96
O02062,C183,P35,1,57.99,2025-09-16 07:52:40,57.99,57.99
O02063,C001,P35,1,57.99,2025-07-07 18:50:49,57.99,57.99
O02064,C357,P17,1,22.99,2025-12-26 19:02:56,22.99,22.99
O02065,C078,P28,1,198.99,2026-06-27 16:28:38,198.99,425.98
O02065,C078,P02,1,226.99,2026-06-27 16:28:38,226.99,425.98
O02066,C154,P47,1,41.99,2024-10-09 03:37:57,41.99,72.98
O02066,C154,P16,1,30.99,2024-09-10 03:37:57,30.99,72.98
O02067,C308,P27,1,239.99,2026-04-05 05:52:55,239.99,239.99
O02068,C110,P16,1,30.99,2025-06-13 13:57:00,30.99,30.99
O02069,C131,P45,1,110.99,2025-01-22 16:06:25,110.99,110.99
O02070,C085,P17,1,22.99,2025-02-27 08:48:19,22.99,22.99
O02071,C050,P19,1,113.99,2025-05-01 20:02:55,113.99,113.99
O02072,C404,P48,1,78.99,2025-09-25 12:54:04,78.99,78.99
O02074,C294,P47,2,41.99,2025-12-15 20:02:34,83.98,429.97
O02074,C294,P01,1,345.99,2025-12-15 20:02:34,345.99,429.97
O02075,C283,P34,1,53.99,2024-11-06 08:05:28,53.99,53.99
O02076,C054,P41,1,199.99,2025-12-28 10:39:11,199.99,248.97
O02076,C054,P25,1,25.99,2025-12-28 10:39:11,25.99,248.97
O02076,C054,P17,1,22.99,2025-12-28 10:39:11,22.99,248.97
O02077,C413,P36,1,47.99,2026-05-25 22:37:25,47.99,247.98
O02077,C413,P29,1,199.99,2026-05-25 22:37:25,199.99,247.98
O02078,C291,P21,1,196.99,2025-01-14 02:20:21,196.99,335.98
O02078,C291,P43,1,138.99,2025-01-14 02:20:21,138.99,335.98
O02079,C070,P50,1,191.99,2025-12-05 21:11:03,191.99,825.95
O02079,C070,P31,2,16.99,2025-12-05 21:11:03,33.98,825.95
O02079,C070,P24,2,299.99,2025-12-05 21:11:03,599.98,825.95
O02080,C023,P47,1,41.99,2025-02-19 02:30:05,41.99,41.99
O02081,C427,P21,1,196.99,2026-11-01 17:51:25,196.99,196.99
O02082,C500,P21,1,196.99,2026-03-31 04:06:32,196.99,496.98
O02082,C500,P24,1,299.99,2026-03-31 04:06:32,299.99,496.98
O02083,C004,P09,1,34.99,2024-08-18 19:41:41,34.99,131.98
O02083,C004,P20,1,96.99,2024-08-18 19:41:41,96.99,131.98
O02084,C092,P48,1,78.99,2024-08-17 12:24:43,78.99,137.97
O02084,C092,P36,1,47.99,2024-08-17 12:24:43,47.99,137.97
O02084,C092,P40,1,10.99,2024-08-17 12:24:43,10.99,137.97
O02085,C405,P20,1,96.99,2025-12-21 05:00:52,96.99,293.98
O02085,C405,P21,1,196.99,2025-12-21 05:00:52,196.99,293.98
O02086,C388,P20,1,96.99,2026-04-20 17:57:01,96.99,288.98
O02086,C388,P50,1,191.99,2026-04-20 17:57:01,191.99,288.98
O02087,C401,P24,1,299.99,2026-04-27 19:01:27,299.99,299.99
O02088,C208,P27,1,239.99,2026-03-14 04:54:40,239.99,239.99
O02089,C149,P23,2,205.99,2024-08-23 12:40:21,411.98,430.97
O02089,C149,P15,1,18.99,2024-08-23 12:40:21,18.99,430.97
O02090,C478,P10,1,92.99,2025-12-28 05:54:11,92.99,92.99
O02091,C494,P43,1,138.99,2026-06-11 14:27:56,138.99,138.99
O02092,C206,P07,1,366.99,2024-11-02 10:39:04,366.99,366.99
O02093,C144,P33,1,74.99,2025-11-29 03:05:23,74.99,271.95
O02093,C144,P17,1,22.99,2025-11-29 03:05:23,22.99,271.95
O02093,C144,P35,3,57.99,2025-11-29 03:05:23,173.97,271.95
O02094,C004,P34,3,53.99,2025-12-19 17:00:06,161.97,161.97
O02095,C247,P12,2,100.99,2025-11-30 17:08:12,201.98,288.95
O02095,C247,P37,1,42.99,2025-11-30 17:08:12,42.99,288.95
O02095,C247,P39,2,21.99,2025-11-30 17:08:00,43.98,288.95
O02096,C460,P27,1,239.99,2024-08-11 08:28:08,239.99,754.95
O02096,C460,P17,1,22.99,2024-08-11 08:28:08,22.99,754.95
O02096,C460,P11,1,91.99,2024-08-11 08:28:08,91.99,754.95
O02096,C460,P41,2,199.99,2024-08-11 08:28:08,399.98,754.95
O02097,C028,P31,1,16.99,2024-11-27 08:14:47,16.99,211.98
O02097,C028,P22,1,194.99,2024-11-27 08:14:47,194.99,211.98
O02098,C302,P41,1,199.99,2026-02-11 17:03:29,199.99,291.98
O02098,C302,P11,1,91.99,2026-02-11 17:03:29,91.99,291.98
O02099,C264,P49,1,77.99,2024-11-17 04:07:42,77.99,115.97
O02099,C264,P15,2,18.99,2024-11-17 04:07:42,37.98,115.97
O02100,C186,P28,1,198.99,2026-01-01 08:03:02,198.99,221.98
O02100,C186,P17,1,22.99,2026-01-01 08:03:02,22.99,221.98
O02101,C334,P05,1,429.99,2025-09-20 23:09:55,429.99,429.99
O02102,C484,P40,1,10.99,2025-07-05 22:28:18,10.99,244.96
O02102,C484,P49,3,77.99,2025-07-05 22:28:18,233.97,244.96
O02103,C350,P50,1,191.99,2026-06-01 23:52:05,191.99,191.99
O02104,C106,P11,1,91.99,2024-12-12 09:41:41,91.99,116.98
O02104,C106,P32,1,24.99,2024-12-12 09:41:41,24.99,116.98
O02105,C427,P31,1,16.99,2025-12-28 12:43:10,16.99,377.97
O02105,C427,P23,1,205.99,2025-12-28 12:43:10,205.99,377.97
O02105,C427,P46,1,154.99,2025-12-28 12:43:10,154.99,377.97
O02106,C035,P22,1,194.99,2025-10-11 12:15:52,194.99,194.99
O02107,C100,P35,1,57.99,2024-08-04 19:50:14,57.99,57.99
O02108,C075,P20,1,96.99,2024-12-21 07:21:54,96.99,96.99
O02109,C440,P33,1,74.99,2026-06-27 22:50:40,74.99,504.98
O02109,C440,P05,1,429.99,2026-06-27 22:50:40,429.99,504.98
O02110,C243,P23,1,205.99,2025-07-10 16:57:04,205.99,497.95
O02110,C243,P12,2,100.99,2025-07-10 16:57:04,201.98,497.95
O02110,C243,P18,2,44.99,2025-07-10 16:57:04,89.98,497.95
O02111,C134,P35,2,57.99,2024-12-19 01:52:34,115.98,115.98
O02112,C353,P36,1,47.99,2025-09-26 19:39:13,47.99,47.99
O02113,C329,P39,1,21.99,2026-05-12 23:42:20,21.99,21.99
O02114,C275,P35,1,57.99,2025-05-26 16:32:42,57.99,57.99
O02115,C412,P50,2,191.99,2025-11-08 18:27:37,383.98,476.97
O02115,C412,P10,1,92.99,2025-11-08 18:27:37,92.99,476.97
O02116,C307,P31,1,16.99,2025-05-04 10:30:37,16.99,383.98
O02116,C307,P07,1,366.99,2025-05-04 10:30:37,366.99,383.98
O02117,C071,P47,3,41.99,2024-12-15 07:02:51,125.97,125.97
O02118,C277,P09,2,34.99,2025-12-14 12:45:16,69.98,69.98
O02119,C426,P16,1,30.99,2026-01-12 07:37:28,30.99,30.99
O02120,C406,P02,2,226.99,2024-10-07 03:41:42,453.98,541.97
O02120,C406,P26,1,87.99,2024-10-07 03:41:42,87.99,541.97
O02121,C452,P04,1,281.99,2026-05-24 05:33:55,281.99,591.97
O02121,C452,P46,2,154.99,2026-05-24 05:33:55,309.98,591.97
O02122,C086,P15,1,18.99,2024-11-06 01:52:07,18.99,18.99
O02123,C002,P25,1,25.99,2024-07-20 22:33:24,25.99,25.99
O02124,C466,P44,1,143.99,2025-10-25 20:38:42,143.99,315.97
O02124,C466,P31,1,16.99,2025-10-25 15:08:42,16.99,315.97
O02124,C466,P46,1,154.99,2025-10-25 20:38:42,154.99,315.97
O02125,C152,P47,1,41.99,2024-11-22 12:50:05,41.99,41.99
O02126,C284,P06,1,402.99,2024-12-29 10:41:15,402.99,441.98
O02126,C284,P38,1,38.99,2024-12-29 10:41:15,38.99,441.98
O02127,C248,P20,1,96.99,2024-12-24 17:41:08,96.99,96.99
O02128,C302,P13,1,114.99,2025-10-05 21:50:06,114.99,114.99
O02129,C009,P18,2,44.99,2025-05-26 12:58:11,89.98,89.98
O02130,C488,P02,2,226.99,2026-04-07 12:28:53,453.98,453.98
O02131,C024,P05,1,429.99,2025-07-05 21:24:27,429.99,429.99
O02132,C332,P06,1,402.99,2026-04-14 11:19:55,402.99,402.99
O02133,C457,P35,1,57.99,2026-07-02 07:18:00,57.99,988.96
O02133,C457,P21,1,196.99,2026-07-02 07:18:00,196.99,988.96
O02133,C457,P07,2,366.99,2026-07-02 07:18:00,733.98,988.96
O02134,C138,P24,1,299.99,2025-12-22 15:02:33,299.99,491.98
O02134,C138,P50,1,191.99,2025-12-22 15:02:33,191.99,491.98
O02135,C215,P47,1,41.99,2025-08-18 09:35:09,41.99,41.99
O02136,C319,P34,1,53.99,2025-11-04 12:38:29,53.99,72.98
O02136,C319,P15,1,18.99,2025-11-04 12:38:29,18.99,72.98
O02137,C267,P44,1,143.99,2026-04-04 18:07:30,143.99,282.98
O02137,C267,P43,1,138.99,2026-04-04 18:07:30,138.99,282.98
O02138,C038,P24,1,299.99,2025-03-02 11:51:37,299.99,299.99
O02139,C040,P09,2,34.99,2025-09-07 12:01:44,69.98,296.97
O02139,C040,P02,1,226.99,2025-09-07 12:01:44,226.99,296.97
O02140,C452,P34,1,53.99,2026-06-07 11:29:54,53.99,346.95
O02140,C452,P37,1,42.99,2026-06-07 11:29:54,42.99,346.95
O02140,C452,P36,1,47.99,2026-06-07 11:29:54,47.99,346.95
O02140,C452,P12,2,100.99,2026-06-07 11:29:54,201.98,346.95
O02141,C390,P05,1,429.99,2026-05-17 18:23:00,429.99,429.99
O02142,C185,P19,1,113.99,2025-02-04 10:07:29,113.99,113.99
O02143,C344,P05,1,429.99,2025-12-24 15:18:24,429.99,796.98
O02143,C344,P07,1,366.99,2025-12-24 15:18:24,366.99,796.98
O02145,C073,P29,1,199.99,2025-10-07 15:21:32,199.99,763.97
O02145,C073,P04,2,281.99,2025-10-07 15:21:32,563.98,763.97
O02146,C468,P09,1,34.99,2026-06-20 23:46:23,34.99,34.99
O02147,C284,P03,1,205.99,2025-02-15 09:23:31,205.99,601.97
O02147,C284,P21,1,196.99,2025-02-15 03:53:31,196.99,601.97
O02147,C284,P28,1,198.99,2025-02-15 09:23:31,198.99,601.97
O02148,C073,P37,1,42.99,2024-10-27 11:31:53,42.99,42.99
O02149,C376,P22,2,194.99,2025-05-12 20:25:14,389.98,674.96
O02149,C376,P27,1,239.99,2025-05-12 20:25:14,239.99,674.96
O02149,C376,P18,1,44.99,2025-05-12 20:25:14,44.99,674.96
O02150,C070,P36,1,47.99,2024-12-25 15:11:32,47.99,47.99
O02151,C455,P34,1,53.99,2026-01-24 08:00:03,53.99,53.99
O02152,C468,P29,1,199.99,2026-06-10 05:10:44,199.99,199.99
O02153,C070,P50,1,191.99,2026-06-30 02:24:59,191.99,491.98
O02153,C070,P24,1,299.99,2026-06-30 02:24:59,299.99,491.98
O02154,C403,P04,1,281.99,2025-10-05 17:41:44,281.99,684.98
O02154,C403,P06,1,402.99,2025-10-05 17:41:44,402.99,684.98
O02155,C001,P43,1,138.99,2025-10-14 14:56:51,138.99,138.99
O02156,C096,P15,1,18.99,2025-04-30 23:56:02,18.99,218.98
O02156,C096,P29,1,199.99,2025-04-30 23:56:02,199.99,218.98
O02157,C103,P21,1,196.99,2024-08-13 14:04:51,196.99,196.99
O02158,C003,P42,1,58.99,2026-05-28 08:57:44,58.99,536.97
O02158,C003,P06,1,402.99,2026-05-28 08:57:44,402.99,536.97
O02158,C003,P33,1,74.99,2026-05-28 08:57:44,74.99,536.97
O02159,C358,P30,1,236.99,2025-08-30 20:09:51,236.99,476.98
O02159,C358,P27,1,239.99,2025-08-30 20:09:51,239.99,476.98
O02160,C443,P31,1,16.99,2026-05-14 11:08:38,16.99,16.99
O02161,C212,P10,1,92.99,2026-02-07 02:39:50,92.99,109.98
O02161,C212,P31,1,16.99,2026-02-07 02:39:50,16.99,109.98
O02162,C276,P22,1,194.99,2024-09-18 23:49:04,194.99,194.99
O02163,C181,P12,1,100.99,2025-12-23 21:39:25,100.99,100.99
O02164,C457,P49,2,77.99,2025-08-15 23:23:28,155.98,155.98
O02165,C124,P18,3,44.99,2025-02-06 04:26:33,134.97,134.97
O02166,C223,P15,3,18.99,2024-08-09 13:28:12,56.97,366.95
O02166,C223,P46,2,154.99,2024-08-09 13:28:12,309.98,366.95
O02167,C477,P21,2,196.99,2026-01-09 06:35:19,393.98,664.94
O02167,C477,P15,1,18.99,2026-01-09 06:35:19,18.99,664.94
O02167,C477,P25,2,25.99,2026-01-09 06:35:19,51.98,664.94
O02167,C477,P41,1,199.99,2026-01-09 06:35:00,199.99,664.94
O02168,C170,P46,1,154.99,2025-02-03 14:52:28,154.99,524.97
O02168,C170,P04,1,281.99,2025-02-03 14:52:28,281.99,524.97
O02168,C170,P26,1,87.99,2025-02-03 14:52:28,87.99,524.97
O02169,C187,P01,1,345.99,2026-05-31 05:13:36,345.99,345.99
O02170,C277,P45,1,110.99,2026-05-09 04:36:02,110.99,110.99
O02171,C015,P06,3,402.99,2025-11-14 19:06:56,1208.97,1208.97
O02172,C237,P02,1,226.99,2025-12-25 12:06:38,226.99,628.96
O02172,C237,P10,1,92.99,2025-12-25 12:06:38,92.99,628.96
O02172,C237,P22,1,194.99,2025-12-25 12:06:38,194.99,628.96
O02172,C237,P19,1,113.99,2025-12-25 12:06:38,113.99,628.96
O02173,C091,P15,1,18.99,2024-11-15 00:25:45,18.99,412.97
O02173,C091,P21,2,196.99,2024-11-15 00:25:00,393.98,412.97
O02174,C358,P43,1,138.99,2026-02-06 21:11:00,138.99,274.97
O02174,C358,P09,1,34.99,2026-06-02 21:11:00,34.99,274.97
O02174,C358,P12,1,100.99,2026-06-02 21:11:00,100.99,274.97
O02175,C290,P49,1,77.99,2025-02-24 01:00:10,77.99,470.97
O02175,C290,P45,1,110.99,2025-02-24 01:00:10,110.99,470.97
O02175,C290,P04,1,281.99,2025-02-24 01:00:10,281.99,470.97
O02176,C369,P38,1,38.99,2026-05-31 11:51:41,38.99,84.97
O02176,C369,P17,2,22.99,2026-05-31 11:51:41,45.98,84.97
O02177,C174,P49,1,77.99,2024-08-03 09:02:53,77.99,77.99
O02178,C098,P23,1,205.99,2026-02-14 14:38:35,205.99,205.99
O02179,C303,P49,1,77.99,2026-05-30 20:01:58,77.99,77.99
O02180,C025,P20,1,96.99,2024-07-13 12:18:43,96.99,288.98
O02180,C025,P50,1,191.99,2024-07-13 12:18:43,191.99,288.98
O02181,C460,P03,2,205.99,2025-09-27 00:17:22,411.98,411.98
O02182,C220,P05,1,429.99,2024-08-15 19:44:48,429.99,429.99
O02183,C321,P40,1,10.99,2026-02-13 03:14:41,10.99,10.99
O02184,C090,P24,1,299.99,2026-05-30 11:22:48,299.99,443.98
O02184,C090,P44,1,143.99,2026-05-30 11:22:48,143.99,443.98
O02185,C186,P37,1,42.99,2025-03-24 01:03:26,42.99,733.95
O02185,C186,P01,1,345.99,2025-03-24 01:03:26,345.99,733.95
O02185,C186,P42,2,58.99,2025-03-24 01:03:26,117.98,733.95
O02185,C186,P02,1,226.99,2025-03-24 01:03:26,226.99,733.95
O02186,C031,P03,1,205.99,2024-09-09 12:45:28,205.99,205.99
O02187,C459,P09,2,34.99,2025-04-10 15:32:17,69.98,224.97
O02187,C459,P46,1,154.99,2025-04-10 15:32:17,154.99,224.97
O02188,C100,P24,1,299.99,2025-09-07 09:19:37,299.99,318.98
O02188,C100,P15,1,18.99,2025-09-07 09:19:37,18.99,318.98
O02189,C235,P11,1,91.99,2025-03-15 05:21:20,91.99,91.99
O02190,C425,P09,2,34.99,2025-01-23 15:13:24,69.98,69.98
O02191,C095,P04,1,281.99,2024-12-28 14:34:16,281.99,281.99
O02192,C339,P15,1,18.99,2026-06-13 22:49:09,18.99,18.99
O02193,C439,P03,1,205.99,2026-03-02 00:47:50,205.99,205.99
O02194,C457,P41,1,199.99,2025-10-27 15:32:22,199.99,199.99
O02195,C277,P10,2,92.99,2025-08-25 13:32:16,185.98,185.98
O02196,C060,P40,1,10.99,2024-09-23 12:28:14,10.99,356.98
O02196,C060,P01,1,345.99,2024-09-23 12:28:14,345.99,356.98
O02197,C491,P37,1,42.99,2026-07-03 14:21:48,42.99,254.95
O02197,C491,P36,2,47.99,2026-07-03 14:21:48,95.98,254.95
O02197,C491,P35,2,57.99,2026-07-03 14:21:48,115.98,254.95
O02198,C045,P11,1,91.99,2024-11-16 23:37:49,91.99,91.99
O02199,C119,P12,1,100.99,2026-05-24 07:26:42,100.99,557.97
O02199,C119,P01,1,345.99,2026-05-24 07:26:42,345.99,557.97
O02199,C119,P45,1,110.99,2026-05-24 07:26:42,110.99,557.97
O02200,C040,P09,2,34.99,2024-12-16 14:56:01,69.98,415.97
O02200,C040,P01,1,345.99,2024-12-16 14:56:01,345.99,415.97
O02201,C411,P01,1,345.99,2025-12-06 05:14:45,345.99,446.98
O02201,C411,P12,1,100.99,2025-12-06 05:14:45,100.99,446.98
O02203,C269,P01,1,345.99,2025-12-28 16:36:58,345.99,345.99
O02204,C290,P14,1,70.99,2024-09-29 03:49:07,70.99,128.98
O02204,C290,P35,1,57.99,2024-09-29 03:49:07,57.99,128.98
O02205,C042,P31,1,16.99,2025-12-07 05:06:47,16.99,16.99
O02206,C354,P49,1,77.99,2024-10-21 17:33:02,77.99,269.98
O02206,C354,P50,1,191.99,2024-10-21 17:33:02,191.99,269.98
O02207,C274,P36,3,47.99,2025-12-20 22:38:54,143.97,143.97
O02208,C312,P12,1,100.99,2026-05-20 16:58:37,100.99,100.99
O02209,C142,P33,1,74.99,2025-02-01 09:55:03,74.99,109.98
O02209,C142,P09,1,34.99,2025-02-01 09:55:03,34.99,109.98
O02210,C084,P35,1,57.99,2024-07-06 05:35:13,57.99,92.98
O02210,C084,P09,1,34.99,2024-07-06 05:35:13,34.99,92.98
O02211,C118,P18,1,44.99,2024-02-11 04:03:16,44.99,44.99
O02212,C143,P34,1,53.99,2025-11-09 23:08:59,53.99,132.98
O02212,C143,P48,1,78.99,2025-11-09 23:08:59,78.99,132.98
O02213,C489,P01,1,345.99,2026-06-28 18:38:45,345.99,345.99
O02214,C377,P04,2,281.99,2025-11-10 00:08:02,563.98,608.97
O02214,C377,P18,1,44.99,2025-11-10 00:08:02,44.99,608.97
O02215,C113,P09,1,34.99,2026-02-21 04:45:28,34.99,34.99
O02216,C053,P49,1,77.99,2024-12-12 22:12:02,77.99,187.97
O02216,C053,P09,1,34.99,2024-12-12 22:12:02,34.99,187.97
O02216,C053,P33,1,74.99,2024-12-12 22:12:02,74.99,187.97
O02217,C130,P46,1,154.99,2025-03-31 00:43:52,154.99,154.99
O02218,C119,P38,1,38.99,2026-05-08 14:29:29,38.99,38.99
O02219,C276,P39,1,21.99,2024-12-05 02:43:01,21.99,827.97
O02219,C276,P06,2,402.99,2024-12-05 02:43:01,805.98,827.97
O02220,C352,P39,1,21.99,2026-06-22 02:30:19,21.99,21.99
O02221,C484,P02,1,226.99,2025-06-15 23:33:13,226.99,226.99
O02222,C432,P25,1,25.99,2026-06-21 17:52:17,25.99,25.99
O02223,C078,P33,1,74.99,2025-09-05 06:07:26,74.99,74.99
O02224,C208,P26,2,87.99,2025-08-26 11:53:26,175.98,490.96
O02224,C208,P30,1,236.99,2025-08-26 11:53:26,236.99,490.96
O02224,C208,P49,1,77.99,2025-08-26 11:53:26,77.99,490.96
O02225,C202,P24,1,299.99,2026-05-03 02:36:32,299.99,581.98
O02225,C202,P04,1,281.99,2026-05-03 02:36:32,281.99,581.98
O02226,C154,P44,1,143.99,2025-11-10 14:27:25,143.99,454.96
O02226,C154,P20,1,96.99,2025-11-10 14:27:25,96.99,454.96
O02226,C154,P39,1,21.99,2025-10-11 14:27:25,21.99,454.96
O02226,C154,P50,1,191.99,2025-11-10 14:27:25,191.99,454.96
O02227,C332,P11,1,91.99,2026-05-13 05:29:12,91.99,91.99
O02228,C223,P17,1,22.99,2026-03-20 03:05:18,22.99,472.96
O02228,C223,P14,1,70.99,2026-03-20 03:05:18,70.99,472.96
O02228,C223,P27,1,239.99,2026-03-20 03:05:18,239.99,472.96
O02228,C223,P43,1,138.99,2026-03-20 03:05:18,138.99,472.96
O02229,C357,P33,2,74.99,2025-11-27 21:09:06,149.98,349.97
O02229,C357,P41,1,199.99,2025-11-27 21:09:06,199.99,349.97
O02230,C377,P40,2,10.99,2025-08-03 19:43:39,21.98,21.98
O02231,C076,P06,1,402.99,2025-11-04 23:19:58,402.99,563.97
O02231,C076,P43,1,138.99,2025-11-04 23:19:58,138.99,563.97
O02231,C076,P39,1,21.99,2025-11-04 23:19:58,21.99,563.97
O02232,C287,P19,3,113.99,2025-02-08 07:56:08,341.97,578.96
O02232,C287,P30,1,236.99,2025-02-08 02:26:08,236.99,578.96
O02233,C188,P17,2,22.99,2025-11-14 11:34:15,45.98,45.98
O02234,C487,P24,1,299.99,2026-02-17 22:15:04,299.99,299.99
O02235,C271,P30,1,236.99,2025-07-05 00:23:46,236.99,236.99
O02236,C200,P30,1,236.99,2026-04-20 18:43:17,236.99,236.99
O02237,C365,P41,1,199.99,2026-05-04 08:46:49,199.99,509.97
O02237,C365,P22,1,194.99,2026-05-04 08:46:49,194.99,509.97
O02237,C365,P13,1,114.99,2026-05-04 08:46:49,114.99,509.97
O02238,C242,P39,1,21.99,2026-06-28 08:25:24,21.99,288.97
O02238,C242,P50,1,191.99,2026-06-28 08:25:24,191.99,288.97
O02238,C242,P33,1,74.99,2026-06-28 08:25:24,74.99,288.97
O02239,C464,P02,1,226.99,2026-04-20 02:11:21,226.99,226.99
O02240,C466,P20,1,96.99,2025-10-17 10:59:53,96.99,574.97
O02240,C466,P33,1,74.99,2025-10-17 10:59:53,74.99,574.97
O02240,C466,P06,1,402.99,2025-10-17 10:59:53,402.99,574.97
O02241,C074,P29,1,199.99,2025-01-25 11:36:24,199.99,199.99
O02242,C437,P09,1,34.99,2026-05-20 00:29:55,34.99,619.94
O02242,C437,P16,3,30.99,2026-05-20 00:29:55,92.97,619.94
O02242,C437,P24,1,299.99,2026-05-20 00:29:55,299.99,619.94
O02242,C437,P50,1,191.99,2026-05-20 00:29:55,191.99,619.94
O02243,C478,P38,1,38.99,2026-03-16 01:42:16,38.99,268.97
O02243,C478,P13,2,114.99,2026-03-16 01:42:16,229.98,268.97
O02244,C482,P20,1,96.99,2025-05-18 03:19:49,96.99,96.99
O02245,C415,P30,1,236.99,2024-11-25 18:26:14,236.99,274.97
O02245,C415,P15,2,18.99,2024-11-25 18:26:14,37.98,274.97
O02246,C463,P32,1,24.99,2025-11-05 17:41:43,24.99,132.97
O02246,C463,P34,2,53.99,2025-11-05 17:41:43,107.98,132.97
O02247,C073,P06,1,402.99,2026-05-04 02:23:46,402.99,450.98
O02247,C073,P36,1,47.99,2026-05-04 02:23:46,47.99,450.98
O02248,C186,P28,1,198.99,2026-01-18 21:17:47,198.99,510.97
O02248,C186,P33,1,74.99,2026-01-18 21:17:47,74.99,510.97
O02248,C186,P30,1,236.99,2026-01-18 21:17:47,236.99,510.97
O02249,C348,P11,2,91.99,2026-05-18 03:31:12,183.98,242.97
O02249,C348,P42,1,58.99,2026-05-18 03:31:12,58.99,242.97
O02250,C355,P15,1,18.99,2025-11-15 10:56:47,18.99,455.97
O02250,C355,P29,1,199.99,2025-11-15 10:56:47,199.99,455.97
O02250,C355,P30,1,236.99,2025-11-15 10:56:47,236.99,455.97
O02251,C166,P04,1,281.99,2025-04-11 06:29:00,281.99,281.99
O02252,C024,P29,1,199.99,2026-04-28 20:44:22,199.99,745.96
O02252,C024,P35,2,57.99,2026-04-28 20:44:22,115.98,745.96
O02252,C024,P05,1,429.99,2026-04-28 20:44:22,429.99,745.96
O02253,C266,P31,1,16.99,2025-11-11 01:02:01,16.99,261.97
O02253,C266,P44,1,143.99,2025-11-11 01:02:01,143.99,261.97
O02253,C266,P12,1,100.99,2025-11-11 01:02:01,100.99,261.97
O02254,C238,P20,1,96.99,2025-11-13 06:07:27,96.99,96.99
O02255,C294,P26,1,87.99,2025-11-23 03:49:58,87.99,87.99
O02256,C322,P08,1,100.99,2026-05-16 15:10:58,100.99,100.99
O02257,C319,P12,1,100.99,2025-10-08 22:09:33,100.99,142.98
O02257,C319,P47,1,41.99,2025-10-08 22:09:33,41.99,142.98
O02258,C295,P47,1,41.99,2025-12-06 15:50:15,41.99,41.99
O02259,C316,P10,1,92.99,2025-02-22 21:43:13,92.99,384.97
O02259,C316,P11,1,91.99,2025-02-22 21:43:13,91.99,384.97
O02259,C316,P41,1,199.99,2025-02-22 21:43:00,199.99,384.97
O02260,C316,P19,1,113.99,2024-11-23 16:38:38,113.99,113.99
O02261,C243,P15,1,18.99,2025-11-23 02:20:22,18.99,18.99
O02262,C045,P04,1,281.99,2025-07-12 01:30:25,281.99,281.99
O02263,C236,P08,1,100.99,2024-08-15 05:24:38,100.99,100.99
O02264,C414,P32,1,24.99,2025-08-09 06:24:02,24.99,24.99
O02265,C203,P15,2,18.99,2024-04-10 20:54:52,37.98,573.94
O02265,C203,P36,1,47.99,2024-10-04 20:54:52,47.99,573.94
O02265,C203,P44,2,143.99,2024-10-04 20:54:52,287.98,573.94
O02265,C203,P41,1,199.99,2024-10-04 15:24:52,199.99,573.94
O02266,C407,P35,1,57.99,2026-06-01 13:59:45,57.99,80.98
O02266,C407,P17,1,22.99,2026-06-01 13:59:45,22.99,80.98
O02267,C167,P14,3,70.99,2025-05-13 08:08:09,212.97,212.97
O02268,C079,P41,1,199.99,2024-11-04 05:58:45,199.99,566.98
O02268,C079,P07,1,366.99,2024-11-04 05:58:45,366.99,566.98
O02269,C079,P46,3,154.99,2025-02-15 21:54:47,464.97,603.96
O02269,C079,P43,1,138.99,2025-02-15 21:54:47,138.99,603.96
O02270,C095,P40,3,10.99,2024-11-18 11:25:03,32.97,32.97
O02271,C173,P41,1,199.99,2024-11-30 20:03:57,199.99,199.99
O02272,C246,P35,1,57.99,2026-03-04 07:04:54,57.99,339.98
O02272,C246,P04,1,281.99,2026-03-04 07:04:54,281.99,339.98
O02273,C252,P15,2,18.99,2024-12-23 07:00:31,37.98,85.97
O02273,C252,P36,1,47.99,2024-12-23 07:00:31,47.99,85.97
O02274,C335,P15,1,18.99,2026-01-18 04:00:56,18.99,210.98
O02274,C335,P50,1,191.99,2026-01-18 04:00:56,191.99,210.98
O02275,C030,P47,1,41.99,2025-07-13 09:42:25,41.99,41.99
O02276,C188,P03,1,205.99,2025-03-23 10:46:17,205.99,505.98
O02276,C188,P24,1,299.99,2025-03-23 10:46:17,299.99,505.98
O02277,C410,P28,3,198.99,2025-09-28 20:42:04,596.97,596.97
O02278,C138,P22,1,194.99,2024-09-08 18:49:58,194.99,393.98
O02278,C138,P28,1,198.99,2024-09-08 18:49:58,198.99,393.98
O02279,C344,P38,1,38.99,2024-11-24 23:24:37,38.99,483.96
O02279,C344,P21,1,196.99,2024-11-24 23:24:37,196.99,483.96
O02279,C344,P29,1,199.99,2024-11-24 23:24:37,199.99,483.96
O02279,C344,P36,1,47.99,2024-11-24 23:24:37,47.99,483.96
O02280,C416,P43,2,138.99,2025-07-18 08:10:27,277.98,1064.95
O02280,C416,P01,1,345.99,2025-07-18 08:10:27,345.99,1064.95
O02280,C416,P05,1,429.99,2025-07-18 08:10:27,429.99,1064.95
O02280,C416,P40,1,10.99,2025-07-18 08:10:27,10.99,1064.95
O02281,C077,P28,1,198.99,2025-01-10 06:36:15,198.99,209.98
O02281,C077,P40,1,10.99,2025-01-10 06:36:15,10.99,209.98
O02282,C332,P05,1,429.99,2026-04-23 01:36:33,429.99,429.99
O02283,C252,P50,1,191.99,2026-03-30 07:05:51,191.99,292.98
O02283,C252,P12,1,100.99,2026-03-30 07:05:51,100.99,292.98
O02284,C346,P34,1,53.99,2026-05-30 14:21:44,53.99,111.98
O02284,C346,P35,1,57.99,2026-05-30 14:21:44,57.99,111.98
O02285,C216,P44,1,143.99,2025-02-20 20:59:13,143.99,297.97
O02285,C216,P37,1,42.99,2025-02-20 20:59:13,42.99,297.97
O02285,C216,P45,1,110.99,2025-02-20 20:59:13,110.99,297.97
O02286,C323,P33,1,74.99,2026-04-08 10:19:12,74.99,74.99
O02287,C403,P03,1,205.99,2025-12-11 10:11:14,205.99,205.99
O02288,C301,P25,1,25.99,2025-05-17 00:49:22,25.99,25.99
O02289,C145,P01,1,345.99,2025-08-31 14:51:58,345.99,345.99
O02290,C001,P35,1,57.99,2024-11-04 17:29:25,57.99,57.99
O02291,C223,P20,1,96.99,2025-07-02 09:36:28,96.99,499.98
O02291,C223,P06,1,402.99,2025-07-02 09:36:28,402.99,499.98
O02292,C456,P03,1,205.99,2025-11-04 22:02:16,205.99,672.97
O02292,C456,P02,1,226.99,2025-11-04 22:02:16,226.99,672.97
O02292,C456,P27,1,239.99,2025-11-04 22:02:16,239.99,672.97
O02293,C102,P40,2,10.99,2024-08-08 23:24:17,21.98,122.97
O02293,C102,P12,1,100.99,2024-08-08 23:24:17,100.99,122.97
O02294,C057,P45,1,110.99,2026-03-21 18:41:22,110.99,110.99
O02295,C165,P01,1,345.99,2024-11-28 22:23:37,345.99,345.99
O02296,C180,P14,1,70.99,2024-10-13 16:10:29,70.99,70.99
O02297,C121,P40,1,10.99,2026-06-25 10:39:18,10.99,101.97
O02297,C121,P36,1,47.99,2026-06-25 10:39:18,47.99,101.97
O02297,C121,P37,1,42.99,2026-06-25 10:39:18,42.99,101.97
O02298,C145,P49,1,77.99,2025-04-18 13:15:19,77.99,293.96
O02298,C145,P17,1,22.99,2025-04-18 13:15:19,22.99,293.96
O02298,C145,P19,1,113.99,2025-04-18 13:15:19,113.99,293.96
O02298,C145,P48,1,78.99,2025-04-18 13:15:19,78.99,293.96
O02299,C157,P16,1,30.99,2025-10-16 12:36:59,30.99,108.98
O02299,C157,P49,1,77.99,2025-10-16 12:36:59,77.99,108.98
O02300,C484,P37,2,42.99,2026-04-16 08:37:28,85.98,85.98
O02301,C450,P43,1,138.99,2025-11-10 00:33:48,138.99,249.98
O02301,C450,P45,1,110.99,2025-11-10 00:33:48,110.99,249.98
O02302,C025,P31,2,16.99,2025-09-28 16:26:08,33.98,159.95
O02302,C025,P47,3,41.99,2025-09-28 16:26:08,125.97,159.95
O02303,C343,P18,1,44.99,2026-03-24 20:49:56,44.99,411.98
O02303,C343,P07,1,366.99,2026-03-24 20:49:56,366.99,411.98
O02304,C005,P12,1,100.99,2026-04-07 18:28:08,100.99,100.99
O02305,C246,P34,1,53.99,2025-12-19 15:20:19,53.99,374.97
O02305,C246,P23,1,205.99,2025-12-19 15:20:19,205.99,374.97
O02305,C246,P13,1,114.99,2025-12-19 15:20:19,114.99,374.97
O02306,C173,P03,1,205.99,2025-06-10 18:08:54,205.99,236.98
O02306,C173,P16,1,30.99,2025-06-10 18:08:54,30.99,236.98
O02307,C291,P47,1,41.99,2025-05-04 09:24:59,41.99,41.99
O02308,C291,P23,1,205.99,2024-08-24 00:09:57,205.99,572.98
O02308,C291,P07,1,366.99,2024-08-24 00:09:57,366.99,572.98
O02309,C376,P34,1,53.99,2026-04-24 10:54:25,53.99,230.97
O02309,C376,P46,1,154.99,2026-04-24 10:54:25,154.99,230.97
O02309,C376,P39,1,21.99,2026-04-24 10:54:25,21.99,230.97
O02310,C347,P06,2,402.99,2026-05-02 00:35:27,805.98,930.95
O02310,C347,P37,1,42.99,2026-05-02 00:35:27,42.99,930.95
O02310,C347,P40,1,10.99,2026-05-02 00:35:27,10.99,930.95
O02310,C347,P14,1,70.99,2026-05-02 00:35:27,70.99,930.95
O02311,C133,P15,2,18.99,2025-11-24 12:24:14,37.98,37.98
O02312,C282,P27,1,239.99,2025-03-09 06:18:56,239.99,239.99
O02313,C344,P30,1,236.99,2025-12-22 01:54:15,236.99,236.99
O02314,C136,P43,1,138.99,2025-04-11 20:06:01,138.99,138.99
O02315,C297,P26,1,87.99,2025-04-19 23:44:43,87.99,826.95
O02315,C297,P35,1,57.99,2025-04-19 18:14:43,57.99,826.95
O02315,C297,P02,3,226.99,2025-04-19 23:44:43,680.97,826.95
O02316,C334,P18,1,44.99,2025-06-02 22:57:09,44.99,96.97
O02316,C334,P25,2,25.99,2025-06-02 22:57:09,51.98,96.97
O02317,C079,P32,2,24.99,2026-03-23 20:05:41,49.98,249.97
O02317,C079,P29,1,199.99,2026-03-23 20:05:41,199.99,249.97
O02318,C135,P04,1,281.99,2024-11-22 01:19:13,281.99,393.97
O02318,C135,P10,1,92.99,2024-11-22 01:19:13,92.99,393.97
O02318,C135,P15,1,18.99,2024-11-22 01:19:13,18.99,393.97
O02319,C025,P22,1,194.99,2024-11-12 17:39:17,194.99,194.99
O02320,C385,P10,1,92.99,2025-04-25 05:12:12,92.99,92.99
O02321,C120,P07,1,366.99,2024-07-13 00:08:21,366.99,366.99
O02322,C450,P30,1,236.99,2025-04-26 00:14:12,236.99,236.99
O02323,C376,P24,1,299.99,2026-01-21 21:57:27,299.99,645.98
O02323,C376,P01,1,345.99,2026-01-21 21:57:27,345.99,645.98
O02324,C398,P16,1,30.99,2026-03-02 19:22:48,30.99,391.97
O02324,C398,P48,1,78.99,2026-03-02 19:22:48,78.99,391.97
O02324,C398,P04,1,281.99,2026-03-02 19:22:48,281.99,391.97
O02325,C041,P36,1,47.99,2026-05-14 05:58:14,47.99,239.98
O02325,C041,P50,1,191.99,2026-05-14 05:58:14,191.99,239.98
O02326,C121,P09,1,34.99,2024-07-31 08:45:58,34.99,618.95
O02326,C121,P03,2,205.99,2024-07-31 08:45:58,411.98,618.95
O02326,C121,P35,1,57.99,2024-07-31 08:45:58,57.99,618.95
O02326,C121,P19,1,113.99,2024-07-31 08:45:58,113.99,618.95
O02327,C409,P11,1,91.99,2026-07-05 00:05:29,91.99,230.98
O02327,C409,P43,1,138.99,2026-07-05 00:05:29,138.99,230.98
O02328,C452,P17,2,22.99,2026-05-06 14:52:56,45.98,184.97
O02328,C452,P43,1,138.99,2026-05-06 14:52:56,138.99,184.97
O02329,C398,P21,1,196.99,2026-06-26 15:41:40,196.99,219.98
O02329,C398,P17,1,22.99,2026-06-26 15:41:40,22.99,219.98
O02330,C427,P24,1,299.99,2026-01-13 05:59:16,299.99,299.99
O02331,C117,P41,1,199.99,2025-08-08 14:09:50,199.99,385.97
O02331,C117,P10,2,92.99,2025-08-08 14:09:50,185.98,385.97
O02332,C033,P38,1,38.99,2024-11-18 10:38:02,38.99,344.97
O02332,C033,P45,1,110.99,2024-11-18 10:38:02,110.99,344.97
O02332,C033,P22,1,194.99,2024-11-18 10:38:02,194.99,344.97
O02333,C131,P32,1,24.99,2026-04-19 23:47:09,24.99,455.96
O02333,C131,P16,1,30.99,2026-04-19 23:47:09,30.99,455.96
O02333,C131,P41,2,199.99,2026-04-19 23:47:09,399.98,455.96
O02334,C407,P08,1,100.99,2026-01-09 04:05:05,100.99,940.94
O02334,C407,P34,1,53.99,2026-01-09 04:05:05,53.99,940.94
O02334,C407,P30,3,236.99,2026-01-09 04:05:05,710.97,940.94
O02334,C407,P33,1,74.99,2026-01-09 04:05:05,74.99,940.94
O02335,C414,P05,2,429.99,2026-05-26 19:03:42,859.98,1096.97
O02335,C414,P30,1,236.99,2026-05-26 19:03:42,236.99,1096.97
O02336,C409,P38,3,38.99,2025-12-14 07:38:09,116.97,116.97
O02337,C317,P49,1,77.99,2025-10-11 11:11:38,77.99,77.99
O02338,C053,P48,1,78.99,2024-11-16 04:57:31,78.99,132.97
O02338,C053,P17,1,22.99,2024-11-16 04:57:31,22.99,132.97
O02338,C053,P16,1,30.99,2024-11-16 04:57:31,30.99,132.97
O02339,C185,P25,1,25.99,2026-02-25 04:09:07,25.99,25.99
O02340,C351,P13,2,114.99,2026-02-28 18:56:41,229.98,229.98
O02341,C379,P19,1,113.99,2026-03-06 22:34:52,113.99,113.99
O02342,C227,P32,1,24.99,2026-03-15 00:19:32,24.99,121.97
O02342,C227,P33,1,74.99,2026-03-15 00:19:32,74.99,121.97
O02342,C227,P39,1,21.99,2026-03-15 00:19:32,21.99,121.97
O02343,C011,P25,1,25.99,2026-01-08 00:55:23,25.99,217.98
O02343,C011,P50,1,191.99,2026-01-08 00:55:23,191.99,217.98
O02344,C314,P32,1,24.99,2026-03-01 10:12:50,24.99,70.97
O02344,C314,P17,2,22.99,2026-03-01 10:12:50,45.98,70.97
O02345,C204,P39,1,21.99,2025-04-29 21:13:10,21.99,297.97
O02345,C204,P48,1,78.99,2025-04-29 21:13:10,78.99,297.97
O02345,C204,P21,1,196.99,2025-04-29 21:13:10,196.99,297.97
O02346,C255,P10,1,92.99,2025-06-12 05:10:58,92.99,92.99
O02347,C042,P39,1,21.99,2026-03-23 11:34:05,21.99,21.99
O02348,C335,P19,1,113.99,2025-12-09 23:59:10,113.99,113.99
O02349,C166,P21,1,196.99,2026-04-27 13:13:02,196.99,196.99
O02350,C341,P43,1,138.99,2026-02-20 12:14:27,138.99,138.99
O02351,C079,P43,2,138.99,2025-11-07 05:52:39,277.98,355.97
O02351,C079,P49,1,77.99,2025-11-07 00:22:39,77.99,355.97
O02352,C194,P42,1,58.99,2024-09-12 21:16:39,58.99,197.98
O02352,C194,P43,1,138.99,2024-09-12 21:16:39,138.99,197.98
O02353,C105,P03,1,205.99,2025-12-05 07:41:34,205.99,295.97
O02353,C105,P18,2,44.99,2025-12-05 07:41:34,89.98,295.97
O02354,C115,P12,1,100.99,2025-11-28 05:04:52,100.99,193.98
O02354,C115,P10,1,92.99,2025-11-28 05:04:52,92.99,193.98
O02355,C401,P08,1,100.99,2026-02-25 23:18:32,100.99,255.98
O02355,C401,P46,1,154.99,2026-02-25 23:18:32,154.99,255.98
O02356,C223,P01,1,345.99,2025-08-14 12:01:25,345.99,345.99
O02357,C299,P25,3,25.99,2024-10-13 10:16:35,77.97,174.96
O02357,C299,P20,1,96.99,2024-10-13 10:16:35,96.99,174.96
O02358,C429,P37,2,42.99,2026-06-20 00:02:50,85.98,85.98
O02359,C469,P21,1,196.99,2026-05-24 14:40:33,196.99,196.99
O02360,C398,P26,1,87.99,2026-05-03 12:40:25,87.99,87.99
O02361,C397,P19,1,113.99,2026-06-07 19:27:46,113.99,113.99
O02362,C058,P12,1,100.99,2025-10-14 22:59:27,100.99,645.97
O02362,C058,P05,1,429.99,2025-10-14 22:59:27,429.99,645.97
O02362,C058,P13,1,114.99,2025-10-14 22:59:27,114.99,645.97
O02363,C146,P08,1,100.99,2024-11-12 08:34:13,100.99,328.97
O02363,C146,P19,2,113.99,2024-11-12 08:34:13,227.98,328.97
O02364,C470,P40,1,10.99,2026-05-16 22:55:07,10.99,10.99
O02365,C423,P18,1,44.99,2026-05-28 18:39:38,44.99,252.96
O02365,C423,P37,1,42.99,2026-05-28 18:39:38,42.99,252.96
O02365,C423,P45,1,110.99,2026-05-28 18:39:38,110.99,252.96
O02365,C423,P34,1,53.99,2026-05-28 18:39:38,53.99,252.96
O02366,C282,P02,1,226.99,2024-07-22 07:56:27,226.99,226.99
O02367,C382,P13,1,114.99,2026-02-05 00:03:00,114.99,114.99
O02368,C277,P01,1,345.99,2025-02-06 17:25:12,345.99,742.97
O02368,C277,P21,1,196.99,2025-02-06 17:25:12,196.99,742.97
O02368,C277,P41,1,199.99,2025-02-06 17:25:12,199.99,742.97
O02369,C454,P23,1,205.99,2025-09-15 07:35:45,205.99,205.99
O02370,C083,P50,1,191.99,2026-04-28 19:10:42,191.99,202.98
O02370,C083,P40,1,10.99,2026-04-28 19:10:42,10.99,202.98
O02371,C274,P16,1,30.99,2025-11-25 05:52:29,30.99,49.98
O02371,C274,P15,1,18.99,2025-11-25 05:52:29,18.99,49.98
O02372,C456,P14,1,70.99,2025-08-30 16:39:57,70.99,70.99
O02373,C248,P08,2,100.99,2025-04-12 23:05:32,201.98,201.98
O02374,C494,P16,1,30.99,2026-05-19 12:11:25,30.99,30.99
O02375,C157,P43,1,138.99,2026-06-04 03:00:04,138.99,138.99
O02376,C081,P44,1,143.99,2024-11-26 07:45:38,143.99,143.99
O02377,C261,P48,1,78.99,2025-12-07 07:22:57,78.99,78.99
O02378,C439,P48,1,78.99,2026-02-27 15:20:45,78.99,527.96
O02378,C439,P45,2,110.99,2026-02-27 15:20:45,221.98,527.96
O02378,C439,P02,1,226.99,2026-02-27 15:20:45,226.99,527.96
O02379,C049,P38,1,38.99,2025-11-08 13:48:40,38.99,222.97
O02379,C049,P11,2,91.99,2025-11-08 13:48:40,183.98,222.97
O02380,C276,P05,1,429.99,2025-07-26 20:52:00,429.99,429.99
O02381,C240,P45,2,110.99,2025-10-11 13:07:29,221.98,734.95
O02381,C240,P08,1,100.99,2025-10-11 13:07:29,100.99,734.95
O02381,C240,P23,2,205.99,2025-10-11 13:07:29,411.98,734.95
O02382,C330,P12,1,100.99,2024-12-24 22:19:22,100.99,337.96
O02382,C330,P48,3,78.99,2024-12-24 22:19:22,236.97,337.96
O02383,C421,P26,1,87.99,2026-03-18 22:25:24,87.99,87.99
O02384,C392,P21,1,196.99,2026-03-27 11:36:53,196.99,196.99
O02385,C158,P22,1,194.99,2025-10-20 18:36:57,194.99,432.96
O02385,C158,P21,1,196.99,2025-10-20 18:36:57,196.99,432.96
O02385,C158,P15,1,18.99,2025-10-20 18:36:57,18.99,432.96
O02385,C158,P39,1,21.99,2025-10-20 18:36:57,21.99,432.96
O02386,C378,P29,1,199.99,2025-09-23 04:37:55,199.99,244.98
O02386,C378,P18,1,44.99,2025-09-23 04:37:55,44.99,244.98
O02387,C317,P37,1,42.99,2025-11-23 18:19:04,42.99,53.98
O02387,C317,P40,1,10.99,2025-11-23 18:19:04,10.99,53.98
O02388,C002,P32,1,24.99,2025-08-23 19:29:19,24.99,47.98
O02388,C002,P17,1,22.99,2025-08-23 19:29:19,22.99,47.98
O02389,C436,P13,1,114.99,2025-12-15 12:17:04,114.99,308.96
O02389,C436,P39,1,21.99,2025-12-15 12:17:04,21.99,308.96
O02389,C436,P33,1,74.99,2025-12-15 12:17:04,74.99,308.96
O02389,C436,P20,1,96.99,2025-12-15 12:17:04,96.99,308.96
O02390,C484,P35,3,57.99,2025-12-21 06:25:46,173.97,540.96
O02390,C484,P07,1,366.99,2025-12-21 06:25:46,366.99,540.96
O02391,C300,P39,1,21.99,2025-08-05 08:18:20,21.99,21.99
O02392,C328,P11,1,91.99,2025-10-25 12:56:00,91.99,91.99
O02393,C455,P03,1,205.99,2026-06-28 05:25:08,205.99,455.96
O02393,C455,P26,1,87.99,2026-06-28 05:25:08,87.99,455.96
O02393,C455,P19,1,113.99,2026-06-28 05:25:08,113.99,455.96
O02393,C455,P36,1,47.99,2026-06-28 05:25:08,47.99,455.96
O02394,C274,P01,2,345.99,2026-02-03 11:33:06,691.98,739.97
O02394,C274,P36,1,47.99,2026-02-03 11:33:06,47.99,739.97
O02395,C098,P35,1,57.99,2026-03-14 01:21:30,57.99,57.99
O02396,C317,P07,1,366.99,2025-12-28 15:16:53,366.99,668.96
O02396,C317,P36,2,47.99,2025-12-28 15:16:53,95.98,668.96
O02396,C317,P23,1,205.99,2025-12-28 15:16:53,205.99,668.96
O02397,C474,P14,1,70.99,2026-06-07 11:58:00,70.99,70.99
O02398,C177,P50,1,191.99,2025-12-04 21:25:06,191.99,213.98
O02398,C177,P39,1,21.99,2025-12-04 21:25:06,21.99,213.98
O02400,C099,P19,1,113.99,2026-01-27 17:42:54,113.99,512.97
O02400,C099,P28,1,198.99,2026-01-27 17:42:54,198.99,512.97
O02400,C099,P29,1,199.99,2026-01-27 17:42:54,199.99,512.97
O02401,C370,P27,2,239.99,2026-05-16 20:07:33,479.98,479.98
O02402,C412,P24,2,299.99,2024-10-13 03:40:48,599.98,599.98
O02403,C063,P17,1,22.99,2024-08-17 08:58:18,22.99,22.99
O02404,C305,P28,2,198.99,2026-06-07 12:30:17,397.98,445.97
O02404,C305,P36,1,47.99,2026-06-07 12:30:17,47.99,445.97
O02405,C470,P50,1,191.99,2025-11-29 09:02:24,191.99,191.99
O02406,C166,P09,1,34.99,2026-04-15 19:38:27,34.99,629.96
O02406,C166,P21,1,196.99,2026-04-15 19:38:27,196.99,629.96
O02406,C166,P28,2,198.99,2026-04-15 19:38:27,397.98,629.96
O02407,C064,P42,1,58.99,2025-10-12 10:15:13,58.99,311.97
O02407,C064,P43,1,138.99,2025-10-12 10:15:13,138.99,311.97
O02407,C064,P19,1,113.99,2025-10-12 10:15:13,113.99,311.97
O02408,C246,P21,1,196.99,2026-04-06 09:34:18,196.99,496.98
O02408,C246,P24,1,299.99,2026-04-06 09:34:18,299.99,496.98
O02409,C168,P32,1,24.99,2024-11-16 07:34:14,24.99,24.99
O02410,C497,P11,1,91.99,2026-02-08 10:46:22,91.99,91.99
O02411,C442,P09,1,34.99,2026-06-01 01:00:47,34.99,34.99
O02412,C485,P16,1,30.99,2024-12-04 02:59:45,30.99,222.98
O02412,C485,P50,1,191.99,2024-12-04 02:59:45,191.99,222.98
O02413,C238,P35,1,57.99,2025-06-30 13:49:17,57.99,99.98
O02413,C238,P47,1,41.99,2025-06-30 13:49:17,41.99,99.98
O02414,C165,P38,1,38.99,2025-11-30 10:35:20,38.99,38.99
O02415,C088,P07,3,366.99,2025-11-19 11:08:45,1100.97,1289.95
O02415,C088,P26,1,87.99,2025-11-19 11:08:45,87.99,1289.95
O02415,C088,P08,1,100.99,2025-11-19 11:08:45,100.99,1289.95
O02416,C044,P41,1,199.99,2025-05-19 01:21:58,199.99,199.99
O02417,C158,P31,1,16.99,2025-10-04 08:28:00,16.99,16.99
O02418,C188,P34,1,53.99,2025-11-03 11:49:09,53.99,53.99
O02419,C437,P08,1,100.99,2026-01-24 03:53:50,100.99,306.98
O02419,C437,P23,1,205.99,2026-01-24 03:53:50,205.99,306.98
O02420,C103,P32,1,24.99,2024-12-18 19:13:02,24.99,24.99
O02421,C016,P05,1,429.99,2024-12-04 03:33:13,429.99,429.99
O02422,C123,P28,1,198.99,2026-01-27 16:58:38,198.99,702.95
O02422,C123,P03,2,205.99,2026-01-27 16:58:38,411.98,702.95
O02422,C123,P33,1,74.99,2026-01-27 16:58:38,74.99,702.95
O02422,C123,P31,1,16.99,2026-01-27 16:58:38,16.99,702.95
O02423,C181,P19,1,113.99,2025-12-31 15:34:30,113.99,113.99
O02424,C223,P29,1,199.99,2024-11-20 21:04:20,199.99,199.99
O02425,C210,P15,1,18.99,2025-01-27 21:13:59,18.99,18.99
O02426,C413,P07,1,366.99,2026-03-23 01:06:32,366.99,572.98
O02426,C413,P23,1,205.99,2026-03-23 01:06:32,205.99,572.98
O02427,C150,P29,1,199.99,2024-12-25 12:31:05,199.99,278.98
O02427,C150,P48,1,78.99,2024-12-25 12:31:05,78.99,278.98
O02428,C415,P26,1,87.99,2025-06-25 02:19:14,87.99,87.99
O02430,C301,P35,1,57.99,2025-12-13 00:44:02,57.99,57.99
O02431,C175,P44,1,143.99,2025-06-16 18:01:34,143.99,493.97
O02431,C175,P46,1,154.99,2025-06-16 18:01:34,154.99,493.97
O02431,C175,P22,1,194.99,2025-06-16 18:01:34,194.99,493.97
O02432,C210,P19,1,113.99,2025-11-13 09:57:18,113.99,113.99
O02433,C377,P43,1,138.99,2026-05-15 16:19:39,138.99,149.98
O02433,C377,P40,1,10.99,2026-05-15 16:19:39,10.99,149.98
O02434,C225,P22,1,194.99,2024-11-16 11:52:49,194.99,549.97
O02434,C225,P41,1,199.99,2024-11-16 11:52:49,199.99,549.97
O02434,C225,P46,1,154.99,2024-11-16 11:52:49,154.99,549.97
O02435,C266,P29,1,199.99,2025-12-12 18:03:11,199.99,199.99
O02436,C237,P41,1,199.99,2025-12-07 19:42:57,199.99,629.98
O02436,C237,P05,1,429.99,2025-12-07 19:42:57,429.99,629.98
O02437,C277,P06,1,402.99,2024-11-22 19:58:55,402.99,402.99
O02439,C255,P07,1,366.99,2025-12-19 05:33:25,366.99,912.96
O02439,C255,P06,1,402.99,2025-12-19 05:33:25,402.99,912.96
O02439,C255,P12,1,100.99,2025-12-19 05:33:25,100.99,912.96
O02439,C255,P47,1,41.99,2025-12-19 05:33:25,41.99,912.96
O02440,C223,P40,1,10.99,2026-02-18 03:49:05,10.99,35.98
O02440,C223,P32,1,24.99,2026-02-18 03:49:05,24.99,35.98
O02441,C484,P48,2,78.99,2026-05-19 18:00:56,157.98,318.95
O02441,C484,P40,2,10.99,2026-05-19 18:00:56,21.98,318.95
O02441,C484,P43,1,138.99,2026-05-19 18:00:56,138.99,318.95
O02442,C323,P24,1,299.99,2026-05-08 03:28:29,299.99,693.97
O02442,C323,P21,2,196.99,2026-05-08 03:28:29,393.98,693.97
O02443,C474,P06,1,402.99,2025-08-19 06:14:52,402.99,602.98
O02443,C474,P41,1,199.99,2025-08-19 06:14:52,199.99,602.98
O02444,C259,P48,1,78.99,2025-08-09 00:48:46,78.99,78.99
O02445,C429,P48,1,78.99,2026-06-02 06:08:43,78.99,78.99
O02446,C063,P35,1,57.99,2025-09-13 18:05:00,57.99,57.99
O02447,C294,P23,1,205.99,2026-06-22 09:08:41,205.99,337.97
O02447,C294,P08,1,100.99,2026-06-22 09:08:41,100.99,337.97
O02447,C294,P16,1,30.99,2026-06-22 09:08:41,30.99,337.97
O02448,C272,P46,1,154.99,2025-01-29 17:51:06,154.99,461.97
O02448,C272,P08,1,100.99,2025-01-29 17:51:06,100.99,461.97
O02448,C272,P03,1,205.99,2025-01-29 17:51:06,205.99,461.97
O02449,C109,P45,1,110.99,2025-12-01 06:25:04,110.99,189.97
O02449,C109,P34,1,53.99,2025-12-01 06:25:04,53.99,189.97
O02449,C109,P32,1,24.99,2025-12-01 06:25:04,24.99,189.97
O02450,C226,P26,1,87.99,2024-09-14 22:22:32,87.99,130.98
O02450,C226,P37,1,42.99,2024-09-14 22:22:32,42.99,130.98
O02451,C409,P21,3,196.99,2025-12-11 22:00:40,590.97,590.97
O02452,C385,P19,1,113.99,2026-03-01 13:05:23,113.99,313.98
O02452,C385,P29,1,199.99,2026-03-01 13:05:23,199.99,313.98
O02453,C172,P12,1,100.99,2026-02-28 12:15:37,100.99,100.99
O02454,C405,P44,1,143.99,2026-05-21 03:24:18,143.99,143.99
O02455,C338,P12,1,100.99,2025-07-22 16:58:15,100.99,100.99
O02456,C438,P27,1,239.99,2025-11-07 19:26:49,239.99,585.98
O02456,C438,P01,1,345.99,2025-11-07 19:26:49,345.99,585.98
O02457,C091,P46,1,154.99,2025-07-25 12:51:16,154.99,154.99
O02458,C040,P21,1,196.99,2024-08-05 03:39:44,196.99,196.99
O02459,C105,P17,1,22.99,2025-02-03 20:58:19,22.99,22.99
O02460,C192,P01,1,345.99,2026-06-02 01:12:42,345.99,380.98
O02460,C192,P09,1,34.99,2026-06-02 01:12:42,34.99,380.98
O02461,C136,P33,2,74.99,2024-11-05 13:13:27,149.98,149.98
O02462,C135,P49,1,77.99,2025-11-02 21:17:29,77.99,77.99
O02463,C304,P37,1,42.99,2025-08-16 06:59:01,42.99,248.98
O02463,C304,P03,1,205.99,2025-08-16 06:59:01,205.99,248.98
O02464,C356,P45,1,110.99,2026-03-10 21:55:38,110.99,456.98
O02464,C356,P01,1,345.99,2026-03-10 21:55:38,345.99,456.98
O02465,C275,P18,2,44.99,2025-12-20 08:39:32,89.98,89.98
O02466,C387,P50,1,191.99,2026-06-11 03:54:45,191.99,191.99
O02467,C384,P18,2,44.99,2026-04-01 23:24:31,89.98,89.98
O02468,C011,P08,1,100.99,2025-11-05 13:51:35,100.99,571.96
O02468,C011,P07,1,366.99,2025-11-05 13:51:35,366.99,571.96
O02468,C011,P49,1,77.99,2025-11-05 13:51:35,77.99,571.96
O02468,C011,P25,1,25.99,2025-11-05 13:51:35,25.99,571.96
O02469,C018,P05,1,429.99,2024-11-27 06:37:32,429.99,504.98
O02469,C018,P33,1,74.99,2024-11-27 06:37:32,74.99,504.98
O02470,C227,P14,1,70.99,2025-11-09 11:32:14,70.99,158.98
O02470,C227,P26,1,87.99,2025-11-09 11:32:14,87.99,158.98
O02471,C008,P01,1,345.99,2026-01-31 03:14:45,345.99,345.99
O02472,C058,P27,1,239.99,2026-05-14 11:12:32,239.99,567.97
O02472,C058,P02,1,226.99,2026-05-14 11:12:32,226.99,567.97
O02472,C058,P12,1,100.99,2026-05-14 11:12:32,100.99,567.97
O02473,C404,P11,2,91.99,2024-11-29 01:59:16,183.98,183.98
O02474,C120,P29,1,199.99,2026-03-31 19:02:46,199.99,436.98
O02474,C120,P30,1,236.99,2026-03-31 19:02:46,236.99,436.98
O02475,C144,P38,1,38.99,2024-09-03 01:45:44,38.99,38.99
O02476,C140,P50,1,191.99,2024-10-04 06:10:17,191.99,191.99
O02477,C283,P20,2,96.99,2025-11-05 01:39:30,193.98,927.96
O02477,C283,P07,2,366.99,2025-11-05 01:39:30,733.98,927.96
O02478,C074,P48,1,78.99,2025-12-14 17:29:01,78.99,126.98
O02478,C074,P36,1,47.99,2025-12-14 17:29:01,47.99,126.98
O02479,C131,P24,1,299.99,2026-03-05 18:26:13,299.99,299.99
O02480,C254,P45,1,110.99,2026-02-11 04:11:18,110.99,110.99
O02481,C110,P04,1,281.99,2024-11-16 03:06:34,281.99,602.97
O02481,C110,P03,1,205.99,2024-11-16 03:06:34,205.99,602.97
O02481,C110,P13,1,114.99,2024-11-16 03:06:34,114.99,602.97
O02482,C196,P29,1,199.99,2024-12-01 15:00:09,199.99,310.98
O02482,C196,P45,1,110.99,2024-12-01 15:00:09,110.99,310.98
O02483,C477,P16,1,30.99,2025-11-04 01:02:38,30.99,30.99
O02484,C411,P27,2,239.99,2025-12-16 04:04:36,479.98,479.98
O02485,C299,P02,1,226.99,2024-08-02 10:29:30,226.99,508.98
O02485,C299,P04,1,281.99,2024-08-02 10:29:30,281.99,508.98
O02486,C171,P14,1,70.99,2026-05-26 18:00:01,70.99,81.98
O02486,C171,P40,1,10.99,2026-05-26 18:00:01,10.99,81.98
O02487,C399,P14,1,70.99,2024-11-10 14:10:10,70.99,70.99
O02488,C195,P42,1,58.99,2025-09-04 23:32:30,58.99,109.97
O02488,C195,P25,1,25.99,2025-09-04 23:32:30,25.99,109.97
O02488,C195,P32,1,24.99,2025-09-04 23:32:30,24.99,109.97
O02489,C130,P08,1,100.99,2025-01-18 22:49:17,100.99,125.98
O02489,C130,P32,1,24.99,2025-01-18 22:49:17,24.99,125.98
O02490,C414,P17,1,22.99,2026-03-07 02:30:53,22.99,22.99
O02492,C332,P38,1,38.99,2026-04-15 04:21:11,38.99,38.99
O02493,C043,P02,1,226.99,2024-11-04 23:58:59,226.99,265.98
O02493,C043,P38,1,38.99,2024-11-04 23:58:59,38.99,265.98
O02494,C229,P02,1,226.99,2026-02-01 15:56:11,226.99,226.99
O02495,C094,P09,1,34.99,2025-04-24 20:22:20,34.99,34.99
O02496,C041,P02,1,226.99,2025-11-08 19:52:19,226.99,514.97
O02496,C041,P44,2,143.99,2025-11-08 19:52:19,287.98,514.97
O02497,C424,P03,1,205.99,2025-12-12 18:34:22,205.99,205.99
O02498,C055,P06,1,402.99,2025-09-12 03:20:59,402.99,494.98
O02498,C055,P11,1,91.99,2025-09-12 03:20:59,91.99,494.98
O02499,C208,P35,1,57.99,2026-06-30 22:18:46,57.99,297.98
O02499,C208,P27,1,239.99,2026-06-30 22:18:46,239.99,297.98
O02500,C406,P30,1,236.99,2026-03-17 16:43:26,236.99,236.99
O02501,C031,P17,1,22.99,2026-04-12 16:33:17,22.99,22.99
O02502,C384,P08,1,100.99,2024-12-15 21:35:05,100.99,374.96
O02502,C384,P37,1,42.99,2024-12-15 21:35:05,42.99,374.96
O02502,C384,P03,1,205.99,2024-12-15 21:35:05,205.99,374.96
O02502,C384,P32,1,24.99,2024-12-15 21:35:05,24.99,374.96
O02503,C023,P50,1,191.99,2024-08-19 18:47:46,191.99,421.97
O02503,C023,P13,2,114.99,2024-08-19 18:47:46,229.98,421.97
O02504,C321,P18,1,44.99,2025-11-07 06:50:20,44.99,434.95
O02504,C321,P35,2,57.99,2025-11-07 06:50:20,115.98,434.95
O02504,C321,P33,1,74.99,2025-11-07 06:50:20,74.99,434.95
O02504,C321,P28,1,198.99,2025-11-07 06:50:20,198.99,434.95
O02505,C115,P12,1,100.99,2025-09-11 16:26:20,100.99,100.99
O02506,C439,P32,2,24.99,2026-02-19 02:10:12,49.98,193.97
O02506,C439,P44,1,143.99,2026-02-19 02:10:12,143.99,193.97
O02507,C008,P14,1,70.99,2025-02-26 10:00:56,70.99,70.99
O02508,C011,P48,3,78.99,2024-07-21 16:24:15,236.97,391.96
O02508,C011,P46,1,154.99,2024-07-21 16:24:15,154.99,391.96
O02509,C304,P50,3,191.99,2025-04-12 18:30:33,575.97,618.96
O02509,C304,P37,1,42.99,2025-04-13 00:00:33,42.99,618.96
O02510,C061,P06,1,402.99,2025-10-04 00:01:37,402.99,549.96
O02510,C061,P25,1,25.99,2025-04-10 00:01:37,25.99,549.96
O02510,C061,P37,1,42.99,2025-04-10 00:01:37,42.99,549.96
O02510,C061,P49,1,77.99,2025-04-10 00:01:37,77.99,549.96
O02511,C104,P50,1,191.99,2026-05-06 23:53:37,191.99,234.98
O02511,C104,P37,1,42.99,2026-05-06 23:53:37,42.99,234.98
O02512,C317,P20,3,96.99,2025-07-02 00:34:50,290.97,406.95
O02512,C317,P35,2,57.99,2025-07-02 00:34:50,115.98,406.95
O02513,C483,P25,1,25.99,2026-06-13 17:27:30,25.99,544.96
O02513,C483,P16,1,30.99,2026-06-13 17:27:30,30.99,544.96
O02513,C483,P03,1,205.99,2026-06-13 17:27:30,205.99,544.96
O02513,C483,P04,1,281.99,2026-06-13 11:57:30,281.99,544.96
O02514,C142,P47,1,41.99,2025-11-21 07:27:07,41.99,472.96
O02514,C142,P16,1,30.99,2025-11-21 07:27:07,30.99,472.96
O02514,C142,P29,2,199.99,2025-11-21 07:27:07,399.98,472.96
O02515,C163,P17,1,22.99,2024-09-27 19:35:41,22.99,22.99
O02516,C073,P17,1,22.99,2025-12-18 09:09:01,22.99,22.99
O02517,C341,P18,1,44.99,2025-07-11 11:13:20,44.99,284.98
O02517,C341,P27,1,239.99,2025-07-11 11:13:20,239.99,284.98
O02518,C193,P46,1,154.99,2026-05-16 19:38:16,154.99,154.99
O02519,C208,P36,1,47.99,2025-05-04 04:45:03,47.99,47.99
O02520,C452,P35,1,57.99,2026-06-01 00:51:08,57.99,460.98
O02520,C452,P06,1,402.99,2026-06-01 00:51:08,402.99,460.98
O02521,C071,P19,2,113.99,2025-11-09 16:28:38,227.98,666.96
O02521,C071,P01,1,345.99,2025-11-09 16:28:38,345.99,666.96
O02521,C071,P10,1,92.99,2025-11-09 16:28:38,92.99,666.96
O02522,C178,P09,1,34.99,2025-07-06 02:31:16,34.99,508.97
O02522,C178,P30,2,236.99,2025-07-06 02:31:16,473.98,508.97
O02523,C327,P15,1,18.99,2026-06-12 13:19:10,18.99,1142.94
O02523,C327,P23,1,205.99,2026-06-12 13:19:10,205.99,1142.94
O02523,C327,P30,1,236.99,2026-06-12 13:19:10,236.99,1142.94
O02523,C327,P02,3,226.99,2026-06-12 13:19:10,680.97,1142.94
O02524,C287,P08,1,100.99,2026-05-22 17:44:21,100.99,100.99
O02525,C481,P23,1,205.99,2025-11-07 05:50:40,205.99,632.95
O02525,C481,P37,2,42.99,2025-11-07 05:50:40,85.98,632.95
O02525,C481,P02,1,226.99,2025-11-07 05:50:40,226.99,632.95
O02525,C481,P19,1,113.99,2025-11-07 05:50:40,113.99,632.95
O02526,C238,P02,1,226.99,2025-10-06 07:03:16,226.99,226.99
O02527,C066,P06,1,402.99,2025-08-30 16:09:29,402.99,402.99
O02528,C382,P41,1,199.99,2026-06-20 06:57:08,199.99,398.98
O02528,C382,P28,1,198.99,2026-06-20 06:57:08,198.99,398.98
O02529,C016,P32,1,24.99,2025-11-09 08:34:45,24.99,24.99
O02530,C223,P49,1,77.99,2025-12-15 07:52:49,77.99,294.96
O02530,C223,P17,1,22.99,2025-12-15 07:52:49,22.99,294.96
O02530,C223,P20,2,96.99,2025-12-15 07:52:49,193.98,294.96
O02531,C336,P41,1,199.99,2025-01-12 04:28:26,199.99,549.96
O02531,C336,P20,1,96.99,2025-01-12 04:28:26,96.99,549.96
O02531,C336,P25,1,25.99,2025-01-12 04:28:26,25.99,549.96
O02531,C336,P02,1,226.99,2025-01-12 04:28:26,226.99,549.96
O02532,C369,P10,1,92.99,2026-02-25 20:13:46,92.99,92.99
O02533,C180,P35,1,57.99,2025-08-28 13:05:31,57.99,424.96
O02533,C180,P11,1,91.99,2025-08-28 13:05:31,91.99,424.96
O02533,C180,P21,1,196.99,2025-08-28 13:05:31,196.99,424.96
O02533,C180,P49,1,77.99,2025-08-28 13:05:31,77.99,424.96
O02534,C094,P46,2,154.99,2025-03-30 00:32:25,309.98,747.95
O02534,C094,P25,1,25.99,2025-03-30 00:32:25,25.99,747.95
O02534,C094,P23,2,205.99,2025-03-30 00:32:25,411.98,747.95
O02535,C439,P27,1,239.99,2026-03-08 02:59:39,239.99,497.97
O02535,C439,P35,1,57.99,2026-03-08 02:59:00,57.99,497.97
O02535,C439,P29,1,199.99,2026-03-08 02:59:39,199.99,497.97
O02536,C151,P41,1,199.99,2025-06-11 02:42:10,199.99,270.98
O02536,C151,P14,1,70.99,2025-06-11 02:42:10,70.99,270.98
O02537,C500,P20,1,96.99,2026-06-14 16:19:32,96.99,189.98
O02537,C500,P10,1,92.99,2026-06-14 16:19:00,92.99,189.98
O02538,C140,P48,1,78.99,2026-01-15 09:03:19,78.99,156.98
O02538,C140,P49,1,77.99,2026-01-15 09:03:19,77.99,156.98
O02539,C057,P17,1,22.99,2024-11-08 05:20:40,22.99,22.99
O02540,C385,P02,1,226.99,2025-05-11 11:16:36,226.99,314.98
O02540,C385,P26,1,87.99,2025-05-11 11:16:36,87.99,314.98
O02541,C145,P46,1,154.99,2025-11-05 02:49:07,154.99,154.99
O02542,C397,P16,1,30.99,2026-04-07 17:05:33,30.99,30.99
O02543,C343,P19,2,113.99,2025-11-07 09:14:21,227.98,302.97
O02543,C343,P33,1,74.99,2025-11-07 09:14:21,74.99,302.97
O02544,C092,P27,1,239.99,2025-12-05 16:33:17,239.99,297.98
O02544,C092,P35,1,57.99,2025-12-05 16:33:17,57.99,297.98
O02545,C133,P07,3,366.99,2026-03-06 00:22:54,1100.97,1100.97
O02546,C094,P18,1,44.99,2024-09-26 11:19:12,44.99,447.98
O02546,C094,P06,1,402.99,2024-09-26 11:19:12,402.99,447.98
O02547,C442,P48,2,78.99,2025-11-01 22:25:03,157.98,157.98
O02548,C218,P47,1,41.99,2024-07-08 07:31:09,41.99,41.99
O02549,C259,P45,1,110.99,2025-03-22 01:12:10,110.99,110.99
O02550,C305,P04,1,281.99,2025-12-01 18:39:38,281.99,729.97
O02550,C305,P06,1,402.99,2025-12-01 18:39:38,402.99,729.97
O02550,C305,P18,1,44.99,2025-12-01 18:39:38,44.99,729.97
O02551,C480,P32,1,24.99,2026-03-10 03:15:06,24.99,103.98
O02551,C480,P48,1,78.99,2026-03-10 03:15:06,78.99,103.98
O02552,C391,P41,1,199.99,2025-11-24 13:02:49,199.99,355.97
O02552,C391,P49,2,77.99,2025-11-24 13:02:49,155.98,355.97
O02553,C390,P49,1,77.99,2026-06-25 11:43:45,77.99,359.98
O02553,C390,P04,1,281.99,2026-06-25 11:43:45,281.99,359.98
O02554,C298,P24,1,299.99,2025-11-08 20:29:52,299.99,645.98
O02554,C298,P01,1,345.99,2025-11-08 20:29:52,345.99,645.98
O02555,C491,P08,1,100.99,2026-04-28 07:21:33,100.99,100.99
O02556,C473,P34,1,53.99,2025-06-14 16:43:55,53.99,478.97
O02556,C473,P48,1,78.99,2025-06-14 16:43:55,78.99,478.97
O02556,C473,P01,1,345.99,2025-06-14 16:43:55,345.99,478.97
O02557,C029,P02,1,226.99,2025-12-01 14:07:26,226.99,226.99
O02558,C263,P13,1,114.99,2024-10-13 19:30:53,114.99,114.99
O02559,C451,P50,1,191.99,2026-05-11 20:24:16,191.99,191.99
O02560,C102,P36,1,47.99,2025-06-22 07:02:28,47.99,760.97
O02560,C102,P07,1,366.99,2025-06-22 07:02:28,366.99,760.97
O02560,C102,P01,1,345.99,2025-06-22 07:02:28,345.99,760.97
O02561,C371,P33,1,74.99,2026-01-18 11:50:22,74.99,74.99
O02562,C087,P50,1,191.99,2025-11-08 21:55:18,191.99,191.99
O02563,C449,P38,1,38.99,2025-05-23 05:10:52,38.99,38.99
O02564,C197,P17,1,22.99,2025-10-07 12:35:22,22.99,249.97
O02564,C197,P26,1,87.99,2025-10-07 12:35:22,87.99,249.97
O02564,C197,P43,1,138.99,2025-10-07 12:35:22,138.99,249.97
O02565,C350,P37,1,42.99,2025-09-27 13:39:44,42.99,42.99
O02566,C469,P06,1,402.99,2026-05-24 22:47:56,402.99,1163.96
O02566,C469,P21,1,196.99,2026-05-24 22:47:56,196.99,1163.96
O02566,C469,P04,2,281.99,2026-05-24 22:47:56,563.98,1163.96
O02567,C422,P14,1,70.99,2025-07-17 02:00:30,70.99,600.96
O02567,C422,P13,2,114.99,2025-07-17 02:00:30,229.98,600.96
O02567,C422,P24,1,299.99,2025-07-17 02:00:30,299.99,600.96
O02568,C268,P48,1,78.99,2025-12-20 23:48:54,78.99,78.99
O02569,C318,P19,1,113.99,2025-10-19 07:36:08,113.99,113.99
O02570,C113,P39,1,21.99,2024-07-26 09:58:06,21.99,451.98
O02570,C113,P05,1,429.99,2024-07-26 09:58:06,429.99,451.98
O02571,C118,P31,1,16.99,2024-08-17 03:23:58,16.99,16.99
O02572,C391,P46,1,154.99,2026-02-01 17:24:44,154.99,154.99
O02573,C119,P36,1,47.99,2025-11-15 19:55:21,47.99,47.99
O02574,C002,P32,1,24.99,2025-01-26 03:56:48,24.99,24.99
O02575,C394,P28,1,198.99,2026-07-03 15:32:52,198.99,299.98
O02575,C394,P08,1,100.99,2026-07-03 15:32:52,100.99,299.98
O02576,C392,P29,1,199.99,2026-06-26 03:08:34,199.99,224.98
O02576,C392,P32,1,24.99,2026-06-26 03:08:34,24.99,224.98
O02577,C120,P24,1,299.99,2025-09-28 18:31:32,299.99,299.99
O02578,C193,P39,1,21.99,2026-02-22 20:02:48,21.99,258.98
O02578,C193,P30,1,236.99,2026-02-22 20:02:48,236.99,258.98
O02579,C010,P24,1,299.99,2024-11-09 09:27:48,299.99,491.98
O02579,C010,P50,1,191.99,2024-11-09 09:27:48,191.99,491.98
O02580,C240,P30,1,236.99,2024-11-04 11:04:28,236.99,236.99
O02581,C424,P49,1,77.99,2025-09-17 03:23:24,77.99,153.97
O02581,C424,P42,1,58.99,2025-09-17 03:23:24,58.99,153.97
O02581,C424,P31,1,16.99,2025-09-17 03:23:24,16.99,153.97
O02582,C341,P15,1,18.99,2026-03-01 06:06:31,18.99,18.99
O02583,C398,P20,1,96.99,2025-12-28 14:18:52,96.99,96.99
O02584,C167,P37,1,42.99,2025-11-29 21:11:24,42.99,42.99
O02585,C133,P10,2,92.99,2025-12-22 12:43:33,185.98,185.98
O02586,C096,P17,1,22.99,2025-08-24 09:02:28,22.99,22.99
O02587,C229,P05,2,429.99,2025-11-09 12:43:13,859.98,859.98
O02588,C362,P26,1,87.99,2025-10-27 10:13:46,87.99,104.98
O02588,C362,P31,1,16.99,2025-10-27 10:13:46,16.99,104.98
O02589,C310,P31,1,16.99,2025-05-29 16:27:46,16.99,60.97
O02589,C310,P39,2,21.99,2025-05-29 16:27:46,43.98,60.97
O02590,C356,P26,1,87.99,2025-06-24 08:33:58,87.99,270.97
O02590,C356,P38,1,38.99,2025-06-24 08:33:58,38.99,270.97
O02590,C356,P44,1,143.99,2025-06-24 08:33:58,143.99,270.97
O02591,C190,P44,2,143.99,2025-12-25 08:00:22,287.98,341.97
O02591,C190,P34,1,53.99,2025-12-25 08:00:22,53.99,341.97
O02592,C075,P21,1,196.99,2025-06-12 18:26:47,196.99,196.99
O02593,C231,P44,1,143.99,2025-05-01 08:49:00,143.99,143.99
O02594,C165,P30,1,236.99,2025-04-15 01:47:30,236.99,261.98
O02594,C165,P32,1,24.99,2025-04-15 01:47:30,24.99,261.98
O02595,C082,P16,1,30.99,2025-05-08 02:37:45,30.99,107.97
O02595,C082,P34,1,53.99,2025-05-08 02:37:45,53.99,107.97
O02595,C082,P17,1,22.99,2025-05-08 02:37:45,22.99,107.97
O02596,C207,P04,1,281.99,2025-12-14 04:29:46,281.99,281.99
O02597,C090,P05,1,429.99,2026-05-16 04:30:06,429.99,429.99
O02598,C426,P32,1,24.99,2025-12-07 15:27:38,24.99,24.99
O02599,C085,P24,1,299.99,2024-08-25 09:10:39,299.99,514.97
O02599,C085,P08,1,100.99,2024-08-25 09:10:39,100.99,514.97
O02599,C085,P19,1,113.99,2024-08-25 09:10:39,113.99,514.97
O02600,C120,P38,1,38.99,2024-08-03 05:06:53,38.99,38.99
O02601,C300,P48,1,78.99,2026-02-24 05:11:01,78.99,447.95
O02601,C300,P27,1,239.99,2026-02-24 05:11:01,239.99,447.95
O02601,C300,P37,3,42.99,2026-02-24 05:11:01,128.97,447.95
O02602,C456,P05,1,429.99,2025-09-29 21:25:17,429.99,429.99
O02603,C280,P49,1,77.99,2024-07-27 02:28:29,77.99,446.96
O02603,C280,P02,1,226.99,2024-07-27 02:28:29,226.99,446.96
O02603,C280,P14,2,70.99,2024-07-27 02:28:29,141.98,446.96
O02604,C229,P03,1,205.99,2026-03-24 01:56:21,205.99,319.98
O02604,C229,P19,1,113.99,2026-03-24 01:56:21,113.99,319.98
O02605,C212,P37,1,42.99,2026-02-05 05:16:58,42.99,42.99
O02606,C058,P29,1,199.99,2026-03-02 14:10:36,199.99,199.99
O02607,C124,P48,1,78.99,2026-04-19 00:34:14,78.99,244.97
O02607,C124,P26,1,87.99,2026-04-19 00:34:14,87.99,244.97
O02607,C124,P49,1,77.99,2026-04-19 00:34:14,77.99,244.97
O02608,C374,P15,1,18.99,2026-01-26 17:20:06,18.99,97.98
O02608,C374,P48,1,78.99,2026-01-26 17:20:06,78.99,97.98
O02609,C359,P11,1,91.99,2025-06-29 15:11:34,91.99,235.97
O02609,C359,P37,1,42.99,2025-06-29 15:11:34,42.99,235.97
O02609,C359,P08,1,100.99,2025-06-29 15:11:34,100.99,235.97
O02610,C153,P28,1,198.99,2026-06-13 18:52:27,198.99,198.99
O02611,C232,P11,1,91.99,2025-03-31 10:52:10,91.99,91.99
O02612,C156,P48,1,78.99,2025-02-23 06:37:31,78.99,78.99
O02613,C192,P28,1,198.99,2024-07-26 23:00:32,198.99,641.97
O02613,C192,P20,1,96.99,2024-07-26 23:00:32,96.99,641.97
O02613,C192,P01,1,345.99,2024-07-26 23:00:32,345.99,641.97
O02614,C212,P43,2,138.99,2026-02-15 00:10:02,277.98,432.97
O02614,C212,P46,1,154.99,2026-02-15 00:10:02,154.99,432.97
O02615,C432,P05,2,429.99,2026-05-03 19:02:10,859.98,859.98
O02616,C398,P03,1,205.99,2026-05-24 09:56:52,205.99,205.99
O02617,C278,P11,1,91.99,2025-09-09 01:37:14,91.99,91.99
O02618,C099,P05,1,429.99,2024-12-14 05:00:10,429.99,429.99
O02619,C415,P04,1,281.99,2025-06-07 20:51:21,281.99,281.99
O02620,C453,P44,1,143.99,2026-02-26 10:18:21,143.99,349.98
O02620,C453,P03,1,205.99,2026-02-26 10:18:21,205.99,349.98
O02621,C259,P40,1,10.99,2026-01-16 17:18:44,10.99,125.98
O02621,C259,P13,1,114.99,2026-01-16 17:18:44,114.99,125.98
O02622,C449,P28,1,198.99,2024-12-11 07:25:58,198.99,198.99
O02623,C416,P42,1,58.99,2025-12-11 11:36:47,58.99,77.98
O02623,C416,P15,1,18.99,2025-12-11 11:36:47,18.99,77.98
O02624,C404,P04,1,281.99,2025-01-08 08:05:10,281.99,673.97
O02624,C404,P29,1,199.99,2025-01-08 08:05:10,199.99,673.97
O02624,C404,P50,1,191.99,2025-01-08 08:05:10,191.99,673.97
O02625,C448,P16,2,30.99,2025-12-03 19:08:03,61.98,61.98
O02626,C206,P18,1,44.99,2024-11-25 15:29:19,44.99,136.98
O02626,C206,P11,1,91.99,2024-11-25 15:29:19,91.99,136.98
O02627,C094,P29,1,199.99,2025-09-30 08:41:05,199.99,394.98
O02627,C094,P22,1,194.99,2025-09-30 08:41:05,194.99,394.98
O02628,C301,P07,1,366.99,2025-06-20 12:28:04,366.99,383.98
O02628,C301,P31,1,16.99,2025-06-20 12:28:04,16.99,383.98
O02629,C066,P33,1,74.99,2026-05-16 08:30:20,74.99,74.99
O02630,C205,P02,2,226.99,2024-12-15 03:57:57,453.98,453.98
O02631,C218,P11,1,91.99,2024-10-22 07:01:00,91.99,230.98
O02631,C218,P43,1,138.99,2024-10-22 07:01:00,138.99,230.98
O02632,C138,P46,1,154.99,2025-01-17 04:17:03,154.99,154.99
O02633,C182,P18,1,44.99,2025-11-23 10:22:00,44.99,44.99
O02634,C396,P43,1,138.99,2025-11-06 18:40:06,138.99,138.99
O02635,C265,P09,1,34.99,2026-02-20 15:58:37,34.99,34.99
O02636,C310,P09,1,34.99,2026-06-21 11:44:47,34.99,34.99
O02637,C048,P44,1,143.99,2025-07-06 07:45:52,143.99,143.99
O02638,C478,P01,1,345.99,2025-11-26 03:37:11,345.99,442.98
O02638,C478,P20,1,96.99,2025-11-26 03:37:11,96.99,442.98
O02639,C022,P14,1,70.99,2025-05-03 20:24:53,70.99,101.98
O02639,C022,P16,1,30.99,2025-05-03 20:24:53,30.99,101.98
O02640,C286,P04,1,281.99,2025-05-02 03:22:55,281.99,373.98
O02640,C286,P11,1,91.99,2025-05-02 03:22:55,91.99,373.98
O02641,C341,P22,1,194.99,2025-11-06 13:17:03,194.99,469.97
O02641,C341,P41,1,199.99,2025-11-06 13:17:03,199.99,469.97
O02641,C341,P33,1,74.99,2025-11-06 13:17:03,74.99,469.97
O02642,C099,P28,1,198.99,2026-01-31 17:10:49,198.99,198.99
O02643,C245,P26,1,87.99,2024-11-02 05:01:47,87.99,104.98
O02643,C245,P31,1,16.99,2024-11-02 05:01:47,16.99,104.98
O02644,C087,P21,1,196.99,2025-03-01 06:55:49,196.99,275.98
O02644,C087,P48,1,78.99,2025-03-01 06:55:49,78.99,275.98
O02645,C201,P01,1,345.99,2024-11-15 05:11:11,345.99,790.97
O02645,C201,P49,1,77.99,2024-11-15 05:11:11,77.99,790.97
O02645,C201,P07,1,366.99,2024-11-15 05:11:11,366.99,790.97
O02646,C479,P29,1,199.99,2025-12-13 05:48:56,199.99,636.95
O02646,C479,P12,1,100.99,2025-12-13 05:48:56,100.99,636.95
O02646,C479,P36,2,47.99,2025-12-13 05:48:56,95.98,636.95
O02646,C479,P27,1,239.99,2025-12-13 05:48:56,239.99,636.95
O02647,C047,P18,1,44.99,2026-02-20 05:50:10,44.99,44.99
O02648,C292,P45,1,110.99,2025-09-10 19:00:50,110.99,110.99
O02649,C202,P26,1,87.99,2024-11-15 22:28:02,87.99,87.99
O02650,C471,P38,1,38.99,2026-05-19 10:52:53,38.99,38.99
O02651,C100,P02,1,226.99,2024-11-21 15:53:18,226.99,381.98
O02651,C100,P46,1,154.99,2024-11-21 15:53:18,154.99,381.98
O02652,C378,P13,1,114.99,2026-02-27 18:14:15,114.99,114.99
O02653,C091,P38,1,38.99,2024-11-02 09:53:29,38.99,38.99
O02654,C437,P10,1,92.99,2025-02-08 01:26:01,92.99,354.97
O02654,C437,P30,1,236.99,2025-02-08 01:26:01,236.99,354.97
O02654,C437,P32,1,24.99,2025-02-08 01:26:01,24.99,354.97
O02655,C057,P31,1,16.99,2026-04-26 23:26:53,16.99,250.97
O02655,C057,P28,1,198.99,2026-04-26 23:26:53,198.99,250.97
O02655,C057,P09,1,34.99,2026-04-26 23:26:53,34.99,250.97
O02656,C481,P12,1,100.99,2025-12-16 00:36:20,100.99,100.99
O02657,C217,P44,3,143.99,2024-09-25 13:42:09,431.97,502.96
O02657,C217,P14,1,70.99,2024-09-25 13:42:09,70.99,502.96
O02658,C059,P28,1,198.99,2024-07-15 19:16:18,198.99,295.98
O02658,C059,P20,1,96.99,2024-07-15 19:16:18,96.99,295.98
O02659,C051,P48,1,78.99,2025-03-25 08:57:52,78.99,78.99
O02660,C092,P31,2,16.99,2025-06-02 21:57:24,33.98,273.97
O02660,C092,P27,1,239.99,2025-06-02 21:57:24,239.99,273.97
O02661,C217,P12,3,100.99,2026-02-27 06:50:16,302.97,313.96
O02661,C217,P40,1,10.99,2026-02-27 06:50:16,10.99,313.96
O02662,C451,P07,1,366.99,2026-02-23 02:30:20,366.99,639.95
O02662,C451,P33,3,74.99,2026-02-23 02:30:20,224.97,639.95
O02662,C451,P36,1,47.99,2026-02-23 02:30:20,47.99,639.95
O02663,C254,P12,1,100.99,2025-10-23 18:12:11,100.99,100.99
O02664,C087,P18,1,44.99,2024-12-28 07:28:19,44.99,44.99
O02665,C255,P13,1,114.99,2024-11-15 08:22:27,114.99,189.98
O02665,C255,P33,1,74.99,2024-11-15 08:22:27,74.99,189.98
O02666,C230,P50,1,191.99,2025-09-07 00:10:22,191.99,549.97
O02666,C230,P35,1,57.99,2025-09-07 00:10:22,57.99,549.97
O02666,C230,P24,1,299.99,2025-09-07 00:10:22,299.99,549.97
O02667,C215,P13,1,114.99,2025-08-29 01:17:44,114.99,114.99
O02668,C376,P01,1,345.99,2026-01-29 02:41:00,345.99,776.95
O02668,C376,P39,1,21.99,2026-01-29 02:41:00,21.99,776.95
O02668,C376,P22,2,194.99,2026-01-29 02:41:00,389.98,776.95
O02668,C376,P15,1,18.99,2026-01-29 02:41:00,18.99,776.95
O02669,C484,P21,1,196.99,2025-08-16 02:25:46,196.99,196.99
O02670,C309,P35,1,57.99,2025-11-19 01:37:49,57.99,57.99
O02671,C345,P27,1,239.99,2025-11-30 09:31:54,239.99,318.98
O02671,C345,P48,1,78.99,2025-11-30 09:31:54,78.99,318.98
O02672,C259,P04,1,281.99,2026-05-27 16:16:17,281.99,281.99
O02673,C193,P23,1,205.99,2024-09-18 14:53:41,205.99,945.95
O02673,C193,P27,2,239.99,2024-09-18 14:53:41,479.98,945.95
O02673,C193,P17,1,22.99,2024-09-18 14:53:41,22.99,945.95
O02673,C193,P30,1,236.99,2024-09-18 14:53:41,236.99,945.95
O02674,C474,P45,1,110.99,2026-02-20 02:23:42,110.99,110.99
O02675,C191,P04,1,281.99,2026-01-18 23:38:36,281.99,281.99
O02676,C244,P50,1,191.99,2026-04-28 05:36:53,191.99,191.99
O02677,C172,P25,3,25.99,2024-08-11 14:41:53,77.97,418.95
O02677,C172,P02,1,226.99,2024-08-11 14:41:53,226.99,418.95
O02677,C172,P19,1,113.99,2024-08-11 14:41:53,113.99,418.95
O02678,C220,P18,2,44.99,2024-08-04 01:14:45,89.98,89.98
O02679,C304,P29,1,199.99,2025-11-16 06:01:25,199.99,199.99
O02680,C012,P08,1,100.99,2026-01-19 15:44:50,100.99,183.97
O02680,C012,P36,1,47.99,2026-01-19 15:44:50,47.99,183.97
O02680,C012,P09,1,34.99,2026-01-19 15:44:50,34.99,183.97
O02681,C440,P40,1,10.99,2026-05-09 18:41:00,10.99,237.98
O02681,C440,P02,1,226.99,2026-05-09 18:41:17,226.99,237.98
O02682,C332,P44,1,143.99,2026-04-30 10:13:32,143.99,165.98
O02682,C332,P39,1,21.99,2026-04-30 10:13:32,21.99,165.98
O02683,C242,P11,1,91.99,2025-12-15 18:26:13,91.99,91.99
O02684,C356,P02,1,226.99,2026-01-03 16:48:30,226.99,702.96
O02684,C356,P48,1,78.99,2026-01-03 16:48:30,78.99,702.96
O02684,C356,P21,1,196.99,2026-01-03 16:48:30,196.99,702.96
O02684,C356,P41,1,199.99,2026-01-03 16:48:30,199.99,702.96
O02685,C071,P42,2,58.99,2024-11-03 03:44:29,117.98,117.98
O02686,C217,P47,1,41.99,2025-12-20 02:34:55,41.99,41.99
O02688,C347,P38,1,38.99,2026-05-24 00:30:12,38.99,331.97
O02688,C347,P12,1,100.99,2026-05-24 00:30:12,100.99,331.97
O02688,C347,P50,1,191.99,2026-05-24 00:30:12,191.99,331.97
O02689,C291,P27,1,239.99,2026-01-18 05:31:07,239.99,461.97
O02689,C291,P45,2,110.99,2026-01-18 05:31:00,221.98,461.97
O02690,C105,P01,1,345.99,2025-12-22 07:29:05,345.99,345.99
O02691,C422,P19,1,113.99,2026-04-09 19:16:10,113.99,113.99
O02692,C106,P16,1,30.99,2025-12-03 18:34:43,30.99,769.96
O02692,C106,P06,1,402.99,2025-12-03 18:34:43,402.99,769.96
O02692,C106,P44,1,143.99,2025-12-03 18:34:43,143.99,769.96
O02692,C106,P50,1,191.99,2025-12-03 18:34:43,191.99,769.96
O02693,C355,P27,1,239.99,2025-01-15 09:22:49,239.99,439.98
O02693,C355,P29,1,199.99,2025-01-15 09:22:49,199.99,439.98
O02694,C092,P01,1,345.99,2024-08-31 10:52:34,345.99,345.99
O02695,C311,P48,1,78.99,2025-08-27 08:14:35,78.99,315.97
O02695,C311,P50,1,191.99,2025-08-27 08:14:35,191.99,315.97
O02695,C311,P18,1,44.99,2025-08-27 08:14:35,44.99,315.97
O02696,C076,P30,1,236.99,2025-12-27 22:43:52,236.99,278.98
O02696,C076,P47,1,41.99,2025-12-27 22:43:52,41.99,278.98
O02697,C258,P42,1,58.99,2026-02-28 00:24:40,58.99,58.99
O02698,C114,P49,1,77.99,2025-11-18 10:56:41,77.99,359.98
O02698,C114,P04,1,281.99,2025-11-18 10:56:41,281.99,359.98
O02699,C130,P42,1,58.99,2026-03-21 18:58:46,58.99,133.98
O02699,C130,P33,1,74.99,2026-03-21 18:58:46,74.99,133.98
O02700,C482,P39,3,21.99,2025-06-16 01:07:30,65.97,65.97
O02701,C212,P02,1,226.99,2025-11-01 01:28:56,226.99,226.99
O02702,C277,P05,1,429.99,2024-08-02 20:57:55,429.99,938.95
O02702,C277,P30,1,236.99,2024-08-02 20:57:55,236.99,938.95
O02702,C277,P11,2,91.99,2024-08-02 20:57:55,183.98,938.95
O02702,C277,P26,1,87.99,2024-08-02 20:57:55,87.99,938.95
O02703,C334,P21,1,196.99,2026-04-04 09:53:19,196.99,501.97
O02703,C334,P49,1,77.99,2026-04-04 09:53:19,77.99,501.97
O02703,C334,P02,1,226.99,2026-04-04 09:53:19,226.99,501.97
O02704,C260,P30,1,236.99,2025-11-11 10:36:11,236.99,436.98
O02704,C260,P41,1,199.99,2025-11-11 10:36:11,199.99,436.98
O02705,C277,P25,1,25.99,2024-07-06 18:43:07,25.99,126.98
O02705,C277,P08,1,100.99,2024-07-06 18:43:07,100.99,126.98
O02706,C201,P02,1,226.99,2024-11-02 17:02:33,226.99,226.99
O02707,C062,P27,1,239.99,2025-05-26 20:48:51,239.99,239.99
O02708,C462,P39,1,21.99,2026-04-30 08:17:13,21.99,21.99
O02709,C334,P32,1,24.99,2025-03-01 08:21:00,24.99,370.98
O02709,C334,P01,1,345.99,2025-03-01 08:21:33,345.99,370.98
O02710,C383,P11,1,91.99,2025-10-30 21:59:42,91.99,91.99
O02711,C192,P10,2,92.99,2024-12-01 19:01:37,185.98,185.98
O02712,C235,P37,1,42.99,2025-03-02 00:11:35,42.99,530.96
O02712,C235,P29,2,199.99,2025-03-02 00:11:35,399.98,530.96
O02712,C235,P26,1,87.99,2025-03-02 00:11:35,87.99,530.96
O02713,C313,P19,1,113.99,2025-12-08 14:00:08,113.99,196.96
O02713,C313,P16,1,30.99,2025-12-08 14:00:08,30.99,196.96
O02713,C313,P25,2,25.99,2025-12-08 14:00:08,51.98,196.96
O02714,C158,P17,1,22.99,2024-08-11 11:14:44,22.99,97.98
O02714,C158,P33,1,74.99,2024-08-11 11:14:44,74.99,97.98
O02715,C418,P16,1,30.99,2025-11-22 11:49:17,30.99,118.98
O02715,C418,P26,1,87.99,2025-11-22 11:49:17,87.99,118.98
O02716,C450,P46,1,154.99,2026-05-13 17:09:07,154.99,154.99
O02717,C256,P10,3,92.99,2024-12-14 11:17:45,278.97,278.97
O02718,C492,P30,1,236.99,2025-07-27 13:02:24,236.99,236.99
O02719,C320,P24,1,299.99,2026-06-15 13:18:37,299.99,299.99
O02721,C096,P37,1,42.99,2025-10-09 12:11:10,42.99,815.94
O02721,C096,P40,1,10.99,2025-10-09 12:11:10,10.99,815.94
O02721,C096,P09,2,34.99,2025-10-09 12:11:10,69.98,815.94
O02721,C096,P01,2,345.99,2025-10-09 12:11:10,691.98,815.94
O02722,C292,P40,3,10.99,2025-09-20 05:12:57,32.97,32.97
O02723,C466,P48,1,78.99,2026-05-28 19:42:52,78.99,78.99
O02724,C488,P48,2,78.99,2026-04-04 07:13:20,157.98,174.97
O02724,C488,P31,1,16.99,2026-04-04 07:13:20,16.99,174.97
O02725,C264,P50,1,191.99,2025-06-02 15:28:39,191.99,191.99
O02726,C155,P17,2,22.99,2024-10-24 08:33:11,45.98,45.98
O02727,C417,P13,1,114.99,2025-12-30 10:12:38,114.99,192.98
O02727,C417,P49,1,77.99,2025-12-30 10:12:38,77.99,192.98
O02728,C065,P20,1,96.99,2025-04-06 00:00:57,96.99,96.99
O02729,C338,P48,2,78.99,2026-02-02 12:09:53,157.98,587.97
O02729,C338,P05,1,429.99,2026-02-02 12:09:53,429.99,587.97
O02730,C334,P37,1,42.99,2025-12-09 01:55:18,42.99,472.98
O02730,C334,P05,1,429.99,2025-12-09 01:55:18,429.99,472.98
O02731,C105,P41,1,199.99,2025-07-20 18:31:20,199.99,199.99
O02732,C241,P21,1,196.99,2024-11-02 18:39:34,196.99,196.99
O02733,C197,P09,1,34.99,2024-12-31 23:50:42,34.99,608.96
O02733,C197,P19,2,113.99,2024-12-31 23:50:42,227.98,608.96
O02733,C197,P01,1,345.99,2024-12-31 23:50:42,345.99,608.96
O02734,C029,P37,2,42.99,2025-07-22 07:21:53,85.98,85.98
O02735,C219,P40,1,10.99,2025-04-30 03:39:16,10.99,186.97
O02735,C219,P26,2,87.99,2025-04-30 03:39:16,175.98,186.97
O02736,C482,P24,1,299.99,2026-06-16 17:58:52,299.99,299.99
O02737,C068,P41,2,199.99,2026-03-17 02:30:42,399.98,399.98
O02738,C230,P37,3,42.99,2025-10-19 13:06:59,128.97,323.96
O02738,C230,P22,1,194.99,2025-10-19 13:06:59,194.99,323.96
O02739,C392,P01,1,345.99,2026-05-24 23:41:49,345.99,345.99
O02740,C408,P21,2,196.99,2026-06-25 15:16:07,393.98,412.97
O02740,C408,P15,1,18.99,2026-06-25 15:16:07,18.99,412.97
O02741,C247,P04,1,281.99,2025-11-12 10:54:25,281.99,281.99
O02742,C254,P23,1,205.99,2024-11-24 05:04:31,205.99,986.95
O02742,C254,P04,1,281.99,2024-11-24 05:04:31,281.99,986.95
O02742,C254,P15,1,18.99,2024-11-24 05:04:31,18.99,986.95
O02742,C254,P27,2,239.99,2024-11-24 05:04:31,479.98,986.95
O02743,C076,P47,1,41.99,2025-11-24 19:47:53,41.99,471.98
O02743,C076,P05,1,429.99,2025-11-24 19:47:53,429.99,471.98
O02744,C100,P19,1,113.99,2024-11-30 01:12:19,113.99,210.98
O02744,C100,P20,1,96.99,2024-11-30 01:12:19,96.99,210.98
O02745,C282,P48,2,78.99,2025-10-12 08:31:27,157.98,157.98
O02746,C213,P01,1,345.99,2026-03-06 07:20:04,345.99,473.97
O02746,C213,P45,1,110.99,2026-03-06 07:20:04,110.99,473.97
O02746,C213,P31,1,16.99,2026-03-06 07:20:04,16.99,473.97
O02747,C037,P50,1,191.99,2025-12-28 20:02:58,191.99,397.98
O02747,C037,P23,1,205.99,2025-12-28 20:02:58,205.99,397.98
O02748,C493,P23,1,205.99,2026-03-01 17:37:22,205.99,205.99
O02749,C498,P23,1,205.99,2025-11-27 19:52:04,205.99,280.98
O02749,C498,P33,1,74.99,2025-11-27 19:52:04,74.99,280.98
O02750,C380,P29,1,199.99,2025-12-15 23:51:06,199.99,199.99
O02751,C368,P43,1,138.99,2026-04-04 12:42:23,138.99,138.99
O02752,C204,P19,1,113.99,2024-08-17 15:52:30,113.99,113.99
O02753,C126,P20,1,96.99,2026-03-29 00:45:19,96.99,96.99
O02754,C142,P35,1,57.99,2026-06-21 07:38:59,57.99,150.98
O02754,C142,P10,1,92.99,2026-06-21 07:38:59,92.99,150.98
O02756,C191,P18,3,44.99,2026-04-19 17:35:25,134.97,334.96
O02756,C191,P41,1,199.99,2026-04-19 17:35:25,199.99,334.96
O02757,C338,P11,1,91.99,2025-11-23 17:00:09,91.99,91.99
O02758,C174,P39,1,21.99,2024-09-25 12:18:44,21.99,21.99
O02759,C105,P04,2,281.99,2025-12-05 10:46:26,563.98,563.98
O02760,C310,P33,2,74.99,2026-06-28 09:16:54,149.98,149.98
O02761,C391,P39,1,21.99,2026-01-01 13:31:02,21.99,117.97
O02761,C391,P36,2,47.99,2026-01-01 13:31:02,95.98,117.97
O02762,C306,P40,1,10.99,2025-05-12 21:45:07,10.99,413.98
O02762,C306,P06,1,402.99,2025-05-12 21:45:07,402.99,413.98
O02763,C355,P13,1,114.99,2025-12-11 09:55:14,114.99,114.99
O02765,C174,P12,1,100.99,2025-08-30 10:10:51,100.99,100.99
O02766,C058,P44,1,143.99,2025-09-29 12:02:18,143.99,555.96
O02766,C058,P11,1,91.99,2025-09-29 12:02:18,91.99,555.96
O02766,C058,P10,1,92.99,2025-09-29 12:02:18,92.99,555.96
O02766,C058,P02,1,226.99,2025-09-29 12:02:18,226.99,555.96
O02767,C245,P47,1,41.99,2026-05-23 11:45:17,41.99,41.99
O02768,C405,P09,2,34.99,2025-10-15 17:43:57,69.98,269.97
O02768,C405,P41,1,199.99,2025-10-15 17:43:57,199.99,269.97
O02769,C385,P37,1,42.99,2024-11-20 12:47:04,42.99,321.96
O02769,C385,P22,1,194.99,2024-11-20 12:47:04,194.99,321.96
O02769,C385,P47,2,41.99,2024-11-20 12:47:04,83.98,321.96
O02770,C249,P16,1,30.99,2026-01-07 13:08:55,30.99,30.99
O02771,C389,P09,1,34.99,2025-12-13 00:23:14,34.99,569.96
O02771,C389,P48,1,78.99,2025-12-13 00:23:14,78.99,569.96
O02771,C389,P25,1,25.99,2025-12-13 00:23:14,25.99,569.96
O02771,C389,P05,1,429.99,2025-12-13 00:23:14,429.99,569.96
O02773,C476,P16,1,30.99,2026-02-05 12:15:02,30.99,30.99
O02774,C005,P06,1,402.99,2025-03-09 04:46:33,402.99,661.97
O02774,C005,P42,1,58.99,2025-03-09 04:46:33,58.99,661.97
O02774,C005,P41,1,199.99,2025-03-09 04:46:33,199.99,661.97
O02775,C301,P11,1,91.99,2025-06-14 06:37:02,91.99,373.98
O02775,C301,P04,1,281.99,2025-06-14 06:37:02,281.99,373.98
O02776,C015,P11,1,91.99,2024-11-05 04:01:38,91.99,91.99
O02777,C393,P24,2,299.99,2026-06-14 11:36:29,599.98,618.97
O02777,C393,P15,1,18.99,2026-06-14 11:36:29,18.99,618.97
O02778,C423,P35,1,57.99,2026-02-22 12:02:03,57.99,455.97
O02778,C423,P28,2,198.99,2026-02-22 12:02:03,397.98,455.97
O02779,C238,P17,3,22.99,2025-02-16 15:59:18,68.97,113.96
O02779,C238,P18,1,44.99,2025-02-16 15:59:18,44.99,113.96
O02780,C071,P19,1,113.99,2024-08-13 09:47:35,113.99,438.96
O02780,C071,P45,1,110.99,2024-08-13 09:47:35,110.99,438.96
O02780,C071,P22,1,194.99,2024-08-13 09:47:35,194.99,438.96
O02780,C071,P15,1,18.99,2024-08-13 09:47:35,18.99,438.96
O02781,C368,P14,1,70.99,2025-12-21 12:22:40,70.99,70.99
O02782,C430,P11,1,91.99,2026-06-13 10:25:25,91.99,91.99
O02783,C352,P21,1,196.99,2025-08-28 03:31:39,196.99,196.99
O02784,C195,P09,1,34.99,2024-07-15 13:06:51,34.99,34.99
O02785,C217,P10,2,92.99,2024-08-01 00:18:28,185.98,503.96
O02785,C217,P49,1,77.99,2024-08-01 00:18:28,77.99,503.96
O02785,C217,P27,1,239.99,2024-08-01 00:18:28,239.99,503.96
O02786,C181,P05,1,429.99,2026-01-04 02:23:00,429.99,429.99
O02787,C102,P41,1,199.99,2025-11-19 02:28:14,199.99,602.98
O02787,C102,P06,1,402.99,2025-11-19 02:28:14,402.99,602.98
O02788,C162,P24,1,299.99,2025-04-26 11:33:28,299.99,334.98
O02788,C162,P09,1,34.99,2025-04-26 11:33:28,34.99,334.98
O02789,C108,P04,1,281.99,2024-12-13 10:19:28,281.99,436.98
O02789,C108,P46,1,154.99,2024-12-13 10:19:00,154.99,436.98
O02790,C382,P30,1,236.99,2026-03-13 03:43:51,236.99,236.99
O02791,C164,P49,2,77.99,2025-12-05 03:36:59,155.98,214.97
O02791,C164,P42,1,58.99,2025-12-05 03:36:59,58.99,214.97
O02792,C273,P26,1,87.99,2025-04-03 23:59:19,87.99,197.97
O02792,C273,P38,1,38.99,2025-04-03 23:59:19,38.99,197.97
O02792,C273,P14,1,70.99,2025-04-03 23:59:19,70.99,197.97
O02793,C121,P41,1,199.99,2024-11-24 10:45:38,199.99,199.99
O02794,C236,P50,1,191.99,2025-04-01 00:23:43,191.99,191.99
O02795,C125,P47,1,41.99,2026-06-30 22:30:54,41.99,41.99
O02796,C136,P12,1,100.99,2024-12-12 00:51:41,100.99,100.99
O02797,C309,P10,1,92.99,2025-12-30 15:15:13,92.99,92.99
O02798,C310,P37,3,42.99,2026-01-17 06:50:43,128.97,128.97
O02799,C208,P09,1,34.99,2024-12-29 01:11:55,34.99,231.98
O02799,C208,P21,1,196.99,2024-12-29 01:11:55,196.99,231.98
O02800,C203,P42,1,58.99,2026-05-08 14:24:39,58.99,182.97
O02800,C203,P12,1,100.99,2026-05-08 14:24:39,100.99,182.97
O02800,C203,P17,1,22.99,2026-05-08 14:24:39,22.99,182.97
O02801,C478,P42,1,58.99,2026-01-12 07:46:34,58.99,357.97
O02801,C478,P10,1,92.99,2026-01-12 07:46:34,92.99,357.97
O02801,C478,P03,1,205.99,2026-01-12 07:46:34,205.99,357.97
O02802,C049,P15,1,18.99,2024-12-15 00:04:27,18.99,96.98
O02802,C049,P49,1,77.99,2024-12-15 00:04:27,77.99,96.98
O02803,C151,P38,1,38.99,2024-11-03 09:31:42,38.99,38.99
O02804,C456,P06,1,402.99,2025-12-27 21:30:21,402.99,642.97
O02804,C456,P22,1,194.99,2025-12-27 21:30:21,194.99,642.97
O02804,C456,P18,1,44.99,2025-12-27 21:30:21,44.99,642.97
O02805,C469,P40,1,10.99,2026-05-21 10:27:36,10.99,870.97
O02805,C469,P05,2,429.99,2026-05-21 10:27:36,859.98,870.97
O02806,C064,P16,1,30.99,2024-07-31 22:53:25,30.99,101.98
O02806,C064,P14,1,70.99,2024-07-31 22:53:00,70.99,101.98
O02807,C389,P09,1,34.99,2025-11-10 20:46:49,34.99,34.99
O02808,C240,P33,2,74.99,2025-06-05 00:34:26,149.98,466.96
O02808,C240,P45,1,110.99,2025-06-05 06:04:26,110.99,466.96
O02808,C240,P03,1,205.99,2025-06-05 06:04:26,205.99,466.96
O02809,C245,P04,1,281.99,2024-07-30 14:00:13,281.99,312.98
O02809,C245,P16,1,30.99,2024-07-30 14:00:13,30.99,312.98
O02810,C315,P41,1,199.99,2025-02-15 19:32:50,199.99,199.99
O02811,C373,P47,1,41.99,2026-03-18 20:30:50,41.99,323.98
O02811,C373,P04,1,281.99,2026-03-18 20:30:50,281.99,323.98
O02812,C010,P33,1,74.99,2025-11-17 13:30:50,74.99,166.98
O02812,C010,P11,1,91.99,2025-11-17 13:30:50,91.99,166.98
O02813,C191,P11,1,91.99,2025-09-06 00:53:59,91.99,91.99
O02814,C021,P23,1,205.99,2024-12-13 12:12:51,205.99,405.98
O02814,C021,P41,1,199.99,2024-12-13 12:12:51,199.99,405.98
O02816,C162,P14,3,70.99,2025-09-30 20:37:13,212.97,212.97
O02817,C358,P35,1,57.99,2026-02-25 21:31:47,57.99,522.96
O02817,C358,P46,3,154.99,2026-02-25 21:31:47,464.97,522.96
O02818,C405,P03,1,205.99,2025-10-23 19:58:45,205.99,283.97
O02818,C405,P38,2,38.99,2025-10-23 19:58:45,77.98,283.97
O02819,C417,P14,1,70.99,2026-01-14 09:38:44,70.99,403.97
O02819,C417,P10,1,92.99,2026-01-14 09:38:44,92.99,403.97
O02819,C417,P27,1,239.99,2026-01-14 09:38:44,239.99,403.97
O02820,C068,P09,1,34.99,2025-12-13 18:16:57,34.99,34.99
O02821,C368,P42,1,58.99,2025-12-21 22:59:56,58.99,918.97
O02821,C368,P05,2,429.99,2025-12-21 22:59:56,859.98,918.97
O02822,C169,P02,1,226.99,2025-10-19 17:59:21,226.99,226.99
O02823,C038,P11,2,91.99,2024-11-19 14:27:47,183.98,218.97
O02823,C038,P09,1,34.99,2024-11-19 14:27:47,34.99,218.97
O02824,C498,P41,1,199.99,2026-01-14 09:31:19,199.99,199.99
O02825,C204,P33,1,74.99,2025-12-01 23:32:44,74.99,74.99
O02826,C270,P35,1,57.99,2024-11-04 04:13:28,57.99,116.98
O02826,C270,P42,1,58.99,2024-11-04 04:13:28,58.99,116.98
O02827,C280,P25,1,25.99,2026-06-11 09:04:24,25.99,136.98
O02827,C280,P45,1,110.99,2026-06-11 09:04:24,110.99,136.98
O02828,C358,P30,1,236.99,2026-01-30 18:41:23,236.99,236.99
O02829,C295,P21,1,196.99,2025-10-04 08:25:01,196.99,271.98
O02829,C295,P33,1,74.99,2025-10-04 08:25:01,74.99,271.98
O02830,C138,P16,2,30.99,2025-09-05 12:12:56,61.98,753.96
O02830,C138,P01,2,345.99,2025-09-05 12:12:56,691.98,753.96
O02831,C228,P35,1,57.99,2024-11-09 12:51:07,57.99,57.99
O02832,C451,P07,1,366.99,2025-12-27 02:24:25,366.99,366.99
O02833,C183,P18,1,44.99,2026-04-06 23:28:43,44.99,434.97
O02833,C183,P22,2,194.99,2026-04-06 23:28:43,389.98,434.97
O02834,C485,P32,1,24.99,2025-06-22 10:48:48,24.99,24.99
O02835,C495,P04,1,281.99,2025-12-20 15:27:17,281.99,281.99
O02836,C229,P19,1,113.99,2025-02-07 13:51:33,113.99,539.97
O02836,C229,P44,1,143.99,2025-02-07 13:51:33,143.99,539.97
O02836,C229,P04,1,281.99,2025-02-07 13:51:33,281.99,539.97
O02837,C167,P17,1,22.99,2024-10-10 05:57:16,22.99,836.96
O02837,C167,P05,1,429.99,2024-10-10 05:57:16,429.99,836.96
O02837,C167,P50,2,191.99,2024-10-10 05:57:16,383.98,836.96
O02838,C003,P35,3,57.99,2024-11-05 06:12:33,173.97,173.97
O02839,C009,P03,1,205.99,2025-07-17 07:53:20,205.99,719.96
O02839,C009,P47,2,41.99,2025-07-17 07:53:20,83.98,719.96
O02839,C009,P05,1,429.99,2025-07-17 07:53:20,429.99,719.96
O02840,C024,P14,1,70.99,2026-03-20 09:51:59,70.99,70.99
O02841,C211,P04,1,281.99,2024-08-29 01:51:44,281.99,281.99
O02842,C377,P48,1,78.99,2025-09-07 00:38:49,78.99,579.97
O02842,C377,P05,1,429.99,2025-09-07 00:38:49,429.99,579.97
O02842,C377,P14,1,70.99,2025-09-07 00:38:49,70.99,579.97
O02843,C222,P37,2,42.99,2025-11-03 19:30:38,85.98,85.98
O02844,C070,P14,1,70.99,2026-02-10 10:09:35,70.99,70.99
O02845,C313,P30,1,236.99,2025-11-22 00:19:20,236.99,513.97
O02845,C313,P14,1,70.99,2025-11-22 00:19:20,70.99,513.97
O02845,C313,P23,1,205.99,2025-11-22 00:19:20,205.99,513.97
O02846,C154,P41,2,199.99,2026-06-25 00:36:20,399.98,399.98
O02847,C294,P41,1,199.99,2024-12-15 00:56:21,199.99,277.98
O02847,C294,P49,1,77.99,2024-12-15 00:56:21,77.99,277.98
O02848,C222,P42,2,58.99,2024-07-06 22:39:16,117.98,117.98
O02849,C439,P39,1,21.99,2026-02-23 07:05:22,21.99,134.97
O02849,C439,P49,1,77.99,2026-02-23 07:05:22,77.99,134.97
O02849,C439,P09,1,34.99,2026-02-23 07:05:22,34.99,134.97
O02850,C009,P37,1,42.99,2025-06-07 09:09:02,42.99,42.99
O02851,C341,P40,1,10.99,2025-12-07 09:34:27,10.99,10.99
O02852,C486,P48,1,78.99,2025-09-11 09:04:32,78.99,267.97
O02852,C486,P18,1,44.99,2025-11-09 09:04:32,44.99,267.97
O02852,C486,P44,1,143.99,2025-09-11 09:04:32,143.99,267.97
O02853,C268,P42,1,58.99,2025-12-16 04:53:38,58.99,58.99
O02854,C203,P16,1,30.99,2025-11-25 08:06:36,30.99,30.99
O02855,C113,P47,1,41.99,2024-11-15 13:01:47,41.99,89.98
O02855,C113,P36,1,47.99,2024-11-15 13:01:47,47.99,89.98
O02856,C144,P34,1,53.99,2024-11-13 13:53:30,53.99,53.99
O02857,C435,P12,1,100.99,2026-06-27 06:44:00,100.99,100.99
O02858,C110,P06,3,402.99,2025-11-10 20:58:43,1208.97,1208.97
O02859,C272,P19,1,113.99,2026-04-26 02:29:34,113.99,305.98
O02859,C272,P50,1,191.99,2026-04-26 02:29:34,191.99,305.98
O02860,C186,P38,2,38.99,2026-01-24 18:19:26,77.98,531.96
O02860,C186,P02,2,226.99,2026-01-24 18:19:26,453.98,531.96
O02861,C121,P08,1,100.99,2024-11-02 23:09:14,100.99,500.97
O02861,C121,P29,2,199.99,2024-11-02 23:09:14,399.98,500.97
O02863,C391,P46,1,154.99,2026-06-19 10:52:17,154.99,612.96
O02863,C391,P35,1,57.99,2026-06-19 10:52:17,57.99,612.96
O02863,C391,P41,2,199.99,2026-06-19 10:52:17,399.98,612.96
O02864,C144,P05,1,429.99,2026-01-13 14:37:20,429.99,629.98
O02864,C144,P41,1,199.99,2026-01-13 14:37:20,199.99,629.98
O02865,C161,P35,1,57.99,2025-01-16 18:33:04,57.99,418.96
O02865,C161,P40,1,10.99,2025-01-16 18:33:04,10.99,418.96
O02865,C161,P44,1,143.99,2025-01-16 18:33:04,143.99,418.96
O02865,C161,P03,1,205.99,2025-01-16 18:33:04,205.99,418.96
O02866,C299,P20,1,96.99,2024-09-01 15:38:03,96.99,396.98
O02866,C299,P24,1,299.99,2024-09-01 15:38:03,299.99,396.98
O02867,C365,P33,1,74.99,2025-12-17 05:25:52,74.99,97.98
O02867,C365,P17,1,22.99,2025-12-17 05:25:52,22.99,97.98
O02868,C106,P06,1,402.99,2025-07-28 04:01:43,402.99,402.99
O02869,C304,P43,1,138.99,2025-10-05 03:11:07,138.99,387.97
O02869,C304,P39,1,21.99,2025-10-05 03:11:07,21.99,387.97
O02869,C304,P02,1,226.99,2025-10-05 03:11:07,226.99,387.97
O02870,C450,P35,1,57.99,2026-03-25 03:09:59,57.99,111.98
O02870,C450,P34,1,53.99,2026-03-25 03:09:59,53.99,111.98
O02871,C402,P02,1,226.99,2026-02-07 16:49:08,226.99,310.97
O02871,C402,P42,1,58.99,2026-02-07 16:49:00,58.99,310.97
O02871,C402,P32,1,24.99,2026-02-07 16:49:08,24.99,310.97
O02872,C436,P38,1,38.99,2026-06-18 01:55:07,38.99,38.99
O02873,C247,P39,2,21.99,2025-12-25 18:35:09,43.98,43.98
O02874,C115,P28,1,198.99,2024-12-23 22:32:42,198.99,434.97
O02874,C115,P43,1,138.99,2024-12-23 22:32:42,138.99,434.97
O02874,C115,P20,1,96.99,2024-12-23 22:32:42,96.99,434.97
O02875,C366,P40,1,10.99,2025-08-09 13:31:20,10.99,10.99
O02876,C266,P29,1,199.99,2025-12-27 07:12:21,199.99,199.99
O02877,C250,P43,2,138.99,2025-05-13 23:06:49,277.98,277.98
O02878,C112,P50,1,191.99,2024-10-04 10:21:40,191.99,191.99
O02879,C347,P31,1,16.99,2026-05-29 11:08:41,16.99,16.99
O02880,C346,P18,1,44.99,2026-06-16 07:33:17,44.99,67.98
O02880,C346,P17,1,22.99,2026-06-16 07:33:17,22.99,67.98
O02881,C261,P31,2,16.99,2025-08-09 03:04:00,33.98,33.98
O02882,C334,P42,1,58.99,2026-05-10 03:48:09,58.99,537.97
O02882,C334,P21,1,196.99,2026-05-10 03:48:09,196.99,537.97
O02882,C334,P04,1,281.99,2026-05-10 03:48:09,281.99,537.97
O02883,C167,P39,1,21.99,2025-10-30 12:52:59,21.99,451.98
O02883,C167,P05,1,429.99,2025-10-30 12:52:59,429.99,451.98
O02884,C225,P10,1,92.99,2026-03-16 14:39:28,92.99,111.98
O02884,C225,P15,1,18.99,2026-03-16 14:39:28,18.99,111.98
O02885,C399,P27,3,239.99,2025-11-17 11:27:32,719.97,719.97
O02886,C295,P50,1,191.99,2026-01-13 00:58:48,191.99,529.96
O02886,C295,P28,1,198.99,2026-01-13 00:58:48,198.99,529.96
O02886,C295,P47,1,41.99,2026-01-13 00:58:48,41.99,529.96
O02886,C295,P20,1,96.99,2026-01-13 00:58:48,96.99,529.96
O02887,C164,P08,1,100.99,2025-06-16 15:32:42,100.99,100.99
O02888,C484,P46,1,154.99,2025-11-22 14:45:58,154.99,154.99
O02889,C340,P50,1,191.99,2025-06-02 03:32:25,191.99,417.97
O02889,C340,P14,1,70.99,2025-06-02 03:32:25,70.99,417.97
O02889,C340,P46,1,154.99,2025-06-02 03:32:25,154.99,417.97
O02890,C472,P15,1,18.99,2026-03-06 09:41:10,18.99,821.94
O02890,C472,P12,3,100.99,2026-03-06 09:41:10,302.97,821.94
O02890,C472,P20,1,96.99,2026-03-06 09:41:10,96.99,821.94
O02890,C472,P06,1,402.99,2026-03-06 09:41:10,402.99,821.94
O02891,C321,P25,1,25.99,2026-03-31 17:15:37,25.99,25.99
O02892,C239,P31,1,16.99,2026-04-15 09:18:50,16.99,16.99
O02893,C200,P23,1,205.99,2024-11-17 03:22:47,205.99,263.98
O02893,C200,P35,1,57.99,2024-11-17 03:22:47,57.99,263.98
O02894,C322,P08,1,100.99,2026-04-11 23:59:59,100.99,1159.96
O02894,C322,P28,1,198.99,2026-04-11 23:59:59,198.99,1159.96
O02894,C322,P05,2,429.99,2026-04-11 23:59:59,859.98,1159.96
O02895,C460,P36,1,47.99,2024-11-22 16:42:06,47.99,47.99
O02896,C428,P18,1,44.99,2026-05-30 03:14:50,44.99,183.98
O02896,C428,P43,1,138.99,2026-05-30 03:14:50,138.99,183.98
O02897,C030,P32,1,24.99,2025-11-29 08:52:35,24.99,24.99
O02898,C148,P09,1,34.99,2024-07-28 04:37:51,34.99,92.98
O02898,C148,P35,1,57.99,2024-07-27 23:07:51,57.99,92.98
O02899,C124,P41,1,199.99,2026-09-06 00:51:09,199.99,199.99
O02900,C478,P46,1,154.99,2026-02-06 18:46:41,154.99,356.97
O02900,C478,P12,2,100.99,2026-02-06 18:46:41,201.98,356.97
O02901,C213,P27,2,239.99,2025-03-15 14:07:38,479.98,678.97
O02901,C213,P28,1,198.99,2025-03-15 14:07:38,198.99,678.97
O02902,C161,P03,1,205.99,2025-12-13 07:17:11,205.99,384.97
O02902,C161,P09,1,34.99,2025-12-13 07:17:11,34.99,384.97
O02902,C161,P44,1,143.99,2025-12-13 07:17:11,143.99,384.97
O02903,C279,P36,1,47.99,2024-08-10 06:46:28,47.99,356.95
O02903,C279,P15,1,18.99,2024-08-10 06:46:28,18.99,356.95
O02903,C279,P27,1,239.99,2024-08-10 06:46:28,239.99,356.95
O02903,C279,P32,2,24.99,2024-08-10 06:46:28,49.98,356.95
O02904,C315,P26,1,87.99,2024-10-20 04:40:19,87.99,87.99
O02905,C151,P23,1,205.99,2024-07-28 05:13:15,205.99,1065.97
O02905,C151,P05,2,429.99,2024-07-28 05:13:15,859.98,1065.97
O02906,C465,P04,1,281.99,2025-04-16 09:08:55,281.99,430.97
O02906,C465,P08,1,100.99,2025-04-16 09:08:55,100.99,430.97
O02906,C465,P36,1,47.99,2025-04-16 09:08:55,47.99,430.97
O02907,C112,P42,1,58.99,2024-09-03 18:50:48,58.99,58.99
O02908,C314,P12,1,100.99,2025-12-27 11:37:48,100.99,100.99
O02909,C225,P03,1,205.99,2025-03-13 08:51:05,205.99,205.99
O02911,C400,P31,1,16.99,2025-11-14 21:16:56,16.99,202.97
O02911,C400,P10,2,92.99,2025-11-14 21:16:56,185.98,202.97
O02912,C118,P15,1,18.99,2025-09-10 09:30:48,18.99,18.99
O02913,C474,P24,1,299.99,2025-07-06 12:46:47,299.99,443.98
O02913,C474,P44,1,143.99,2025-07-06 12:46:47,143.99,443.98
O02914,C102,P38,1,38.99,2024-11-07 02:07:16,38.99,275.98
O02914,C102,P30,1,236.99,2024-11-07 02:07:16,236.99,275.98
O02915,C422,P19,1,113.99,2025-10-14 02:08:55,113.99,459.98
O02915,C422,P01,1,345.99,2025-10-14 02:08:55,345.99,459.98
O02916,C226,P04,1,281.99,2025-07-01 13:27:06,281.99,392.98
O02916,C226,P45,1,110.99,2025-07-01 13:27:06,110.99,392.98
O02917,C027,P16,1,30.99,2024-08-28 23:44:34,30.99,30.99
O02918,C106,P28,1,198.99,2025-09-19 10:05:04,198.99,198.99
O02919,C212,P36,1,47.99,2024-11-16 03:51:00,47.99,47.99
O02920,C234,P21,1,196.99,2024-10-01 19:42:25,196.99,395.98
O02920,C234,P28,1,198.99,2024-10-01 19:42:25,198.99,395.98
O02921,C233,P01,2,345.99,2026-02-08 13:41:35,691.98,784.97
O02921,C233,P10,1,92.99,2026-02-08 13:41:35,92.99,784.97
O02922,C337,P12,1,100.99,2024-12-08 23:04:23,100.99,334.97
O02922,C337,P46,1,154.99,2024-12-08 23:04:23,154.99,334.97
O02922,C337,P48,1,78.99,2024-12-08 23:04:23,78.99,334.97
O02923,C100,P42,1,58.99,2024-08-23 16:27:55,58.99,58.99
O02924,C172,P09,1,34.99,2026-04-14 00:43:20,34.99,240.97
O02924,C172,P11,1,91.99,2026-04-14 00:43:20,91.99,240.97
O02924,C172,P19,1,113.99,2026-04-14 00:43:20,113.99,240.97
O02926,C302,P16,1,30.99,2025-12-13 00:06:55,30.99,30.99
O02927,C379,P03,1,205.99,2025-12-17 04:08:54,205.99,205.99
O02928,C164,P04,1,281.99,2024-12-08 18:08:11,281.99,581.98
O02928,C164,P24,1,299.99,2024-12-08 18:08:11,299.99,581.98
O02929,C049,P05,1,429.99,2026-05-31 23:39:48,429.99,429.99
O02930,C107,P13,1,114.99,2024-12-16 09:13:14,114.99,133.98
O02930,C107,P15,1,18.99,2024-12-16 09:13:14,18.99,133.98
O02931,C265,P47,1,41.99,2025-03-16 03:50:13,41.99,41.99
O02932,C172,P14,1,70.99,2026-02-02 13:43:18,70.99,70.99
O02933,C257,P01,1,345.99,2025-04-05 09:39:28,345.99,345.99
O02934,C299,P04,1,281.99,2025-07-16 13:12:17,281.99,281.99
O02935,C299,P43,1,138.99,2026-05-22 07:27:48,138.99,138.99
O02936,C464,P41,1,199.99,2026-06-21 07:17:42,199.99,499.98
O02936,C464,P24,1,299.99,2026-06-21 07:17:42,299.99,499.98
O02937,C119,P25,3,25.99,2025-02-23 02:21:44,77.97,77.97
O02938,C207,P32,1,24.99,2025-03-09 10:36:54,24.99,24.99
O02939,C200,P33,2,74.99,2026-05-31 11:50:15,149.98,442.96
O02939,C200,P04,1,281.99,2026-05-31 11:50:15,281.99,442.96
O02939,C200,P40,1,10.99,2026-05-31 11:50:15,10.99,442.96
O02940,C243,P38,1,38.99,2025-12-27 11:14:15,38.99,38.99
O02941,C082,P26,1,87.99,2024-12-28 14:49:17,87.99,328.97
O02941,C082,P28,1,198.99,2024-12-28 14:49:17,198.99,328.97
O02941,C082,P47,1,41.99,2024-12-28 14:49:17,41.99,328.97
O02942,C298,P41,2,199.99,2025-11-26 22:59:26,399.98,399.98
O02943,C296,P13,2,114.99,2025-08-21 10:47:15,229.98,229.98
O02944,C363,P20,1,96.99,2025-12-20 12:31:59,96.99,463.98
O02944,C363,P07,1,366.99,2025-12-20 12:31:59,366.99,463.98
O02945,C329,P13,1,114.99,2026-04-03 20:44:59,114.99,114.99
O02946,C281,P19,1,113.99,2026-05-04 10:17:13,113.99,401.97
O02946,C281,P27,1,239.99,2026-05-04 10:17:13,239.99,401.97
O02946,C281,P36,1,47.99,2026-04-05 10:17:13,47.99,401.97
O02947,C296,P19,1,113.99,2024-07-28 03:25:46,113.99,156.98
O02947,C296,P37,1,42.99,2024-07-28 03:25:46,42.99,156.98
O02948,C316,P07,1,366.99,2025-10-14 17:50:42,366.99,366.99
O02949,C115,P33,1,74.99,2025-11-16 16:05:06,74.99,74.99
O02950,C356,P14,1,70.99,2025-12-02 00:15:01,70.99,70.99
O02951,C195,P01,1,345.99,2024-08-27 22:10:49,345.99,757.97
O02951,C195,P07,1,366.99,2024-08-27 22:10:49,366.99,757.97
O02951,C195,P18,1,44.99,2024-08-27 22:10:49,44.99,757.97
O02952,C284,P47,1,41.99,2026-04-09 00:35:57,41.99,41.99
O02953,C107,P38,1,38.99,2024-10-20 03:18:25,38.99,230.98
O02953,C107,P50,1,191.99,2024-10-20 03:18:25,191.99,230.98
O02954,C204,P38,3,38.99,2024-11-20 20:17:53,116.97,116.97
O02955,C325,P14,1,70.99,2024-11-16 22:18:22,70.99,185.98
O02955,C325,P13,1,114.99,2024-11-16 22:18:22,114.99,185.98
O02956,C384,P14,1,70.99,2026-05-05 18:40:57,70.99,70.99
O02957,C294,P42,1,58.99,2024-12-19 21:05:42,58.99,58.99
O02959,C345,P22,1,194.99,2025-07-13 21:56:35,194.99,194.99
O02960,C057,P50,1,191.99,2024-08-03 12:06:10,191.99,191.99
O02961,C059,P47,1,41.99,2025-04-06 22:15:36,41.99,80.98
O02961,C059,P38,1,38.99,2025-04-06 22:15:36,38.99,80.98
O02962,C100,P43,1,138.99,2024-12-06 08:17:13,138.99,138.99
O02963,C247,P07,1,366.99,2025-11-10 06:43:17,366.99,480.98
O02963,C247,P19,1,113.99,2025-11-10 06:43:17,113.99,480.98
O02964,C409,P28,1,198.99,2025-12-29 02:46:03,198.99,388.93
O02964,C409,P32,3,24.99,2025-12-29 02:46:03,74.97,388.93
O02964,C409,P39,2,21.99,2025-12-29 02:46:03,43.98,388.93
O02964,C409,P14,1,70.99,2025-12-29 02:46:03,70.99,388.93
O02965,C206,P43,1,138.99,2024-07-14 09:37:41,138.99,541.98
O02965,C206,P06,1,402.99,2024-07-14 09:37:41,402.99,541.98
O02966,C160,P34,1,53.99,2025-11-10 05:57:58,53.99,53.99
O02967,C452,P35,3,57.99,2026-05-10 13:59:07,173.97,173.97
O02968,C383,P10,1,92.99,2026-06-19 19:38:02,92.99,92.99
O02969,C433,P22,1,194.99,2026-05-28 08:32:57,194.99,388.97
O02969,C433,P20,2,96.99,2026-05-28 08:32:57,193.98,388.97
O02970,C031,P31,1,16.99,2024-11-30 06:04:27,16.99,16.99
O02971,C344,P25,1,25.99,2024-11-26 18:06:13,25.99,1113.96
O02971,C344,P04,1,281.99,2024-11-26 18:06:13,281.99,1113.96
O02971,C344,P06,2,402.99,2024-11-26 18:06:13,805.98,1113.96
O02972,C453,P46,1,154.99,2025-07-24 15:07:13,154.99,927.96
O02972,C453,P07,2,366.99,2025-07-24 15:07:13,733.98,927.96
O02972,C453,P38,1,38.99,2025-07-24 15:07:13,38.99,927.96
O02973,C070,P34,1,53.99,2025-01-06 09:12:55,53.99,53.99
O02974,C336,P30,1,236.99,2024-12-08 02:07:08,236.99,830.95
O02974,C336,P41,2,199.99,2024-12-08 02:07:08,399.98,830.95
O02974,C336,P20,2,96.99,2024-12-08 02:07:08,193.98,830.95
O02975,C039,P33,1,74.99,2025-12-22 19:13:27,74.99,74.99
O02976,C195,P36,1,47.99,2024-12-30 13:12:38,47.99,47.99
O02977,C041,P08,3,100.99,2024-08-08 20:31:19,302.97,441.96
O02977,C041,P43,1,138.99,2024-08-08 20:31:19,138.99,441.96
O02978,C296,P23,1,205.99,2026-07-05 05:15:41,205.99,205.99
O02979,C025,P22,1,194.99,2024-09-12 07:05:58,194.99,194.99
O02980,C306,P36,1,47.99,2025-12-23 21:11:24,47.99,47.99
O02981,C177,P48,2,78.99,2025-02-06 10:11:48,157.98,254.97
O02981,C177,P20,1,96.99,2025-02-06 10:11:48,96.99,254.97
O02982,C325,P46,1,154.99,2025-03-08 15:46:51,154.99,154.99
O02983,C278,P23,1,205.99,2025-10-02 19:17:33,205.99,404.98
O02983,C278,P28,1,198.99,2025-10-02 19:17:33,198.99,404.98
O02984,C292,P07,1,366.99,2026-06-20 19:14:03,366.99,366.99
O02985,C322,P43,2,138.99,2026-05-17 10:27:28,277.98,277.98
O02986,C107,P12,1,100.99,2025-03-04 16:18:56,100.99,100.99
O02987,C371,P42,1,58.99,2025-04-11 04:24:25,58.99,58.99
O02988,C188,P43,1,138.99,2024-07-28 12:55:00,138.99,138.99
O02989,C151,P15,1,18.99,2026-02-27 20:58:17,18.99,18.99
O02990,C420,P03,1,205.99,2025-11-15 20:26:55,205.99,205.99
O02991,C263,P41,3,199.99,2025-05-16 03:56:00,599.97,599.97
O02992,C211,P49,1,77.99,2025-04-13 19:03:43,77.99,77.99
O02993,C070,P33,1,74.99,2025-08-08 00:30:26,74.99,74.99
O02994,C063,P36,1,47.99,2025-02-19 21:10:08,47.99,47.99
O02995,C090,P21,2,196.99,2025-08-25 09:00:34,393.98,393.98
O02996,C270,P01,1,345.99,2024-11-23 19:37:38,345.99,345.99
O02997,C020,P08,1,100.99,2025-12-06 17:17:28,100.99,119.98
O02997,C020,P15,1,18.99,2025-12-06 17:17:28,18.99,119.98
O02998,C361,P50,1,191.99,2024-12-04 07:22:42,191.99,191.99
O02999,C164,P42,1,58.99,2026-06-06 14:59:09,58.99,58.99
O03000,C068,P08,1,100.99,2026-04-26 00:50:59,100.99,100.99
O03001,C480,P30,1,236.99,2026-04-22 15:35:02,236.99,290.98
O03001,C480,P34,1,53.99,2026-04-22 15:35:02,53.99,290.98
O03002,C277,P40,1,10.99,2024-07-20 02:01:57,10.99,10.99
O03003,C444,P22,2,194.99,2026-03-21 10:15:19,389.98,389.98
O03004,C065,P42,1,58.99,2025-12-28 16:48:58,58.99,58.99
O03005,C241,P09,1,34.99,2025-08-25 14:18:46,34.99,288.97
O03005,C241,P36,1,47.99,2025-08-25 14:18:46,47.99,288.97
O03005,C241,P03,1,205.99,2025-08-25 14:18:46,205.99,288.97
O03007,C345,P43,1,138.99,2026-07-04 14:35:37,138.99,231.98
O03007,C345,P10,1,92.99,2026-07-04 14:35:37,92.99,231.98
O03008,C318,P16,1,30.99,2025-12-22 22:28:16,30.99,160.97
O03008,C318,P47,1,41.99,2025-12-22 22:28:16,41.99,160.97
O03008,C318,P26,1,87.99,2025-12-22 22:28:16,87.99,160.97
O03009,C283,P38,1,38.99,2025-01-25 11:58:31,38.99,81.98
O03009,C283,P37,1,42.99,2025-01-25 11:58:31,42.99,81.98
O03010,C279,P27,2,239.99,2025-12-18 05:36:57,479.98,501.97
O03010,C279,P39,1,21.99,2025-12-18 05:36:57,21.99,501.97
O03011,C026,P35,1,57.99,2025-11-22 11:57:09,57.99,256.98
O03011,C026,P28,1,198.99,2025-11-22 11:57:09,198.99,256.98
O03012,C025,P49,1,77.99,2025-03-25 13:29:15,77.99,77.99
O03013,C228,P27,1,239.99,2026-03-30 02:25:20,239.99,239.99
O03014,C115,P36,1,47.99,2025-04-21 17:04:19,47.99,329.98
O03014,C115,P04,1,281.99,2025-04-21 17:04:19,281.99,329.98
O03015,C011,P40,1,10.99,2025-07-16 06:30:46,10.99,10.99
O03016,C314,P32,2,24.99,2026-04-15 09:17:19,49.98,49.98
O03017,C093,P16,1,30.99,2025-01-25 00:34:18,30.99,109.98
O03017,C093,P48,1,78.99,2025-01-25 00:34:18,78.99,109.98
O03018,C109,P30,1,236.99,2025-01-04 00:49:02,236.99,236.99
O03019,C158,P26,1,87.99,2024-10-13 10:21:15,87.99,476.97
O03019,C158,P39,1,21.99,2024-10-13 10:21:15,21.99,476.97
O03019,C158,P07,1,366.99,2024-10-13 10:21:15,366.99,476.97
O03020,C434,P37,1,42.99,2026-05-27 00:24:11,42.99,414.97
O03020,C434,P25,1,25.99,2026-05-27 00:24:11,25.99,414.97
O03020,C434,P01,1,345.99,2026-05-27 00:24:11,345.99,414.97
O03021,C123,P22,1,194.99,2026-07-03 06:14:42,194.99,194.99
O03022,C150,P35,2,57.99,2025-02-26 07:54:05,115.98,115.98
O03023,C072,P09,1,34.99,2025-07-28 07:02:17,34.99,34.99
O03024,C201,P11,1,91.99,2024-11-20 22:39:38,91.99,91.99
O03025,C152,P20,1,96.99,2026-05-23 19:08:53,96.99,96.99
O03026,C238,P16,1,30.99,2025-08-12 05:57:07,30.99,30.99
O03027,C461,P01,3,345.99,2025-05-09 19:13:30,1037.97,1144.95
O03027,C461,P26,1,87.99,2025-05-09 19:13:30,87.99,1144.95
O03027,C461,P15,1,18.99,2025-05-09 19:13:30,18.99,1144.95
O03028,C498,P20,1,96.99,2025-11-21 07:37:10,96.99,154.98
O03028,C498,P35,1,57.99,2025-11-21 07:37:10,57.99,154.98
O03029,C004,P04,1,281.99,2024-11-20 01:26:06,281.99,648.98
O03029,C004,P07,1,366.99,2024-11-20 01:26:06,366.99,648.98
O03030,C109,P39,1,21.99,2025-03-11 07:31:38,21.99,21.99
O03031,C030,P28,1,198.99,2025-11-07 05:45:37,198.99,565.98
O03031,C030,P07,1,366.99,2025-11-07 05:45:37,366.99,565.98
O03032,C175,P05,1,429.99,2025-03-15 22:43:17,429.99,504.98
O03032,C175,P33,1,74.99,2025-03-15 22:43:17,74.99,504.98
O03033,C308,P10,1,92.99,2026-01-10 23:28:37,92.99,571.96
O03033,C308,P15,1,18.99,2026-01-10 23:28:37,18.99,571.96
O03033,C308,P01,1,345.99,2026-01-10 23:28:37,345.99,571.96
O03033,C308,P19,1,113.99,2026-01-10 23:28:37,113.99,571.96
O03034,C381,P35,1,57.99,2025-11-09 12:41:40,57.99,57.99
O03035,C146,P16,1,30.99,2025-02-01 09:28:46,30.99,30.99
O03036,C401,P44,1,143.99,2026-05-30 19:18:48,143.99,143.99
O03037,C468,P28,1,198.99,2026-02-28 02:42:28,198.99,743.96
O03037,C468,P46,1,154.99,2026-02-28 02:42:28,154.99,743.96
O03037,C468,P22,2,194.99,2026-02-28 02:42:28,389.98,743.96
O03038,C215,P06,1,402.99,2024-09-03 00:50:36,402.99,402.99
O03039,C332,P47,1,41.99,2026-04-05 17:03:26,41.99,52.98
O03039,C332,P40,1,10.99,2026-04-05 17:03:26,10.99,52.98
O03040,C036,P29,1,199.99,2025-11-17 12:30:40,199.99,426.98
O03040,C036,P02,1,226.99,2025-11-17 12:30:40,226.99,426.98
O03041,C324,P44,1,143.99,2026-04-06 10:15:08,143.99,143.99
O03042,C277,P41,1,199.99,2025-02-23 04:04:55,199.99,199.99
O03043,C146,P06,1,402.99,2025-11-07 11:26:14,402.99,609.97
O03043,C146,P19,1,113.99,2025-11-07 11:26:14,113.99,609.97
O03043,C146,P10,1,92.99,2025-11-07 11:26:14,92.99,609.97
O03044,C481,P16,1,30.99,2026-04-09 14:53:21,30.99,73.98
O03044,C481,P37,1,42.99,2026-04-09 14:53:21,42.99,73.98
O03045,C357,P10,1,92.99,2025-10-28 07:44:44,92.99,92.99
O03046,C177,P40,1,10.99,2025-10-04 20:32:54,10.99,10.99
O03047,C498,P43,1,138.99,2025-12-29 17:45:16,138.99,138.99
O03048,C411,P22,2,194.99,2026-07-03 13:21:36,389.98,389.98
O03049,C471,P43,1,138.99,2026-02-21 01:06:06,138.99,365.98
O03049,C471,P02,1,226.99,2026-02-21 01:06:06,226.99,365.98
O03050,C084,P15,2,18.99,2025-11-26 12:18:11,37.98,37.98
O03051,C189,P21,1,196.99,2024-08-31 04:31:11,196.99,452.96
O03051,C189,P23,1,205.99,2024-08-31 04:31:11,205.99,452.96
O03051,C189,P15,1,18.99,2024-08-31 04:31:11,18.99,452.96
O03051,C189,P16,1,30.99,2024-08-31 04:31:11,30.99,452.96
O03052,C385,P33,1,74.99,2025-06-03 15:26:16,74.99,188.98
O03052,C385,P19,1,113.99,2025-06-03 15:26:16,113.99,188.98
O03053,C143,P08,1,100.99,2026-01-17 18:18:45,100.99,100.99
O03055,C171,P27,1,239.99,2026-02-27 04:52:43,239.99,239.99
O03056,C385,P15,1,18.99,2025-07-22 13:45:31,18.99,18.99
O03057,C360,P44,2,143.99,2024-12-21 14:37:49,287.98,287.98
O03058,C444,P43,1,138.99,2025-11-08 04:36:07,138.99,138.99
O03059,C003,P36,3,47.99,2024-11-21 06:18:57,143.97,143.97
O03060,C354,P19,3,113.99,2026-05-09 22:42:46,341.97,547.96
O03060,C354,P23,1,205.99,2026-05-09 22:42:46,205.99,547.96
O03061,C238,P19,1,113.99,2026-02-26 04:23:07,113.99,283.97
O03061,C238,P45,1,110.99,2026-02-26 04:23:07,110.99,283.97
O03061,C238,P42,1,58.99,2026-02-26 04:23:07,58.99,283.97
O03062,C313,P10,1,92.99,2026-01-03 02:18:28,92.99,284.98
O03062,C313,P50,1,191.99,2026-01-03 02:18:28,191.99,284.98
O03063,C375,P46,1,154.99,2026-05-09 22:03:59,154.99,199.98
O03063,C375,P18,1,44.99,2026-05-09 22:03:59,44.99,199.98
O03064,C203,P27,1,239.99,2025-06-24 23:28:00,239.99,239.99
O03065,C344,P05,3,429.99,2024-12-10 16:27:12,1289.97,1289.97
O03066,C453,P04,1,281.99,2026-03-29 04:01:52,281.99,467.97
O03066,C453,P47,1,41.99,2026-03-29 04:01:52,41.99,467.97
O03066,C453,P44,1,143.99,2026-03-29 04:01:52,143.99,467.97
O03067,C199,P14,1,70.99,2026-01-19 17:13:13,70.99,613.96
O03067,C199,P28,1,198.99,2026-01-19 17:13:13,198.99,613.96
O03067,C199,P29,1,199.99,2026-01-19 17:13:13,199.99,613.96
O03067,C199,P44,1,143.99,2026-01-19 17:13:13,143.99,613.96
O03068,C354,P06,1,402.99,2025-08-23 12:31:46,402.99,513.98
O03068,C354,P45,1,110.99,2025-08-23 12:31:46,110.99,513.98
O03069,C172,P28,2,198.99,2025-11-04 08:38:58,397.98,397.98
O03070,C307,P37,1,42.99,2025-06-14 17:23:58,42.99,42.99
O03071,C027,P49,2,77.99,2024-10-16 06:09:16,155.98,961.96
O03071,C027,P06,2,402.99,2024-10-16 06:09:16,805.98,961.96
O03072,C192,P07,2,366.99,2024-08-18 15:26:55,733.98,733.98
O03073,C150,P46,1,154.99,2025-03-28 15:22:50,154.99,435.96
O03073,C150,P45,2,110.99,2025-03-28 15:22:50,221.98,435.96
O03073,C150,P42,1,58.99,2025-03-28 15:22:50,58.99,435.96
O03074,C269,P03,1,205.99,2025-12-08 18:40:48,205.99,319.98
O03074,C269,P19,1,113.99,2025-12-08 18:40:48,113.99,319.98
O03075,C145,P33,1,74.99,2024-08-30 07:04:22,74.99,74.99
O03076,C352,P07,1,366.99,2025-05-18 10:12:00,366.99,411.98
O03076,C352,P18,1,44.99,2025-05-18 10:12:33,44.99,411.98
O03077,C159,P40,1,10.99,2025-05-28 11:32:03,10.99,10.99
O03078,C053,P29,1,199.99,2026-04-26 16:59:20,199.99,199.99
O03079,C431,P39,1,21.99,2026-04-02 17:16:02,21.99,21.99
O03080,C455,P34,1,53.99,2025-11-10 21:06:25,53.99,212.97
O03080,C455,P45,1,110.99,2025-11-10 21:06:00,110.99,212.97
O03080,C455,P36,1,47.99,2025-11-10 21:06:25,47.99,212.97
O03081,C224,P34,3,53.99,2024-09-28 11:33:59,161.97,161.97
O03082,C058,P29,1,199.99,2024-09-21 18:30:52,199.99,444.97
O03082,C058,P23,1,205.99,2024-09-21 18:30:00,205.99,444.97
O03082,C058,P38,1,38.99,2024-09-21 18:30:52,38.99,444.97
O03083,C082,P02,2,226.99,2025-04-17 15:55:02,453.98,648.97
O03083,C082,P22,1,194.99,2025-04-17 15:55:02,194.99,648.97
O03084,C192,P23,1,205.99,2024-11-23 11:41:34,205.99,205.99
O03085,C226,P16,3,30.99,2025-11-29 17:23:15,92.97,92.97
O03087,C049,P05,1,429.99,2025-06-06 22:30:21,429.99,573.98
O03087,C049,P44,1,143.99,2025-06-06 22:30:21,143.99,573.98
O03088,C476,P01,1,345.99,2025-06-29 17:31:38,345.99,652.97
O03088,C476,P50,1,191.99,2025-06-29 17:31:38,191.99,652.97
O03088,C476,P13,1,114.99,2025-06-29 17:31:38,114.99,652.97
O03089,C081,P28,1,198.99,2026-04-06 14:11:30,198.99,237.98
O03089,C081,P38,1,38.99,2026-04-06 14:11:30,38.99,237.98
O03090,C131,P04,1,281.99,2025-01-18 20:23:51,281.99,465.97
O03090,C131,P11,2,91.99,2025-01-18 20:23:51,183.98,465.97
O03091,C190,P35,1,57.99,2026-05-16 13:06:15,57.99,57.99
O03092,C098,P31,2,16.99,2026-05-13 00:34:58,33.98,68.97
O03092,C098,P09,1,34.99,2026-05-13 00:34:58,34.99,68.97
O03093,C328,P11,1,91.99,2025-09-13 07:35:55,91.99,108.98
O03093,C328,P31,1,16.99,2025-09-13 07:35:55,16.99,108.98
O03094,C471,P19,1,113.99,2026-04-25 03:07:56,113.99,148.98
O03094,C471,P09,1,34.99,2026-04-25 03:07:56,34.99,148.98
O03095,C247,P04,1,281.99,2025-11-09 12:12:00,281.99,627.98
O03095,C247,P01,1,345.99,2025-11-09 12:12:00,345.99,627.98
O03096,C038,P13,1,114.99,2024-08-17 04:45:54,114.99,114.99
O03097,C149,P31,1,16.99,2025-06-25 21:03:22,16.99,349.96
O03097,C149,P45,3,110.99,2025-06-25 21:03:22,332.97,349.96
O03098,C049,P44,1,143.99,2025-12-17 22:57:27,143.99,382.97
O03098,C049,P38,1,38.99,2025-12-17 22:57:27,38.99,382.97
O03098,C049,P41,1,199.99,2025-12-17 22:57:27,199.99,382.97
O03099,C223,P19,1,113.99,2025-02-17 12:25:49,113.99,113.99
O03100,C313,P19,1,113.99,2026-03-20 12:33:54,113.99,113.99
O03101,C009,P19,2,113.99,2024-07-20 22:23:09,227.98,227.98
O03102,C346,P40,2,10.99,2026-03-29 22:23:12,21.98,136.97
O03102,C346,P13,1,114.99,2026-03-29 22:23:12,114.99,136.97
O03103,C429,P40,1,10.99,2026-04-04 02:48:16,10.99,10.99
O03104,C235,P27,1,239.99,2024-07-24 22:18:30,239.99,521.98
O03104,C235,P04,1,281.99,2024-07-24 22:18:30,281.99,521.98
O03105,C404,P03,1,205.99,2025-11-11 03:05:58,205.99,395.97
O03105,C404,P48,1,78.99,2025-11-11 03:05:58,78.99,395.97
O03105,C404,P45,1,110.99,2025-11-11 03:05:58,110.99,395.97
O03106,C466,P26,1,87.99,2025-11-15 00:01:32,87.99,87.99
O03107,C293,P22,1,194.99,2025-12-03 21:16:54,194.99,194.99
O03108,C443,P33,1,74.99,2026-01-23 06:14:20,74.99,74.99
O03109,C184,P37,1,42.99,2025-06-28 02:38:11,42.99,42.99
O03110,C292,P46,1,154.99,2024-09-26 08:24:15,154.99,669.96
O03110,C292,P33,1,74.99,2024-09-26 08:24:15,74.99,669.96
O03110,C292,P27,1,239.99,2024-09-26 08:24:15,239.99,669.96
O03110,C292,P41,1,199.99,2024-09-26 08:24:15,199.99,669.96
O03111,C012,P43,1,138.99,2026-03-15 02:31:44,138.99,138.99
O03112,C187,P22,1,194.99,2024-11-06 16:09:19,194.99,194.99
O03113,C456,P19,1,113.99,2025-12-23 05:46:31,113.99,459.98
O03113,C456,P01,1,345.99,2025-12-23 05:46:31,345.99,459.98
O03114,C451,P43,1,138.99,2026-05-05 21:09:01,138.99,420.98
O03114,C451,P04,1,281.99,2026-05-05 21:09:01,281.99,420.98
O03115,C194,P50,1,191.99,2025-12-29 10:05:37,191.99,191.99
O03116,C107,P42,1,58.99,2026-01-25 15:56:07,58.99,58.99
O03117,C030,P21,1,196.99,2026-03-17 22:46:12,196.99,326.97
O03117,C030,P42,1,58.99,2026-03-17 22:46:12,58.99,326.97
O03117,C030,P14,1,70.99,2026-03-17 22:46:12,70.99,326.97
O03118,C007,P04,1,281.99,2024-09-24 01:03:46,281.99,281.99
O03119,C305,P47,1,41.99,2025-12-28 02:35:00,41.99,387.98
O03119,C305,P01,1,345.99,2025-12-28 02:35:28,345.99,387.98
O03120,C422,P15,1,18.99,2025-12-08 01:11:33,18.99,213.98
O03120,C422,P22,1,194.99,2025-12-08 01:11:33,194.99,213.98
O03121,C172,P04,1,281.99,2025-08-14 19:48:11,281.99,292.98
O03121,C172,P40,1,10.99,2025-08-14 19:48:11,10.99,292.98
O03122,C135,P16,1,30.99,2025-11-29 20:28:26,30.99,30.99
O03123,C202,P06,3,402.99,2024-11-16 20:01:32,1208.97,1243.96
O03123,C202,P09,1,34.99,2024-11-16 20:01:32,34.99,1243.96
O03124,C220,P20,1,96.99,2025-07-23 11:54:55,96.99,288.98
O03124,C220,P50,1,191.99,2025-07-23 11:54:55,191.99,288.98
O03125,C132,P15,1,18.99,2025-12-21 00:55:22,18.99,851.97
O03125,C132,P05,1,429.99,2025-12-21 00:55:22,429.99,851.97
O03125,C132,P06,1,402.99,2025-12-21 00:55:22,402.99,851.97
O03126,C109,P28,1,198.99,2025-11-16 23:15:00,198.99,338.97
O03126,C109,P32,1,24.99,2025-11-16 23:15:00,24.99,338.97
O03126,C109,P13,1,114.99,2025-11-16 23:15:00,114.99,338.97
O03127,C072,P43,1,138.99,2024-09-29 18:07:47,138.99,138.99
O03128,C120,P02,1,226.99,2025-06-12 13:46:55,226.99,226.99
O03129,C054,P07,1,366.99,2025-04-10 15:27:30,366.99,441.98
O03129,C054,P33,1,74.99,2025-04-10 15:27:30,74.99,441.98
O03130,C460,P27,1,239.99,2024-11-08 16:34:51,239.99,527.96
O03130,C460,P16,1,30.99,2024-11-08 16:34:51,30.99,527.96
O03130,C460,P28,1,198.99,2024-11-08 16:34:51,198.99,527.96
O03130,C460,P35,1,57.99,2024-11-08 16:34:51,57.99,527.96
O03131,C336,P12,1,100.99,2025-06-29 20:10:29,100.99,231.97
O03131,C336,P38,1,38.99,2025-06-29 20:10:29,38.99,231.97
O03131,C336,P11,1,91.99,2025-06-29 20:10:29,91.99,231.97
O03132,C426,P29,1,199.99,2026-03-07 00:36:44,199.99,317.97
O03132,C426,P42,2,58.99,2026-03-07 00:36:44,117.98,317.97
O03133,C419,P44,1,143.99,2025-11-27 05:35:58,143.99,298.98
O03133,C419,P46,1,154.99,2025-11-27 05:35:58,154.99,298.98
O03134,C238,P35,1,57.99,2024-12-29 18:15:51,57.99,57.99
O03135,C166,P21,3,196.99,2025-02-09 15:30:29,590.97,590.97
O03136,C429,P36,1,47.99,2026-05-16 09:01:35,47.99,505.96
O03136,C429,P24,1,299.99,2026-05-16 09:01:35,299.99,505.96
O03136,C429,P48,2,78.99,2026-05-16 09:01:35,157.98,505.96
O03137,C471,P50,1,191.99,2026-04-15 09:07:49,191.99,191.99
O03138,C248,P09,1,34.99,2025-08-21 06:36:00,34.99,367.96
O03138,C248,P38,1,38.99,2025-08-21 06:36:04,38.99,367.96
O03138,C248,P23,1,205.99,2025-08-21 06:36:04,205.99,367.96
O03138,C248,P26,1,87.99,2025-08-21 06:36:04,87.99,367.96
O03139,C059,P42,1,58.99,2026-02-11 09:33:27,58.99,58.99
O03140,C023,P46,1,154.99,2024-07-08 19:11:16,154.99,154.99
O03141,C268,P41,1,199.99,2026-05-19 17:53:56,199.99,199.99
O03142,C026,P13,1,114.99,2025-10-29 20:01:49,114.99,114.99
O03143,C053,P42,1,58.99,2025-12-07 04:21:40,58.99,58.99
O03144,C428,P02,1,226.99,2025-12-09 15:17:10,226.99,314.98
O03144,C428,P26,1,87.99,2025-12-09 15:17:10,87.99,314.98
O03145,C077,P39,1,21.99,2026-07-02 05:14:54,21.99,21.99
O03146,C061,P01,1,345.99,2025-11-02 00:24:10,345.99,595.96
O03146,C061,P32,2,24.99,2025-11-02 00:24:10,49.98,595.96
O03146,C061,P41,1,199.99,2025-11-02 00:24:10,199.99,595.96
O03147,C403,P17,1,22.99,2025-06-27 12:41:45,22.99,22.99
O03148,C294,P19,1,113.99,2025-05-22 07:30:50,113.99,340.98
O03148,C294,P02,1,226.99,2025-05-22 07:30:50,226.99,340.98
O03149,C453,P20,2,96.99,2026-03-23 02:51:41,193.98,369.96
O03149,C453,P26,2,87.99,2026-03-23 02:51:41,175.98,369.96
O03150,C189,P04,1,281.99,2026-04-06 21:49:58,281.99,281.99
O03151,C278,P24,1,299.99,2026-04-08 06:23:41,299.99,299.99
O03152,C170,P36,3,47.99,2025-12-06 08:24:41,143.97,143.97
O03153,C340,P43,2,138.99,2026-02-01 11:59:55,277.98,356.97
O03153,C340,P48,1,78.99,2026-02-01 11:59:55,78.99,356.97
O03154,C403,P23,1,205.99,2025-09-05 23:54:14,205.99,264.98
O03154,C403,P42,1,58.99,2025-09-05 23:54:14,58.99,264.98
O03155,C082,P20,1,96.99,2026-02-22 15:13:27,96.99,432.95
O03155,C082,P34,2,53.99,2026-02-22 15:13:27,107.98,432.95
O03155,C082,P21,1,196.99,2026-02-22 15:13:27,196.99,432.95
O03155,C082,P16,1,30.99,2026-02-22 15:13:27,30.99,432.95
O03156,C269,P11,1,91.99,2025-06-08 16:57:38,91.99,91.99
O03157,C334,P42,1,58.99,2025-08-09 19:35:13,58.99,104.97
O03157,C334,P17,2,22.99,2025-08-09 19:35:13,45.98,104.97
O03158,C374,P03,1,205.99,2025-12-12 19:44:21,205.99,638.97
O03158,C374,P23,1,205.99,2025-12-12 19:44:21,205.99,638.97
O03158,C374,P02,1,226.99,2025-12-12 19:44:21,226.99,638.97
O03159,C031,P18,1,44.99,2025-02-28 23:02:38,44.99,44.99
O03160,C085,P12,2,100.99,2025-12-08 00:03:29,201.98,201.98
O03161,C389,P29,2,199.99,2025-12-19 06:36:02,399.98,418.97
O03161,C389,P15,1,18.99,2025-12-19 06:36:02,18.99,418.97
O03162,C073,P23,1,205.99,2026-02-14 18:20:17,205.99,344.98
O03162,C073,P43,1,138.99,2026-02-14 18:20:17,138.99,344.98
O03163,C124,P36,3,47.99,2025-08-31 00:04:26,143.97,143.97
O03164,C057,P01,3,345.99,2025-02-22 21:08:44,1037.97,1134.96
O03164,C057,P20,1,96.99,2025-02-22 21:08:44,96.99,1134.96
O03165,C095,P05,1,429.99,2026-05-30 03:19:13,429.99,429.99
O03166,C238,P15,1,18.99,2025-10-02 21:43:43,18.99,174.97
O03166,C238,P49,2,77.99,2025-10-02 21:43:43,155.98,174.97
O03167,C389,P07,1,366.99,2025-10-01 02:51:46,366.99,467.98
O03167,C389,P08,1,100.99,2025-10-01 02:51:46,100.99,467.98
O03168,C295,P30,1,236.99,2024-07-31 05:25:22,236.99,236.99
O03169,C077,P43,1,138.99,2025-08-21 21:24:57,138.99,138.99
O03170,C355,P36,1,47.99,2025-02-05 11:31:14,47.99,202.98
O03170,C355,P46,1,154.99,2025-02-05 11:31:14,154.99,202.98
O03171,C176,P03,1,205.99,2026-05-25 08:40:48,205.99,205.99
O03172,C422,P06,1,402.99,2026-05-19 02:37:14,402.99,402.99
O03173,C462,P44,1,143.99,2026-05-23 11:53:22,143.99,143.99
O03174,C233,P07,1,366.99,2025-11-25 13:08:30,366.99,366.99
O03175,C103,P09,1,34.99,2024-12-14 08:24:06,34.99,773.96
O03175,C103,P06,1,402.99,2024-12-14 08:24:06,402.99,773.96
O03175,C103,P43,1,138.99,2024-12-14 08:24:06,138.99,773.96
O03175,C103,P21,1,196.99,2024-12-14 08:24:06,196.99,773.96
O03176,C446,P49,1,77.99,2026-05-06 13:16:56,77.99,77.99
O03177,C264,P26,1,87.99,2024-12-17 03:32:50,87.99,179.98
O03177,C264,P11,1,91.99,2024-12-17 03:32:50,91.99,179.98
O03178,C031,P16,1,30.99,2025-04-26 07:05:38,30.99,495.96
O03178,C031,P02,2,226.99,2025-04-26 07:05:38,453.98,495.96
O03178,C031,P40,1,10.99,2025-04-26 07:05:38,10.99,495.96
O03179,C253,P47,1,41.99,2026-05-13 09:21:02,41.99,52.98
O03179,C253,P40,1,10.99,2026-05-13 09:21:02,10.99,52.98
O03180,C470,P15,1,18.99,2026-04-19 21:45:46,18.99,18.99
O03181,C052,P50,1,191.99,2026-05-19 06:17:50,191.99,191.99
O03183,C333,P26,1,87.99,2026-02-15 04:23:38,87.99,484.97
O03183,C333,P20,1,96.99,2026-02-15 04:23:38,96.99,484.97
O03183,C333,P24,1,299.99,2026-02-15 04:23:38,299.99,484.97
O03184,C403,P24,1,299.99,2026-01-31 03:15:16,299.99,299.99
O03185,C227,P46,1,154.99,2025-03-16 05:38:39,154.99,154.99
O03186,C303,P06,1,402.99,2026-03-19 09:40:16,402.99,402.99
O03187,C363,P24,2,299.99,2024-12-09 09:15:27,599.98,1424.95
O03187,C363,P15,1,18.99,2024-12-09 09:15:27,18.99,1424.95
O03187,C363,P06,2,402.99,2024-12-09 09:15:27,805.98,1424.95
O03188,C341,P07,1,366.99,2026-06-27 15:30:07,366.99,563.98
O03188,C341,P21,1,196.99,2026-06-27 15:30:07,196.99,563.98
O03189,C300,P25,1,25.99,2024-10-18 21:59:29,25.99,415.97
O03189,C300,P22,2,194.99,2024-10-18 21:59:29,389.98,415.97
O03190,C110,P44,1,143.99,2026-02-25 16:07:53,143.99,143.99
O03191,C381,P10,1,92.99,2025-09-09 16:31:14,92.99,551.97
O03191,C381,P11,1,91.99,2025-09-09 16:31:14,91.99,551.97
O03191,C381,P07,1,366.99,2025-09-09 16:31:14,366.99,551.97
O03193,C396,P32,1,24.99,2025-10-04 04:36:32,24.99,370.98
O03193,C396,P01,1,345.99,2025-10-04 04:36:32,345.99,370.98
O03194,C436,P13,1,114.99,2025-12-20 14:23:46,114.99,114.99
O03195,C141,P50,1,191.99,2025-01-19 00:51:11,191.99,191.99
O03196,C381,P03,1,205.99,2026-04-17 07:35:31,205.99,276.98
O03196,C381,P14,1,70.99,2026-04-17 07:35:31,70.99,276.98
O03197,C178,P29,1,199.99,2026-03-19 05:38:20,199.99,277.98
O03197,C178,P49,1,77.99,2026-03-19 05:38:20,77.99,277.98
O03198,C399,P14,1,70.99,2024-11-16 00:38:49,70.99,115.98
O03198,C399,P18,1,44.99,2024-11-16 00:38:49,44.99,115.98
O03199,C348,P10,1,92.99,2026-05-04 20:04:34,92.99,123.98
O03199,C348,P16,1,30.99,2026-05-04 20:04:34,30.99,123.98
O03200,C050,P29,1,199.99,2024-08-14 07:53:35,199.99,401.97
O03200,C050,P12,2,100.99,2024-08-14 07:53:35,201.98,401.97
O03201,C161,P35,1,57.99,2024-10-04 07:17:24,57.99,57.99
O03202,C077,P24,1,299.99,2024-07-07 07:34:42,299.99,330.98
O03202,C077,P16,1,30.99,2024-07-07 07:34:42,30.99,330.98
O03203,C379,P25,1,25.99,2025-09-28 23:04:56,25.99,79.98
O03203,C379,P34,1,53.99,2025-09-28 23:04:56,53.99,79.98
O03204,C211,P43,1,138.99,2024-12-04 00:15:34,138.99,426.97
O03204,C211,P44,2,143.99,2024-12-04 00:15:34,287.98,426.97
O03205,C246,P48,1,78.99,2026-06-27 23:24:38,78.99,78.99
O03206,C362,P03,1,205.99,2025-11-16 15:27:30,205.99,205.99
O03207,C067,P31,1,16.99,2024-09-16 22:45:06,16.99,362.98
O03207,C067,P01,1,345.99,2024-09-16 22:45:06,345.99,362.98
O03208,C138,P39,1,21.99,2025-08-30 00:50:41,21.99,218.98
O03208,C138,P21,1,196.99,2025-08-30 00:50:41,196.99,218.98
O03209,C004,P38,1,38.99,2025-08-01 02:48:07,38.99,519.97
O03209,C004,P49,1,77.99,2025-08-01 02:48:07,77.99,519.97
O03209,C004,P06,1,402.99,2025-08-01 02:48:07,402.99,519.97
O03210,C133,P26,1,87.99,2026-05-07 13:38:30,87.99,87.99
O03211,C200,P06,1,402.99,2026-01-25 19:11:29,402.99,402.99
O03212,C229,P33,1,74.99,2025-12-08 03:44:48,74.99,314.98
O03212,C229,P27,1,239.99,2025-12-08 03:44:48,239.99,314.98
O03213,C124,P49,2,77.99,2025-09-21 12:06:08,155.98,181.97
O03213,C124,P25,1,25.99,2025-09-21 12:06:08,25.99,181.97
O03214,C113,P07,1,366.99,2026-05-12 11:23:31,366.99,366.99
O03215,C434,P03,1,205.99,2026-02-21 15:47:18,205.99,381.96
O03215,C434,P11,1,91.99,2026-02-21 15:47:18,91.99,381.96
O03215,C434,P47,2,41.99,2026-02-21 15:47:18,83.98,381.96
O03216,C390,P26,2,87.99,2026-05-28 21:24:04,175.98,175.98
O03217,C091,P44,1,143.99,2025-06-29 06:46:13,143.99,143.99
O03218,C413,P43,1,138.99,2025-11-30 03:43:19,138.99,138.99
O03219,C096,P35,1,57.99,2024-12-31 07:07:38,57.99,57.99
O03220,C107,P17,1,22.99,2026-03-25 13:16:30,22.99,22.99
O03221,C194,P31,1,16.99,2025-08-09 18:24:37,16.99,243.98
O03221,C194,P02,1,226.99,2025-08-09 18:24:37,226.99,243.98
O03222,C400,P32,1,24.99,2026-06-20 00:01:17,24.99,168.98
O03222,C400,P44,1,143.99,2026-06-20 00:01:17,143.99,168.98
O03223,C206,P37,1,42.99,2025-12-07 22:53:05,42.99,143.98
O03223,C206,P12,1,100.99,2025-12-07 22:53:05,100.99,143.98
O03224,C489,P31,1,16.99,2026-05-11 19:07:42,16.99,298.98
O03224,C489,P04,1,281.99,2026-05-11 19:07:42,281.99,298.98
O03225,C144,P44,1,143.99,2024-09-01 08:03:24,143.99,236.98
O03225,C144,P10,1,92.99,2024-09-01 08:03:00,92.99,236.98
O03226,C232,P34,1,53.99,2024-11-15 16:10:17,53.99,53.99
O03227,C045,P26,1,87.99,2025-08-08 14:44:37,87.99,146.98
O03227,C045,P42,1,58.99,2025-08-08 14:44:37,58.99,146.98
O03228,C172,P47,1,41.99,2025-11-17 16:39:46,41.99,95.98
O03228,C172,P34,1,53.99,2025-11-17 16:39:46,53.99,95.98
O03229,C245,P04,1,281.99,2026-03-31 18:39:28,281.99,675.97
O03229,C245,P21,2,196.99,2026-03-31 18:39:28,393.98,675.97
O03230,C055,P22,1,194.99,2025-06-27 03:17:34,194.99,640.97
O03230,C055,P27,1,239.99,2025-06-27 03:17:34,239.99,640.97
O03230,C055,P23,1,205.99,2025-06-27 03:17:34,205.99,640.97
O03231,C340,P41,1,199.99,2024-11-04 00:27:04,199.99,199.99
O03232,C438,P07,1,366.99,2026-06-20 22:20:26,366.99,721.97
O03232,C438,P27,1,239.99,2026-06-20 22:20:26,239.99,721.97
O03232,C438,P13,1,114.99,2026-06-20 22:20:26,114.99,721.97
O03233,C490,P49,1,77.99,2026-03-27 11:28:52,77.99,77.99
O03234,C215,P36,1,47.99,2025-10-02 19:26:13,47.99,47.99
O03235,C046,P38,1,38.99,2025-09-11 06:33:54,38.99,97.98
O03235,C046,P42,1,58.99,2025-09-11 06:33:54,58.99,97.98
O03236,C201,P14,1,70.99,2025-08-02 05:44:03,70.99,70.99
O03237,C007,P44,1,143.99,2025-07-05 13:31:22,143.99,143.99
O03238,C059,P16,1,30.99,2025-03-25 22:12:26,30.99,477.97
O03238,C059,P05,1,429.99,2025-03-25 22:12:26,429.99,477.97
O03238,C059,P31,1,16.99,2025-03-25 22:12:26,16.99,477.97
O03239,C019,P04,1,281.99,2025-12-16 01:19:44,281.99,312.98
O03239,C019,P16,1,30.99,2025-12-16 01:19:44,30.99,312.98
O03240,C183,P15,1,18.99,2025-12-14 11:33:49,18.99,18.99
O03241,C216,P36,1,47.99,2026-04-09 07:43:38,47.99,506.94
O03241,C216,P49,2,77.99,2026-04-09 07:43:38,155.98,506.94
O03241,C216,P08,3,100.99,2026-04-09 07:43:38,302.97,506.94
O03242,C112,P22,1,194.99,2025-10-08 04:09:58,194.99,194.99
O03243,C415,P36,2,47.99,2025-03-19 19:44:47,95.98,95.98
O03244,C035,P12,3,100.99,2025-11-01 08:53:31,302.97,824.95
O03244,C035,P07,1,366.99,2025-11-01 08:53:31,366.99,824.95
O03244,C035,P46,1,154.99,2025-11-01 08:53:31,154.99,824.95
O03245,C020,P17,1,22.99,2024-10-24 17:25:14,22.99,228.98
O03245,C020,P23,1,205.99,2024-10-24 17:25:14,205.99,228.98
O03246,C371,P25,1,25.99,2026-02-21 08:20:14,25.99,25.99
O03247,C027,P39,1,21.99,2025-10-07 00:57:49,21.99,217.96
O03247,C027,P26,1,87.99,2025-10-07 00:57:00,87.99,217.96
O03247,C027,P34,2,53.99,2025-10-07 00:57:49,107.98,217.96
O03248,C024,P38,1,38.99,2025-11-08 13:44:42,38.99,38.99
O03249,C070,P40,1,10.99,2025-01-11 23:02:35,10.99,244.96
O03249,C070,P39,1,21.99,2025-11-01 23:02:35,21.99,244.96
O03249,C070,P12,1,100.99,2025-11-01 23:02:35,100.99,244.96
O03249,C070,P45,1,110.99,2025-11-01 23:02:35,110.99,244.96
O03250,C334,P05,1,429.99,2026-05-28 02:26:25,429.99,500.98
O03250,C334,P14,1,70.99,2026-05-28 02:26:25,70.99,500.98
O03251,C099,P08,1,100.99,2026-05-07 14:01:30,100.99,117.98
O03251,C099,P31,1,16.99,2026-05-07 14:01:30,16.99,117.98
O03252,C500,P42,1,58.99,2025-11-04 05:19:08,58.99,242.97
O03252,C500,P11,2,91.99,2025-11-04 05:19:08,183.98,242.97
O03253,C049,P15,1,18.99,2025-11-22 16:56:50,18.99,540.97
O03253,C049,P04,1,281.99,2025-11-22 16:56:50,281.99,540.97
O03253,C049,P27,1,239.99,2025-11-22 16:56:50,239.99,540.97
O03254,C223,P42,1,58.99,2025-01-14 00:06:57,58.99,155.98
O03254,C223,P20,1,96.99,2025-01-14 00:06:57,96.99,155.98
O03255,C390,P02,1,226.99,2026-06-12 02:39:42,226.99,474.96
O03255,C390,P11,1,91.99,2026-06-12 08:09:42,91.99,474.96
O03255,C390,P45,1,110.99,2026-06-12 08:09:42,110.99,474.96
O03255,C390,P18,1,44.99,2026-06-12 08:09:42,44.99,474.96
O03256,C158,P08,1,100.99,2025-05-10 11:44:57,100.99,476.95
O03256,C158,P43,1,138.99,2025-05-10 11:44:57,138.99,476.95
O03256,C158,P48,3,78.99,2025-05-10 11:44:57,236.97,476.95
O03257,C214,P07,1,366.99,2026-06-27 00:39:51,366.99,463.98
O03257,C214,P20,1,96.99,2026-06-27 00:39:51,96.99,463.98
O03258,C277,P21,1,196.99,2025-10-23 02:57:12,196.99,196.99
O03259,C326,P04,2,281.99,2024-12-11 10:05:43,563.98,638.97
O03259,C326,P33,1,74.99,2024-12-11 10:05:00,74.99,638.97
O03260,C441,P25,1,25.99,2025-07-06 02:01:41,25.99,25.99
O03261,C137,P12,1,100.99,2024-11-19 18:37:11,100.99,100.99
O03262,C196,P28,1,198.99,2025-11-30 13:37:42,198.99,321.97
O03262,C196,P39,1,21.99,2025-11-30 13:37:42,21.99,321.97
O03262,C196,P12,1,100.99,2025-11-30 13:37:42,100.99,321.97
O03263,C276,P41,1,199.99,2025-03-21 18:16:05,199.99,335.97
O03263,C276,P35,1,57.99,2025-03-21 18:16:00,57.99,335.97
O03263,C276,P49,1,77.99,2025-03-21 18:16:05,77.99,335.97
O03264,C407,P10,1,92.99,2026-01-18 09:08:17,92.99,206.98
O03264,C407,P19,1,113.99,2026-01-18 09:08:17,113.99,206.98
O03265,C091,P20,1,96.99,2025-07-17 06:17:26,96.99,96.99
O03266,C276,P07,2,366.99,2025-10-09 07:16:13,733.98,733.98
O03267,C378,P03,1,205.99,2025-12-04 13:57:39,205.99,205.99
O03268,C398,P36,1,47.99,2026-05-21 09:11:18,47.99,47.99
O03269,C484,P29,1,199.99,2025-12-20 04:35:21,199.99,199.99
O03270,C175,P49,2,77.99,2026-01-24 00:36:55,155.98,155.98
O03271,C325,P39,2,21.99,2026-04-10 16:51:39,43.98,505.94
O03271,C325,P18,1,44.99,2026-04-10 16:51:39,44.99,505.94
O03271,C325,P31,1,16.99,2026-04-10 16:51:39,16.99,505.94
O03271,C325,P41,2,199.99,2026-04-10 16:51:39,399.98,505.94
O03272,C448,P07,1,366.99,2026-10-06 09:20:13,366.99,366.99
O03273,C241,P36,1,47.99,2025-04-09 01:16:29,47.99,47.99
O03274,C003,P09,1,34.99,2024-08-08 18:51:37,34.99,34.99
O03275,C487,P42,1,58.99,2025-08-23 08:18:47,58.99,146.98
O03275,C487,P26,1,87.99,2025-08-23 08:18:47,87.99,146.98
O03276,C223,P30,1,236.99,2025-05-02 18:34:39,236.99,463.98
O03276,C223,P02,1,226.99,2025-05-02 18:34:39,226.99,463.98
O03277,C359,P28,1,198.99,2026-04-16 20:01:55,198.99,519.97
O03277,C359,P38,1,38.99,2026-04-16 20:01:55,38.99,519.97
O03277,C359,P04,1,281.99,2026-04-16 20:01:55,281.99,519.97
O03278,C043,P46,2,154.99,2024-09-16 06:51:33,309.98,309.98
O03279,C230,P28,1,198.99,2024-10-06 12:30:53,198.99,198.99
O03280,C001,P02,1,226.99,2025-11-09 02:34:46,226.99,370.98
O03280,C001,P44,1,143.99,2025-11-09 02:34:46,143.99,370.98
O03281,C150,P45,1,110.99,2024-12-18 23:43:11,110.99,110.99
O03282,C495,P02,1,226.99,2026-01-24 20:27:36,226.99,316.97
O03282,C495,P18,2,44.99,2026-01-24 20:27:36,89.98,316.97
O03284,C423,P28,1,198.99,2026-05-19 08:57:11,198.99,628.98
O03284,C423,P05,1,429.99,2026-05-19 08:57:11,429.99,628.98
O03285,C301,P03,1,205.99,2025-07-09 10:51:28,205.99,205.99
O03286,C170,P46,1,154.99,2024-08-24 21:54:15,154.99,179.98
O03286,C170,P32,1,24.99,2024-08-24 21:54:15,24.99,179.98
O03287,C193,P27,1,239.99,2026-03-14 09:32:50,239.99,239.99
O03288,C128,P27,2,239.99,2025-07-20 09:36:15,479.98,527.97
O03288,C128,P36,1,47.99,2025-07-20 09:36:15,47.99,527.97
O03289,C101,P06,1,402.99,2025-01-25 11:14:00,402.99,856.97
O03289,C101,P02,2,226.99,2025-01-25 11:14:01,453.98,856.97
O03290,C073,P40,1,10.99,2025-05-10 18:24:38,10.99,10.99
O03291,C001,P10,1,92.99,2025-12-18 20:58:32,92.99,272.97
O03291,C001,P46,1,154.99,2025-12-18 20:58:32,154.99,272.97
O03291,C001,P32,1,24.99,2025-12-18 20:58:32,24.99,272.97
O03292,C025,P13,1,114.99,2026-03-29 12:20:26,114.99,114.99
O03293,C111,P17,1,22.99,2024-12-15 21:18:13,22.99,110.98
O03293,C111,P26,1,87.99,2024-12-15 21:18:13,87.99,110.98
O03294,C383,P44,1,143.99,2026-03-01 07:14:06,143.99,236.98
O03294,C383,P10,1,92.99,2026-03-01 07:14:06,92.99,236.98
O03295,C348,P04,2,281.99,2026-05-11 15:45:53,563.98,763.97
O03295,C348,P29,1,199.99,2026-05-11 15:45:53,199.99,763.97
O03296,C454,P28,1,198.99,2025-07-09 08:55:22,198.99,198.99
O03297,C212,P21,1,196.99,2026-03-28 12:15:25,196.99,196.99
O03298,C261,P32,1,24.99,2025-10-18 17:58:56,24.99,70.97
O03298,C261,P17,2,22.99,2025-10-18 17:58:56,45.98,70.97
O03299,C440,P19,1,113.99,2026-04-28 08:43:18,113.99,188.98
O03299,C440,P33,1,74.99,2026-04-28 08:43:18,74.99,188.98
O03300,C182,P02,1,226.99,2026-02-17 14:47:29,226.99,304.98
O03300,C182,P49,1,77.99,2026-02-17 14:47:29,77.99,304.98
O03301,C239,P10,1,92.99,2025-04-23 15:18:01,92.99,92.99
O03302,C444,P29,1,199.99,2025-12-28 14:22:05,199.99,199.99
O03303,C153,P42,1,58.99,2024-09-23 10:48:30,58.99,250.98
O03303,C153,P50,1,191.99,2024-09-23 10:48:30,191.99,250.98
O03304,C030,P18,1,44.99,2025-12-28 20:45:02,44.99,123.98
O03304,C030,P48,1,78.99,2025-12-28 20:45:02,78.99,123.98
O03305,C204,P47,1,41.99,2025-02-24 16:09:15,41.99,64.98
O03305,C204,P17,1,22.99,2025-02-24 16:09:15,22.99,64.98
O03306,C491,P22,2,194.99,2026-06-12 20:42:27,389.98,389.98
O03307,C468,P03,1,205.99,2026-03-14 21:08:26,205.99,205.99
O03308,C469,P02,2,226.99,2026-05-14 00:55:02,453.98,453.98
O03309,C293,P20,1,96.99,2025-12-10 02:03:47,96.99,96.99
O03310,C386,P49,1,77.99,2026-01-01 13:04:05,77.99,99.98
O03310,C386,P39,1,21.99,2026-01-01 13:04:05,21.99,99.98
O03311,C205,P21,1,196.99,2026-03-02 02:05:35,196.99,196.99
O03312,C384,P47,1,41.99,2026-06-02 08:25:27,41.99,41.99
O03313,C230,P27,1,239.99,2025-04-27 02:32:41,239.99,314.98
O03313,C230,P33,1,74.99,2025-04-27 02:32:41,74.99,314.98
O03314,C369,P25,2,25.99,2025-11-26 18:26:25,51.98,99.97
O03314,C369,P36,1,47.99,2025-11-26 18:26:25,47.99,99.97
O03315,C009,P39,1,21.99,2025-12-11 22:08:23,21.99,21.99
O03316,C009,P45,1,110.99,2025-07-30 19:04:17,110.99,129.98
O03316,C009,P15,1,18.99,2025-07-30 19:04:17,18.99,129.98
O03317,C093,P02,1,226.99,2025-09-11 05:31:27,226.99,468.97
O03317,C093,P21,1,196.99,2025-09-11 05:31:27,196.99,468.97
O03317,C093,P18,1,44.99,2025-09-11 05:31:27,44.99,468.97
O03318,C217,P05,1,429.99,2024-11-17 04:04:16,429.99,429.99
O03319,C046,P29,2,199.99,2025-08-03 12:02:19,399.98,399.98
O03320,C110,P33,1,74.99,2025-08-22 02:16:29,74.99,269.98
O03320,C110,P22,1,194.99,2025-08-22 02:16:29,194.99,269.98
O03321,C443,P17,1,22.99,2025-12-02 04:00:12,22.99,22.99
O03322,C009,P47,1,41.99,2026-05-03 23:55:43,41.99,41.99
O03323,C259,P35,1,57.99,2025-06-17 07:53:22,57.99,502.95
O03323,C259,P48,1,78.99,2025-06-17 07:53:22,78.99,502.95
O03323,C259,P44,1,143.99,2025-06-17 07:53:22,143.99,502.95
O03323,C259,P45,2,110.99,2025-06-17 07:53:22,221.98,502.95
O03324,C255,P24,1,299.99,2025-06-15 03:13:05,299.99,948.96
O03324,C255,P05,1,429.99,2025-06-15 03:13:05,429.99,948.96
O03324,C255,P33,1,74.99,2025-06-15 03:13:05,74.99,948.96
O03324,C255,P44,1,143.99,2025-06-15 03:13:05,143.99,948.96
O03325,C462,P06,1,402.99,2026-06-05 13:49:20,402.99,608.98
O03325,C462,P23,1,205.99,2026-06-05 13:49:20,205.99,608.98
O03326,C270,P32,1,24.99,2025-12-24 11:40:10,24.99,72.98
O03326,C270,P36,1,47.99,2025-12-24 11:40:10,47.99,72.98
O03327,C319,P46,1,154.99,2026-03-21 01:51:36,154.99,298.98
O03327,C319,P44,1,143.99,2026-03-21 01:51:36,143.99,298.98
O03328,C088,P34,1,53.99,2026-06-09 17:24:21,53.99,53.99
O03329,C499,P12,1,100.99,2026-04-04 12:29:22,100.99,242.97
O03329,C499,P14,2,70.99,2026-04-04 12:29:22,141.98,242.97
O03330,C050,P06,1,402.99,2025-09-23 09:34:48,402.99,683.96
O03330,C050,P36,1,47.99,2025-09-23 09:34:48,47.99,683.96
O03330,C050,P46,1,154.99,2025-09-23 09:34:48,154.99,683.96
O03330,C050,P49,1,77.99,2025-09-23 09:34:48,77.99,683.96
O03331,C420,P39,3,21.99,2025-08-10 12:12:16,65.97,65.97
O03332,C089,P24,1,299.99,2025-01-13 05:06:44,299.99,342.98
O03332,C089,P37,1,42.99,2025-01-13 05:06:44,42.99,342.98
O03333,C391,P05,1,429.99,2026-03-05 18:47:59,429.99,429.99
O03334,C080,P19,1,113.99,2025-06-09 06:18:05,113.99,734.95
O03334,C080,P47,1,41.99,2025-06-09 06:18:05,41.99,734.95
O03334,C080,P26,2,87.99,2025-06-09 06:18:05,175.98,734.95
O03334,C080,P06,1,402.99,2025-06-09 06:18:05,402.99,734.95
O03335,C101,P04,1,281.99,2026-02-18 02:20:14,281.99,281.99
O03336,C152,P07,1,366.99,2024-07-14 14:34:05,366.99,930.97
O03336,C152,P04,2,281.99,2024-07-14 14:34:05,563.98,930.97
O03338,C222,P36,1,47.99,2024-12-09 09:20:56,47.99,47.99
O03339,C095,P39,1,21.99,2025-10-03 03:09:26,21.99,261.97
O03339,C095,P18,1,44.99,2025-10-03 03:09:26,44.99,261.97
O03339,C095,P22,1,194.99,2025-10-03 03:09:26,194.99,261.97
O03340,C479,P07,2,366.99,2025-12-07 23:51:06,733.98,733.98
O03341,C384,P02,2,226.99,2025-04-06 20:24:44,453.98,1017.96
O03341,C384,P04,2,281.99,2025-04-06 20:24:44,563.98,1017.96
O03342,C436,P17,1,22.99,2026-01-29 16:40:08,22.99,22.99
O03343,C379,P09,1,34.99,2025-08-24 17:09:26,34.99,271.97
O03343,C379,P10,1,92.99,2025-08-24 17:09:26,92.99,271.97
O03343,C379,P44,1,143.99,2025-08-24 17:09:26,143.99,271.97
O03344,C327,P37,2,42.99,2025-05-23 20:50:24,85.98,303.96
O03344,C327,P50,1,191.99,2025-05-23 20:50:24,191.99,303.96
O03344,C327,P25,1,25.99,2025-05-23 20:50:24,25.99,303.96
O03345,C139,P23,1,205.99,2025-07-02 22:05:47,205.99,205.99
O03346,C072,P41,1,199.99,2025-11-12 20:40:59,199.99,430.97
O03346,C072,P23,1,205.99,2025-11-12 20:40:59,205.99,430.97
O03346,C072,P32,1,24.99,2025-11-12 20:40:59,24.99,430.97
O03347,C026,P42,1,58.99,2025-11-28 05:09:01,58.99,58.99
O03348,C468,P09,1,34.99,2026-06-14 17:21:39,34.99,34.99
O03349,C098,P19,1,113.99,2025-08-26 03:09:39,113.99,113.99
O03350,C462,P42,2,58.99,2026-01-25 01:21:43,117.98,819.94
O03350,C462,P02,2,226.99,2026-01-25 01:21:43,453.98,819.94
O03350,C462,P46,1,154.99,2026-01-25 01:21:43,154.99,819.94
O03350,C462,P10,1,92.99,2026-01-25 01:21:43,92.99,819.94
O03351,C023,P12,1,100.99,2024-12-28 00:11:50,100.99,469.97
O03351,C023,P17,1,22.99,2024-12-28 00:11:50,22.99,469.97
O03351,C023,P01,1,345.99,2024-12-28 00:11:50,345.99,469.97
O03352,C245,P03,1,205.99,2024-12-19 12:44:38,205.99,626.96
O03352,C245,P46,1,154.99,2024-12-19 12:44:38,154.99,626.96
O03352,C245,P38,1,38.99,2024-12-19 12:44:38,38.99,626.96
O03352,C245,P02,1,226.99,2024-12-19 12:44:38,226.99,626.96
O03353,C259,P07,2,366.99,2025-01-31 12:44:16,733.98,733.98
O03354,C169,P33,1,74.99,2025-10-30 11:27:51,74.99,74.99
O03355,C272,P23,3,205.99,2025-07-13 16:28:46,617.97,1325.93
O03355,C272,P28,3,198.99,2025-07-13 16:28:46,596.97,1325.93
O03355,C272,P45,1,110.99,2025-07-13 16:28:46,110.99,1325.93
O03356,C122,P09,2,34.99,2024-09-10 12:42:03,69.98,69.98
O03357,C071,P47,1,41.99,2026-02-13 00:56:05,41.99,230.96
O03357,C071,P13,1,114.99,2026-02-13 00:56:05,114.99,230.96
O03357,C071,P36,1,47.99,2026-02-13 00:56:05,47.99,230.96
O03357,C071,P25,1,25.99,2026-02-13 00:56:05,25.99,230.96
O03358,C386,P14,1,70.99,2025-11-13 02:48:36,70.99,145.98
O03358,C386,P33,1,74.99,2025-11-13 02:48:36,74.99,145.98
O03359,C390,P49,1,77.99,2025-12-08 08:54:33,77.99,274.98
O03359,C390,P21,1,196.99,2025-12-08 08:54:33,196.99,274.98
O03360,C487,P49,1,77.99,2025-12-21 09:19:04,77.99,178.98
O03360,C487,P08,1,100.99,2025-12-21 09:19:04,100.99,178.98
O03361,C375,P36,1,47.99,2025-06-29 11:14:19,47.99,47.99
O03362,C184,P04,1,281.99,2026-03-21 23:26:30,281.99,281.99
O03363,C170,P01,1,345.99,2025-12-07 04:42:46,345.99,345.99
O03364,C131,P48,1,78.99,2026-03-04 16:25:52,78.99,270.98
O03364,C131,P50,1,191.99,2026-03-04 16:25:52,191.99,270.98
O03365,C195,P50,1,191.99,2025-11-22 04:37:00,191.99,191.99
O03366,C340,P11,1,91.99,2025-08-24 05:55:56,91.99,91.99
O03367,C462,P24,1,299.99,2025-03-13 03:33:13,299.99,299.99
O03368,C224,P20,2,96.99,2026-04-04 16:21:27,193.98,337.97
O03368,C224,P44,1,143.99,2026-04-04 16:21:27,143.99,337.97
O03369,C465,P26,1,87.99,2025-05-27 15:32:01,87.99,132.98
O03369,C465,P18,1,44.99,2025-05-27 15:32:01,44.99,132.98
O03370,C246,P37,1,42.99,2026-06-12 23:17:36,42.99,42.99
O03371,C076,P31,1,16.99,2024-09-15 11:40:12,16.99,16.99
O03372,C177,P33,1,74.99,2025-11-20 22:21:38,74.99,185.98
O03372,C177,P45,1,110.99,2025-11-20 22:21:38,110.99,185.98
O03373,C363,P41,1,199.99,2025-06-17 08:05:43,199.99,199.99
O03374,C270,P08,1,100.99,2025-03-22 05:27:28,100.99,100.99
O03375,C334,P22,1,194.99,2025-01-12 19:39:31,194.99,194.99
O03376,C314,P42,1,58.99,2025-11-08 10:04:49,58.99,58.99
O03377,C455,P16,1,30.99,2025-05-05 12:28:33,30.99,72.98
O03377,C455,P47,1,41.99,2025-05-05 12:28:33,41.99,72.98
O03378,C290,P04,1,281.99,2026-05-26 11:47:32,281.99,470.97
O03378,C290,P08,1,100.99,2026-05-26 11:47:32,100.99,470.97
O03378,C290,P26,1,87.99,2026-05-26 11:47:32,87.99,470.97
O03379,C378,P18,1,44.99,2025-10-09 15:41:40,44.99,44.99
O03380,C269,P50,1,191.99,2024-12-26 17:50:47,191.99,191.99
O03381,C086,P34,1,53.99,2025-06-16 13:35:03,53.99,245.98
O03381,C086,P50,1,191.99,2025-06-16 13:35:03,191.99,245.98
O03382,C026,P18,2,44.99,2026-05-25 20:55:32,89.98,736.94
O03382,C026,P01,1,345.99,2026-05-25 20:55:32,345.99,736.94
O03382,C026,P14,1,70.99,2026-05-25 20:55:32,70.99,736.94
O03382,C026,P13,2,114.99,2026-05-25 20:55:32,229.98,736.94
O03383,C446,P34,1,53.99,2025-12-31 23:15:23,53.99,141.98
O03383,C446,P26,1,87.99,2025-12-31 23:15:23,87.99,141.98
O03384,C054,P02,1,226.99,2026-05-02 10:16:17,226.99,226.99
O03385,C300,P32,1,24.99,2024-11-09 12:02:39,24.99,148.97
O03385,C300,P18,1,44.99,2024-11-09 12:02:39,44.99,148.97
O03385,C300,P48,1,78.99,2024-11-09 12:02:39,78.99,148.97
O03386,C254,P45,2,110.99,2024-11-02 20:21:47,221.98,221.98
O03387,C154,P46,1,154.99,2025-10-26 02:06:38,154.99,208.98
O03387,C154,P34,1,53.99,2025-10-26 02:06:38,53.99,208.98
O03388,C228,P48,1,78.99,2025-12-10 21:09:51,78.99,284.98
O03388,C228,P03,1,205.99,2025-12-10 21:09:51,205.99,284.98
O03389,C452,P42,1,58.99,2026-07-01 10:46:56,58.99,407.96
O03389,C452,P43,2,138.99,2026-07-01 10:46:56,277.98,407.96
O03389,C452,P14,1,70.99,2026-07-01 10:46:56,70.99,407.96
O03390,C233,P11,1,91.99,2025-02-09 10:35:08,91.99,91.99
O03391,C214,P33,1,74.99,2024-12-18 19:23:25,74.99,74.99
O03392,C384,P02,1,226.99,2025-04-18 14:35:39,226.99,243.98
O03392,C384,P31,1,16.99,2025-04-18 14:35:39,16.99,243.98
O03393,C401,P05,1,429.99,2026-06-21 22:36:06,429.99,666.98
O03393,C401,P30,1,236.99,2026-06-21 22:36:06,236.99,666.98
O03394,C079,P20,1,96.99,2025-09-09 22:17:19,96.99,96.99
O03395,C085,P40,1,10.99,2025-02-08 21:06:27,10.99,169.97
O03395,C085,P35,1,57.99,2025-02-08 21:06:27,57.99,169.97
O03395,C085,P12,1,100.99,2025-02-08 21:06:27,100.99,169.97
O03396,C400,P29,1,199.99,2026-02-03 21:36:30,199.99,199.99
O03397,C195,P24,1,299.99,2025-12-26 18:57:02,299.99,299.99
O03398,C372,P20,1,96.99,2025-10-26 20:50:45,96.99,96.99
O03399,C393,P27,1,239.99,2025-12-20 15:42:31,239.99,239.99
O03400,C090,P50,2,191.99,2026-05-22 23:00:53,383.98,394.97
O03400,C090,P40,1,10.99,2026-05-22 23:00:53,10.99,394.97
O03401,C208,P23,1,205.99,2026-05-18 22:15:19,205.99,1176.95
O03401,C208,P14,1,70.99,2026-05-18 22:15:19,70.99,1176.95
O03401,C208,P24,3,299.99,2026-05-18 22:15:19,899.97,1176.95
O03402,C340,P30,2,236.99,2024-09-24 03:21:41,473.98,473.98
O03403,C393,P43,1,138.99,2025-11-28 08:15:42,138.99,138.99
O03404,C275,P33,1,74.99,2025-06-21 05:22:23,74.99,74.99
O03405,C131,P41,1,199.99,2024-10-07 10:17:41,199.99,688.96
O03405,C131,P32,1,24.99,2024-10-07 10:17:41,24.99,688.96
O03405,C131,P20,1,96.99,2024-07-10 10:17:41,96.99,688.96
O03405,C131,P07,1,366.99,2024-10-07 10:17:41,366.99,688.96
O03406,C318,P24,2,299.99,2025-12-04 04:15:55,599.98,599.98
O03407,C179,P23,1,205.99,2025-08-23 21:47:37,205.99,230.98
O03407,C179,P32,1,24.99,2025-08-23 21:47:37,24.99,230.98
O03408,C250,P03,1,205.99,2025-03-01 16:06:41,205.99,205.99
O03409,C460,P13,1,114.99,2026-04-17 08:40:40,114.99,114.99
O03410,C123,P20,1,96.99,2024-12-01 23:41:50,96.99,1323.94
O03410,C123,P29,1,199.99,2024-12-01 23:41:50,199.99,1323.94
O03410,C123,P01,1,345.99,2024-12-01 23:41:50,345.99,1323.94
O03410,C123,P02,3,226.99,2024-12-01 23:41:50,680.97,1323.94
O03411,C228,P43,1,138.99,2025-11-02 03:16:46,138.99,244.96
O03411,C228,P38,1,38.99,2025-11-02 03:16:46,38.99,244.96
O03411,C228,P32,1,24.99,2025-11-02 03:16:46,24.99,244.96
O03411,C228,P47,1,41.99,2025-11-02 03:16:00,41.99,244.96
O03413,C237,P05,1,429.99,2024-07-27 19:52:24,429.99,429.99
O03414,C316,P29,1,199.99,2025-11-18 21:54:02,199.99,278.98
O03414,C316,P48,1,78.99,2025-11-18 21:54:02,78.99,278.98
O03415,C294,P28,1,198.99,2025-12-29 08:36:02,198.99,198.99
O03416,C092,P46,1,154.99,2026-05-16 10:20:43,154.99,154.99
O03417,C384,P36,1,47.99,2026-01-08 18:51:49,47.99,47.99
O03418,C473,P13,1,114.99,2025-12-11 14:25:43,114.99,114.99
O03419,C250,P46,1,154.99,2026-07-05 11:56:43,154.99,208.98
O03419,C250,P34,1,53.99,2026-07-05 11:56:43,53.99,208.98
O03420,C030,P50,1,191.99,2025-05-24 04:34:34,191.99,191.99
O03421,C110,P40,1,10.99,2024-12-07 11:52:06,10.99,356.98
O03421,C110,P01,1,345.99,2024-12-07 11:52:06,345.99,356.98
O03422,C310,P40,1,10.99,2025-11-16 09:10:31,10.99,48.97
O03422,C310,P15,2,18.99,2025-11-16 09:10:31,37.98,48.97
O03423,C473,P27,1,239.99,2025-07-18 15:45:49,239.99,639.97
O03423,C473,P29,2,199.99,2025-07-18 15:45:49,399.98,639.97
O03424,C487,P43,1,138.99,2025-12-14 16:01:12,138.99,830.97
O03424,C487,P01,2,345.99,2025-12-14 16:01:12,691.98,830.97
O03425,C345,P24,1,299.99,2026-02-28 11:49:40,299.99,299.99
O03426,C079,P22,1,194.99,2025-03-26 00:32:11,194.99,914.95
O03426,C079,P12,1,100.99,2025-03-26 00:32:11,100.99,914.95
O03426,C079,P43,1,138.99,2025-03-26 00:32:11,138.99,914.95
O03426,C079,P27,2,239.99,2025-03-26 00:32:11,479.98,914.95
O03427,C363,P49,1,77.99,2025-12-28 02:09:56,77.99,185.97
O03427,C363,P34,2,53.99,2025-12-28 02:09:56,107.98,185.97
O03428,C054,P11,1,91.99,2024-09-23 04:43:08,91.99,744.96
O03428,C054,P05,1,429.99,2024-09-23 04:43:08,429.99,744.96
O03428,C054,P17,1,22.99,2024-09-23 04:43:08,22.99,744.96
O03428,C054,P41,1,199.99,2024-09-23 04:43:08,199.99,744.96
O03429,C473,P10,1,92.99,2025-05-11 15:50:41,92.99,482.97
O03429,C473,P22,2,194.99,2025-05-11 15:50:41,389.98,482.97
O03430,C202,P18,2,44.99,2026-06-14 10:28:16,89.98,115.97
O03430,C202,P25,1,25.99,2026-06-14 10:28:16,25.99,115.97
O03431,C093,P08,1,100.99,2025-03-13 10:17:18,100.99,521.97
O03431,C093,P34,1,53.99,2025-03-13 10:17:18,53.99,521.97
O03431,C093,P07,1,366.99,2025-03-13 10:17:18,366.99,521.97
O03432,C392,P29,1,199.99,2026-06-24 10:05:13,199.99,199.99
O03433,C495,P42,1,58.99,2025-12-05 10:09:03,58.99,58.99
O03434,C052,P28,1,198.99,2025-11-22 06:28:53,198.99,562.96
O03434,C052,P33,1,74.99,2025-11-22 06:28:53,74.99,562.96
O03434,C052,P20,1,96.99,2025-11-22 06:28:53,96.99,562.96
O03434,C052,P50,1,191.99,2025-11-22 06:28:53,191.99,562.96
O03435,C042,P05,1,429.99,2024-12-18 21:08:10,429.99,429.99
O03436,C268,P07,1,366.99,2024-12-12 07:20:17,366.99,667.97
O03436,C268,P12,1,100.99,2024-12-12 07:20:17,100.99,667.97
O03436,C268,P29,1,199.99,2024-12-12 07:20:17,199.99,667.97
O03437,C261,P31,1,16.99,2025-06-18 12:58:18,16.99,16.99
O03438,C294,P07,3,366.99,2024-07-14 13:42:42,1100.97,1100.97
O03439,C122,P01,1,345.99,2025-12-24 12:09:47,345.99,362.98
O03439,C122,P31,1,16.99,2025-12-24 12:09:47,16.99,362.98
O03440,C430,P03,1,205.99,2026-02-15 13:11:06,205.99,205.99
O03441,C269,P07,1,366.99,2026-02-15 12:35:03,366.99,441.98
O03441,C269,P33,1,74.99,2026-02-15 12:35:03,74.99,441.98
O03442,C023,P42,1,58.99,2024-12-06 21:10:24,58.99,341.97
O03442,C023,P22,1,194.99,2024-12-06 21:10:24,194.99,341.97
O03442,C023,P26,1,87.99,2024-12-06 21:10:24,87.99,341.97
O03443,C302,P44,1,143.99,2025-12-23 12:02:20,143.99,221.98
O03443,C302,P49,1,77.99,2025-12-23 12:02:20,77.99,221.98
O03444,C199,P37,1,42.99,2025-12-27 08:50:51,42.99,84.98
O03444,C199,P47,1,41.99,2025-12-27 08:50:51,41.99,84.98
O03445,C008,P08,2,100.99,2024-12-07 04:21:52,201.98,356.97
O03445,C008,P46,1,154.99,2024-12-07 04:21:52,154.99,356.97
O03446,C028,P37,1,42.99,2024-10-26 02:47:55,42.99,42.99
O03447,C204,P01,1,345.99,2026-06-30 04:37:25,345.99,345.99
O03448,C090,P16,1,30.99,2024-10-20 10:59:15,30.99,30.99
O03449,C204,P09,1,34.99,2025-12-07 10:10:25,34.99,135.98
O03449,C204,P12,1,100.99,2025-12-07 10:10:25,100.99,135.98
O03450,C476,P18,1,44.99,2025-12-28 17:45:32,44.99,44.99
O03451,C073,P24,1,299.99,2026-03-04 13:44:12,299.99,357.98
O03451,C073,P35,1,57.99,2026-03-04 19:14:12,57.99,357.98
O03452,C153,P24,1,299.99,2024-11-23 19:40:05,299.99,299.99
O03453,C454,P17,1,22.99,2026-01-25 02:30:19,22.99,22.99
O03454,C112,P11,1,91.99,2025-12-22 22:22:07,91.99,91.99
O03455,C156,P13,1,114.99,2024-08-17 02:09:58,114.99,517.98
O03455,C156,P06,1,402.99,2024-08-17 02:09:58,402.99,517.98
O03456,C488,P15,1,18.99,2026-03-01 22:30:36,18.99,408.97
O03456,C488,P22,2,194.99,2026-03-01 22:30:36,389.98,408.97
O03457,C233,P02,1,226.99,2024-10-04 15:05:54,226.99,226.99
O03458,C177,P20,1,96.99,2025-04-14 14:58:03,96.99,991.96
O03458,C177,P05,2,429.99,2025-04-14 14:58:03,859.98,991.96
O03458,C177,P09,1,34.99,2025-04-14 14:58:03,34.99,991.96
O03459,C169,P49,1,77.99,2024-09-28 12:16:34,77.99,325.97
O03459,C169,P41,1,199.99,2024-09-28 12:16:34,199.99,325.97
O03459,C169,P36,1,47.99,2024-09-28 12:16:34,47.99,325.97
O03460,C287,P30,2,236.99,2024-12-17 17:29:48,473.98,811.96
O03460,C287,P43,1,138.99,2024-12-17 17:29:48,138.99,811.96
O03460,C287,P28,1,198.99,2024-12-17 17:29:48,198.99,811.96
O03461,C159,P46,1,154.99,2025-01-25 20:53:45,154.99,535.97
O03461,C159,P30,1,236.99,2025-01-25 20:53:45,236.99,535.97
O03461,C159,P44,1,143.99,2025-01-25 20:53:45,143.99,535.97
O03462,C328,P17,1,22.99,2026-01-18 07:02:14,22.99,22.99
O03463,C216,P49,3,77.99,2025-12-14 23:46:28,233.97,233.97
O03464,C459,P35,1,57.99,2026-06-21 10:07:49,57.99,57.99
O03465,C274,P29,1,199.99,2026-02-27 18:19:44,199.99,454.95
O03465,C274,P47,1,41.99,2026-02-27 18:19:44,41.99,454.95
O03465,C274,P14,3,70.99,2026-02-27 18:19:44,212.97,454.95
O03466,C199,P04,1,281.99,2024-07-22 10:54:18,281.99,281.99
O03467,C400,P20,1,96.99,2026-05-02 11:52:37,96.99,113.98
O03467,C400,P31,1,16.99,2026-05-02 11:52:37,16.99,113.98
O03468,C056,P29,1,199.99,2024-08-20 18:30:25,199.99,199.99
O03469,C345,P37,1,42.99,2026-03-09 13:21:29,42.99,42.99
O03470,C078,P22,1,194.99,2024-11-14 21:36:13,194.99,194.99
O03471,C349,P17,1,22.99,2024-12-16 06:37:00,22.99,310.97
O03471,C349,P44,2,143.99,2024-12-16 06:37:00,287.98,310.97
O03472,C380,P39,2,21.99,2026-02-13 13:24:46,43.98,245.96
O03472,C380,P12,2,100.99,2026-02-13 13:24:46,201.98,245.96
O03473,C368,P27,1,239.99,2026-05-03 02:13:33,239.99,239.99
O03474,C244,P29,1,199.99,2024-08-04 14:56:28,199.99,521.97
O03474,C244,P39,1,21.99,2024-08-04 14:56:28,21.99,521.97
O03474,C244,P24,1,299.99,2024-08-04 14:56:28,299.99,521.97
O03475,C290,P30,1,236.99,2026-03-30 13:09:24,236.99,236.99
O03476,C451,P04,1,281.99,2026-05-09 14:04:42,281.99,881.96
O03476,C451,P29,3,199.99,2026-05-09 14:04:42,599.97,881.96
O03477,C064,P03,1,205.99,2024-11-01 19:26:11,205.99,205.99
O03478,C496,P13,1,114.99,2026-05-29 05:18:12,114.99,114.99
O03479,C398,P15,1,18.99,2026-01-04 04:13:39,18.99,41.98
O03479,C398,P17,1,22.99,2026-01-04 04:13:39,22.99,41.98
O03480,C206,P25,1,25.99,2026-01-17 00:53:54,25.99,289.95
O03480,C206,P37,2,42.99,2026-01-17 00:53:54,85.98,289.95
O03480,C206,P17,1,22.99,2026-01-17 00:53:54,22.99,289.95
O03480,C206,P46,1,154.99,2026-01-17 00:53:54,154.99,289.95
O03481,C067,P50,1,191.99,2024-11-23 14:34:00,191.99,191.99
O03482,C157,P04,1,281.99,2024-09-25 16:21:15,281.99,281.99
O03483,C196,P36,1,47.99,2026-03-01 08:16:33,47.99,356.97
O03483,C196,P22,1,194.99,2026-03-01 08:16:33,194.99,356.97
O03483,C196,P19,1,113.99,2026-03-01 02:46:33,113.99,356.97
O03484,C055,P34,1,53.99,2024-10-19 18:40:48,53.99,399.98
O03484,C055,P01,1,345.99,2024-10-19 18:40:48,345.99,399.98
O03485,C494,P16,3,30.99,2026-04-25 04:33:51,92.97,92.97
O03486,C211,P02,1,226.99,2025-12-18 09:08:23,226.99,226.99
O03487,C441,P29,1,199.99,2026-06-21 13:35:33,199.99,257.98
O03487,C441,P35,1,57.99,2026-06-21 13:35:33,57.99,257.98
O03488,C022,P05,2,429.99,2024-12-07 18:08:10,859.98,859.98
O03489,C018,P36,2,47.99,2026-04-07 02:39:45,95.98,511.95
O03489,C018,P26,2,87.99,2026-04-07 02:39:45,175.98,511.95
O03489,C018,P27,1,239.99,2026-04-07 02:39:45,239.99,511.95
O03490,C339,P11,1,91.99,2025-09-10 15:36:33,91.99,145.98
O03490,C339,P34,1,53.99,2025-09-10 15:36:00,53.99,145.98
O03491,C359,P27,1,239.99,2025-05-16 05:51:19,239.99,340.98
O03491,C359,P12,1,100.99,2025-05-16 05:51:19,100.99,340.98
O03492,C469,P01,1,345.99,2025-12-23 12:19:19,345.99,345.99
O03493,C390,P02,1,226.99,2024-12-02 17:32:00,226.99,226.99
O03494,C360,P06,1,402.99,2024-12-26 16:31:19,402.99,402.99
O03495,C011,P01,1,345.99,2024-11-07 05:46:45,345.99,748.98
O03495,C011,P06,1,402.99,2024-11-07 05:46:45,402.99,748.98
O03496,C153,P32,1,24.99,2025-03-05 08:04:25,24.99,24.99
O03497,C338,P26,2,87.99,2026-04-28 02:03:55,175.98,450.96
O03497,C338,P27,1,239.99,2026-04-28 02:03:55,239.99,450.96
O03497,C338,P09,1,34.99,2026-04-28 02:03:55,34.99,450.96
O03498,C400,P29,1,199.99,2025-09-13 05:25:43,199.99,222.98
O03498,C400,P17,1,22.99,2025-09-13 05:25:43,22.99,222.98
O03499,C118,P50,1,191.99,2026-03-07 12:03:30,191.99,386.98
O03499,C118,P22,1,194.99,2026-03-07 12:03:30,194.99,386.98
O03500,C481,P33,1,74.99,2026-04-29 06:00:36,74.99,223.96
O03500,C481,P32,1,24.99,2026-04-29 06:00:36,24.99,223.96
O03500,C481,P10,1,92.99,2026-04-29 06:00:36,92.99,223.96
O03500,C481,P16,1,30.99,2026-04-29 06:00:36,30.99,223.96
O03501,C219,P39,1,21.99,2024-08-18 02:55:16,21.99,21.99
O03502,C069,P22,1,194.99,2025-04-06 02:17:47,194.99,269.98
O03502,C069,P33,1,74.99,2025-04-06 02:17:47,74.99,269.98
O03503,C236,P28,1,198.99,2024-07-11 11:02:46,198.99,198.99
O03504,C434,P23,1,205.99,2026-06-13 21:08:01,205.99,635.98
O03504,C434,P05,1,429.99,2026-06-13 21:08:01,429.99,635.98
O03505,C435,P16,1,30.99,2025-12-16 17:46:46,30.99,30.99
O03506,C077,P37,1,42.99,2026-06-08 14:53:00,42.99,216.97
O03506,C077,P42,1,58.99,2026-06-08 14:53:00,58.99,216.97
O03506,C077,P13,1,114.99,2026-06-08 14:53:00,114.99,216.97
O03507,C304,P21,1,196.99,2026-05-12 10:34:40,196.99,727.97
O03507,C304,P08,1,100.99,2026-05-12 10:34:40,100.99,727.97
O03507,C304,P05,1,429.99,2026-05-12 10:34:40,429.99,727.97
O03508,C228,P30,1,236.99,2024-09-19 19:10:00,236.99,528.97
O03508,C228,P22,1,194.99,2024-09-19 19:10:01,194.99,528.97
O03508,C228,P20,1,96.99,2024-09-19 19:10:01,96.99,528.97
O03509,C159,P16,1,30.99,2026-04-19 09:35:51,30.99,30.99
O03510,C082,P35,1,57.99,2025-03-22 11:38:05,57.99,88.98
O03510,C082,P16,1,30.99,2025-03-22 11:38:05,30.99,88.98
O03511,C335,P42,1,58.99,2026-01-24 15:46:28,58.99,58.99
O03512,C405,P13,1,114.99,2025-12-25 05:56:48,114.99,114.99
O03513,C102,P30,1,236.99,2025-11-01 10:55:19,236.99,290.98
O03513,C102,P34,1,53.99,2025-11-01 10:55:19,53.99,290.98
O03514,C444,P49,1,77.99,2025-12-13 15:07:21,77.99,329.97
O03514,C444,P46,1,154.99,2025-12-13 15:07:21,154.99,329.97
O03514,C444,P20,1,96.99,2025-12-13 15:07:21,96.99,329.97
O03515,C023,P15,1,18.99,2026-02-05 19:58:36,18.99,18.99
O03516,C274,P38,2,38.99,2025-11-07 20:18:08,77.98,77.98
O03517,C493,P01,1,345.99,2025-10-19 00:46:03,345.99,367.98
O03517,C493,P39,1,21.99,2025-10-19 00:46:03,21.99,367.98
O03518,C248,P26,1,87.99,2024-12-07 13:08:18,87.99,198.98
O03518,C248,P45,1,110.99,2024-12-07 13:08:18,110.99,198.98
O03519,C188,P39,1,21.99,2024-12-19 04:59:02,21.99,21.99
O03520,C305,P04,1,281.99,2026-03-15 22:17:59,281.99,792.97
O03520,C305,P07,1,366.99,2026-03-15 22:17:59,366.99,792.97
O03520,C305,P44,1,143.99,2026-03-15 22:17:59,143.99,792.97
O03521,C364,P20,2,96.99,2025-11-15 14:11:52,193.98,193.98
O03522,C133,P01,1,345.99,2025-06-28 10:26:36,345.99,1229.95
O03522,C133,P41,2,199.99,2025-06-28 10:26:36,399.98,1229.95
O03522,C133,P05,1,429.99,2025-06-28 10:26:36,429.99,1229.95
O03522,C133,P34,1,53.99,2025-06-28 10:26:36,53.99,1229.95
O03523,C169,P11,1,91.99,2025-10-14 23:17:28,91.99,250.96
O03523,C169,P37,1,42.99,2025-10-14 23:17:28,42.99,250.96
O03523,C169,P35,2,57.99,2025-10-14 23:17:28,115.98,250.96
O03524,C332,P45,1,110.99,2026-06-04 19:26:43,110.99,110.99
O03525,C245,P02,1,226.99,2026-01-02 02:22:15,226.99,517.97
O03525,C245,P11,1,91.99,2026-01-02 02:22:15,91.99,517.97
O03525,C245,P28,1,198.99,2026-01-02 02:22:15,198.99,517.97
O03526,C374,P13,1,114.99,2026-04-05 12:20:00,114.99,114.99
O03527,C289,P20,1,96.99,2024-07-19 01:45:40,96.99,96.99
O03529,C432,P04,2,281.99,2026-03-21 10:20:16,563.98,718.97
O03529,C432,P46,1,154.99,2026-03-21 10:20:16,154.99,718.97
O03530,C128,P46,1,154.99,2024-10-27 19:31:38,154.99,154.99
O03531,C377,P37,1,42.99,2025-06-14 11:51:55,42.99,42.99
O03532,C101,P02,1,226.99,2025-01-08 07:43:36,226.99,226.99
O03533,C438,P45,1,110.99,2025-11-15 21:37:55,110.99,110.99
O03534,C263,P16,1,30.99,2025-06-07 22:14:21,30.99,30.99
O03535,C423,P15,1,18.99,2026-04-17 07:15:01,18.99,303.96
O03535,C423,P18,2,44.99,2026-04-17 07:15:01,89.98,303.96
O03535,C423,P22,1,194.99,2026-04-17 07:15:01,194.99,303.96
O03536,C026,P12,1,100.99,2024-11-19 07:27:19,100.99,100.99
O03537,C389,P24,1,299.99,2025-11-20 02:31:40,299.99,414.98
O03537,C389,P13,1,114.99,2025-11-20 08:01:40,114.99,414.98
O03538,C029,P26,1,87.99,2024-12-11 11:02:20,87.99,404.97
O03538,C029,P04,1,281.99,2024-12-11 11:02:20,281.99,404.97
O03538,C029,P09,1,34.99,2024-12-11 11:02:20,34.99,404.97
O03539,C015,P32,1,24.99,2025-06-23 02:23:22,24.99,24.99
O03540,C301,P10,1,92.99,2026-06-12 08:40:44,92.99,92.99
O03541,C332,P05,1,429.99,2026-06-11 21:19:21,429.99,429.99
O03542,C318,P15,1,18.99,2025-01-01 11:54:05,18.99,18.99
O03543,C417,P06,1,402.99,2025-12-08 15:49:33,402.99,402.99
O03544,C422,P48,1,78.99,2026-06-24 06:27:01,78.99,78.99
O03545,C353,P40,1,10.99,2025-11-25 08:59:48,10.99,283.96
O03545,C353,P46,1,154.99,2025-11-25 08:59:48,154.99,283.96
O03545,C353,P31,1,16.99,2025-11-25 08:59:48,16.99,283.96
O03545,C353,P08,1,100.99,2025-11-25 08:59:48,100.99,283.96
O03546,C487,P33,1,74.99,2024-12-24 12:27:51,74.99,74.99
O03547,C068,P28,1,198.99,2026-06-19 13:15:01,198.99,378.97
O03547,C068,P08,1,100.99,2026-06-19 13:15:01,100.99,378.97
O03547,C068,P48,1,78.99,2026-06-19 13:15:01,78.99,378.97
O03548,C343,P28,1,198.99,2026-04-25 21:23:57,198.99,457.96
O03548,C343,P16,2,30.99,2026-04-25 21:23:57,61.98,457.96
O03548,C343,P21,1,196.99,2026-04-25 21:23:57,196.99,457.96
O03549,C224,P21,1,196.99,2026-05-11 10:02:18,196.99,196.99
O03550,C338,P29,1,199.99,2025-11-11 11:42:41,199.99,199.99
O03551,C040,P02,1,226.99,2025-01-09 21:13:44,226.99,665.95
O03551,C040,P33,1,74.99,2025-01-09 21:13:44,74.99,665.95
O03551,C040,P03,1,205.99,2025-01-09 21:13:44,205.99,665.95
O03551,C040,P48,2,78.99,2025-01-09 21:13:44,157.98,665.95
O03552,C392,P14,1,70.99,2026-06-06 23:06:54,70.99,70.99
O03553,C249,P39,1,21.99,2026-02-01 16:32:35,21.99,21.99
O03554,C144,P16,1,30.99,2026-03-01 12:42:07,30.99,30.99
O03555,C059,P23,1,205.99,2025-04-12 16:30:45,205.99,608.98
O03555,C059,P06,1,402.99,2025-04-12 16:30:45,402.99,608.98
O03556,C478,P43,1,138.99,2025-10-24 19:02:22,138.99,255.96
O03556,C478,P38,3,38.99,2025-10-24 19:02:00,116.97,255.96
O03557,C389,P03,1,205.99,2025-12-08 05:24:30,205.99,205.99
O03558,C487,P41,3,199.99,2025-01-09 15:10:52,599.97,599.97
O03559,C058,P30,1,236.99,2025-11-16 09:28:09,236.99,307.98
O03559,C058,P14,1,70.99,2025-11-16 09:28:09,70.99,307.98
O03560,C239,P35,1,57.99,2025-07-20 23:46:45,57.99,76.98
O03560,C239,P15,1,18.99,2025-07-20 23:46:45,18.99,76.98
O03561,C228,P37,1,42.99,2026-05-23 16:48:38,42.99,342.98
O03561,C228,P24,1,299.99,2026-05-23 16:48:38,299.99,342.98
O03562,C146,P17,1,22.99,2025-10-12 06:26:29,22.99,65.97
O03562,C146,P25,1,25.99,2025-10-12 06:26:29,25.99,65.97
O03562,C146,P31,1,16.99,2025-10-12 06:26:29,16.99,65.97
O03563,C270,P36,1,47.99,2025-07-19 13:28:23,47.99,47.99
O03564,C252,P03,1,205.99,2026-03-30 02:27:19,205.99,205.99
O03565,C312,P49,1,77.99,2026-01-19 12:13:19,77.99,77.99
O03566,C025,P10,1,92.99,2026-04-20 20:28:13,92.99,319.98
O03566,C025,P02,1,226.99,2026-04-20 20:28:13,226.99,319.98
O03567,C271,P14,1,70.99,2026-02-05 11:27:21,70.99,101.98
O03567,C271,P16,1,30.99,2026-02-05 11:27:21,30.99,101.98
O03568,C247,P32,1,24.99,2025-12-31 00:43:12,24.99,24.99
O03569,C247,P19,1,113.99,2024-10-12 05:53:26,113.99,113.99
O03570,C345,P09,2,34.99,2025-09-11 03:09:16,69.98,369.97
O03570,C345,P24,1,299.99,2025-09-11 03:09:16,299.99,369.97
O03571,C165,P03,3,205.99,2024-07-26 01:21:18,617.97,692.96
O03571,C165,P33,1,74.99,2024-07-26 01:21:18,74.99,692.96
O03572,C341,P32,1,24.99,2025-12-27 17:53:13,24.99,112.98
O03572,C341,P26,1,87.99,2025-12-27 17:53:13,87.99,112.98
O03573,C262,P01,1,345.99,2025-06-15 09:24:06,345.99,345.99
O03574,C407,P04,1,281.99,2026-05-17 07:33:14,281.99,508.98
O03574,C407,P02,1,226.99,2026-05-17 07:33:14,226.99,508.98
O03575,C115,P02,3,226.99,2025-01-15 19:19:39,680.97,816.95
O03575,C115,P32,1,24.99,2025-01-15 19:19:39,24.99,816.95
O03575,C115,P45,1,110.99,2025-01-15 19:19:39,110.99,816.95
O03576,C291,P27,1,239.99,2025-09-04 20:26:20,239.99,436.96
O03576,C291,P49,1,77.99,2025-09-04 20:26:20,77.99,436.96
O03576,C291,P25,1,25.99,2025-09-04 20:26:20,25.99,436.96
O03576,C291,P10,1,92.99,2025-09-04 20:26:20,92.99,436.96
O03577,C311,P50,1,191.99,2026-01-13 05:09:21,191.99,191.99
O03578,C207,P15,2,18.99,2024-08-24 05:08:15,37.98,37.98
O03579,C147,P07,1,366.99,2024-08-09 12:47:29,366.99,366.99
O03580,C041,P17,1,22.99,2025-11-11 16:36:47,22.99,22.99
O03581,C265,P01,1,345.99,2026-02-20 05:49:55,345.99,540.98
O03581,C265,P22,1,194.99,2026-02-20 05:49:55,194.99,540.98
O03582,C023,P09,1,34.99,2025-11-30 03:54:11,34.99,34.99
O03583,C284,P38,1,38.99,2024-12-30 08:31:40,38.99,86.98
O03583,C284,P36,1,47.99,2024-12-30 08:31:40,47.99,86.98
O03584,C043,P36,1,47.99,2025-01-27 15:25:39,47.99,47.99
O03585,C439,P11,1,91.99,2026-06-16 09:19:09,91.99,91.99
O03586,C133,P26,1,87.99,2025-11-23 04:16:34,87.99,202.98
O03586,C133,P13,1,114.99,2025-11-23 04:16:34,114.99,202.98
O03587,C237,P05,1,429.99,2024-12-08 02:19:23,429.99,429.99
O03588,C447,P44,1,143.99,2025-11-15 17:02:44,143.99,143.99
O03589,C301,P16,1,30.99,2026-03-26 08:50:07,30.99,169.98
O03589,C301,P43,1,138.99,2026-03-26 08:50:07,138.99,169.98
O03590,C044,P33,1,74.99,2024-07-27 14:59:50,74.99,117.98
O03590,C044,P37,1,42.99,2024-07-27 14:59:50,42.99,117.98
O03591,C053,P25,2,25.99,2026-01-17 19:08:46,51.98,51.98
O03592,C347,P36,1,47.99,2026-01-24 09:46:31,47.99,47.99
O03593,C109,P06,1,402.99,2024-12-29 01:14:16,402.99,402.99
O03594,C036,P07,1,366.99,2025-07-19 03:54:54,366.99,657.96
O03594,C036,P20,3,96.99,2025-07-19 03:54:54,290.97,657.96
O03595,C472,P08,1,100.99,2025-09-22 22:14:10,100.99,100.99
O03596,C301,P24,1,299.99,2026-01-06 09:19:28,299.99,299.99
O03597,C294,P07,1,366.99,2025-12-13 01:51:57,366.99,366.99
O03598,C419,P07,1,366.99,2025-12-26 16:13:04,366.99,366.99
O03599,C414,P49,1,77.99,2025-11-06 12:17:20,77.99,77.99
O03600,C168,P30,1,236.99,2025-11-12 15:38:17,236.99,278.98
O03600,C168,P47,1,41.99,2025-11-12 15:38:17,41.99,278.98
O03601,C440,P38,2,38.99,2026-07-05 14:16:16,77.98,88.97
O03601,C440,P40,1,10.99,2026-07-05 14:16:16,10.99,88.97
O03602,C002,P15,1,18.99,2025-10-09 07:15:38,18.99,18.99
O03603,C497,P26,1,87.99,2026-07-05 09:05:11,87.99,614.97
O03603,C497,P20,1,96.99,2026-07-05 09:05:11,96.99,614.97
O03603,C497,P05,1,429.99,2026-07-05 09:05:11,429.99,614.97
O03604,C219,P45,1,110.99,2025-12-18 14:22:14,110.99,265.96
O03604,C219,P42,1,58.99,2025-12-18 14:22:14,58.99,265.96
O03604,C219,P36,2,47.99,2025-12-18 14:22:14,95.98,265.96
O03605,C124,P39,1,21.99,2024-09-22 01:05:01,21.99,363.96
O03605,C124,P26,1,87.99,2024-09-22 01:05:01,87.99,363.96
O03605,C124,P42,1,58.99,2024-09-22 01:05:01,58.99,363.96
O03605,C124,P22,1,194.99,2024-09-22 01:05:01,194.99,363.96
O03606,C020,P19,2,113.99,2025-03-25 09:01:03,227.98,227.98
O03607,C205,P41,1,199.99,2025-06-02 09:56:35,199.99,199.99
O03608,C418,P30,2,236.99,2025-12-08 08:32:16,473.98,819.97
O03608,C418,P01,1,345.99,2025-12-08 08:32:16,345.99,819.97
O03609,C414,P30,1,236.99,2025-07-13 01:58:57,236.99,236.99
O03610,C037,P20,1,96.99,2025-05-16 07:41:30,96.99,96.99
O03611,C415,P05,1,429.99,2025-01-24 01:28:33,429.99,429.99
O03612,C294,P18,2,44.99,2025-11-28 13:53:03,89.98,511.94
O03612,C294,P40,1,10.99,2025-11-28 13:53:03,10.99,511.94
O03612,C294,P02,1,226.99,2025-11-28 08:23:03,226.99,511.94
O03612,C294,P11,2,91.99,2025-11-28 13:53:03,183.98,511.94
O03613,C415,P15,1,18.99,2025-05-24 18:27:28,18.99,18.99
O03614,C339,P45,2,110.99,2025-12-20 21:36:46,221.98,221.98
O03615,C192,P44,1,143.99,2026-05-12 07:36:06,143.99,143.99
O03616,C109,P49,1,77.99,2025-12-06 11:15:58,77.99,77.99
O03617,C317,P26,3,87.99,2026-02-08 18:37:11,263.97,263.97
O03618,C110,P42,1,58.99,2025-12-03 22:07:47,58.99,769.96
O03618,C110,P30,3,236.99,2025-12-03 22:07:47,710.97,769.96
O03619,C111,P10,1,92.99,2026-05-31 09:48:27,92.99,137.98
O03619,C111,P18,1,44.99,2026-05-31 09:48:27,44.99,137.98
O03620,C078,P23,2,205.99,2026-05-02 06:50:47,411.98,545.95
O03620,C078,P34,2,53.99,2026-05-02 06:50:47,107.98,545.95
O03620,C078,P25,1,25.99,2026-05-02 06:50:47,25.99,545.95
O03621,C319,P30,1,236.99,2025-06-22 15:42:51,236.99,236.99
O03622,C134,P08,2,100.99,2025-11-27 07:17:36,201.98,201.98
O03623,C247,P01,1,345.99,2026-04-21 12:28:59,345.99,345.99
O03624,C287,P30,1,236.99,2025-11-04 15:55:14,236.99,293.97
O03624,C287,P39,1,21.99,2025-11-04 15:55:14,21.99,293.97
O03624,C287,P09,1,34.99,2025-11-04 15:55:14,34.99,293.97
O03625,C174,P13,1,114.99,2024-07-27 22:51:37,114.99,414.98
O03625,C174,P24,1,299.99,2024-07-27 22:51:37,299.99,414.98
O03626,C206,P01,2,345.99,2024-11-30 18:34:44,691.98,1058.97
O03626,C206,P07,1,366.99,2024-11-30 18:34:44,366.99,1058.97
O03627,C322,P15,1,18.99,2026-05-08 11:31:00,18.99,195.97
O03627,C322,P39,1,21.99,2026-05-08 11:31:00,21.99,195.97
O03627,C322,P46,1,154.99,2026-05-08 11:31:00,154.99,195.97
O03628,C431,P48,1,78.99,2026-06-27 23:34:25,78.99,78.99
O03629,C078,P04,1,281.99,2025-03-01 04:38:53,281.99,1157.95
O03629,C078,P22,1,194.99,2025-03-01 04:38:53,194.99,1157.95
O03629,C078,P02,3,226.99,2025-03-01 04:38:53,680.97,1157.95
O03630,C004,P43,1,138.99,2024-08-17 02:50:50,138.99,409.97
O03630,C004,P50,1,191.99,2024-08-17 02:50:50,191.99,409.97
O03630,C004,P48,1,78.99,2024-08-17 02:50:50,78.99,409.97
O03631,C213,P17,1,22.99,2024-09-07 18:29:12,22.99,214.98
O03631,C213,P50,1,191.99,2024-09-07 18:29:12,191.99,214.98
O03632,C042,P44,1,143.99,2024-11-03 02:54:14,143.99,143.99
O03633,C263,P25,1,25.99,2024-11-03 06:33:54,25.99,25.99
O03634,C320,P36,1,47.99,2024-12-30 21:43:56,47.99,152.97
O03634,C320,P26,1,87.99,2024-12-30 21:43:00,87.99,152.97
O03634,C320,P31,1,16.99,2024-12-30 21:43:56,16.99,152.97
O03635,C032,P30,2,236.99,2024-12-20 08:33:07,473.98,473.98
O03636,C126,P21,1,196.99,2025-10-31 13:54:57,196.99,958.95
O03636,C126,P47,1,41.99,2025-10-31 13:54:57,41.99,958.95
O03636,C126,P27,3,239.99,2025-10-31 13:54:57,719.97,958.95
O03637,C396,P27,1,239.99,2026-07-03 17:08:56,239.99,239.99
O03638,C042,P25,1,25.99,2025-07-29 12:52:18,25.99,25.99
O03639,C323,P13,1,114.99,2026-02-12 22:14:53,114.99,114.99
O03640,C392,P33,1,74.99,2026-03-21 20:27:38,74.99,74.99
O03641,C468,P28,1,198.99,2026-05-14 18:04:26,198.99,589.97
O03641,C468,P18,1,44.99,2026-05-14 18:04:26,44.99,589.97
O03641,C468,P01,1,345.99,2026-05-14 18:04:26,345.99,589.97
O03642,C342,P22,1,194.99,2025-03-18 18:46:14,194.99,229.98
O03642,C342,P09,1,34.99,2025-03-18 18:46:14,34.99,229.98
O03643,C454,P12,1,100.99,2026-04-04 12:51:29,100.99,148.97
O03643,C454,P25,1,25.99,2026-04-04 12:51:29,25.99,148.97
O03643,C454,P39,1,21.99,2026-04-04 12:51:29,21.99,148.97
O03644,C320,P40,1,10.99,2025-11-18 05:59:11,10.99,10.99
O03645,C132,P16,1,30.99,2024-12-17 21:33:17,30.99,109.98
O03645,C132,P48,1,78.99,2024-12-17 21:33:17,78.99,109.98
O03646,C374,P08,1,100.99,2025-12-30 16:07:55,100.99,646.96
O03646,C374,P05,1,429.99,2025-12-30 16:07:55,429.99,646.96
O03646,C374,P20,1,96.99,2025-12-30 16:07:55,96.99,646.96
O03646,C374,P15,1,18.99,2025-12-30 16:07:55,18.99,646.96
O03648,C395,P31,1,16.99,2026-01-06 12:44:56,16.99,16.99
O03649,C476,P45,1,110.99,2025-11-10 05:59:22,110.99,203.98
O03649,C476,P10,1,92.99,2025-11-10 05:59:22,92.99,203.98
O03650,C489,P12,2,100.99,2026-03-12 07:29:10,201.98,201.98
O03651,C495,P21,1,196.99,2026-01-31 23:01:13,196.99,196.99
O03652,C038,P43,1,138.99,2025-08-06 00:11:39,138.99,138.99
O03653,C291,P37,1,42.99,2026-05-23 14:49:14,42.99,157.98
O03653,C291,P13,1,114.99,2026-05-23 14:49:14,114.99,157.98
O03654,C251,P42,1,58.99,2026-02-21 10:48:22,58.99,58.99
O03655,C131,P31,1,16.99,2025-12-03 08:43:05,16.99,16.99
O03656,C201,P28,2,198.99,2026-06-02 14:00:13,397.98,490.97
O03656,C201,P10,1,92.99,2026-06-02 14:00:13,92.99,490.97
O03657,C335,P36,1,47.99,2025-12-24 13:06:06,47.99,47.99
O03658,C436,P03,1,205.99,2025-07-18 06:01:50,205.99,205.99
O03659,C490,P11,1,91.99,2026-03-08 23:32:44,91.99,91.99
O03660,C327,P11,1,91.99,2025-10-01 16:29:14,91.99,415.96
O03660,C327,P08,1,100.99,2025-10-01 16:29:14,100.99,415.96
O03660,C327,P03,1,205.99,2025-10-01 16:29:14,205.99,415.96
O03660,C327,P31,1,16.99,2025-10-01 16:29:14,16.99,415.96
O03661,C226,P35,1,57.99,2024-12-07 13:22:48,57.99,356.97
O03661,C226,P23,1,205.99,2024-12-07 13:22:48,205.99,356.97
O03661,C226,P10,1,92.99,2024-12-07 13:22:48,92.99,356.97
O03662,C316,P31,1,16.99,2025-05-22 00:35:18,16.99,16.99
O03663,C345,P45,1,110.99,2025-08-03 21:45:10,110.99,110.99
O03664,C455,P47,1,41.99,2025-07-02 12:20:04,41.99,41.99
O03665,C181,P24,2,299.99,2025-02-01 21:45:01,599.98,599.98
O03666,C017,P17,1,22.99,2025-07-18 19:19:44,22.99,22.99
O03667,C089,P29,1,199.99,2024-11-29 01:00:13,199.99,199.99
O03668,C124,P01,2,345.99,2025-01-24 04:47:41,691.98,846.97
O03668,C124,P46,1,154.99,2025-01-24 04:47:41,154.99,846.97
O03669,C350,P22,3,194.99,2025-05-25 20:17:12,584.97,900.93
O03669,C350,P14,1,70.99,2025-05-25 20:17:12,70.99,900.93
O03669,C350,P37,1,42.99,2025-05-25 20:17:12,42.99,900.93
O03669,C350,P08,2,100.99,2025-05-25 14:47:12,201.98,900.93
O03670,C016,P15,1,18.99,2026-03-04 03:55:26,18.99,220.97
O03670,C016,P08,2,100.99,2026-03-04 03:55:26,201.98,220.97
O03671,C219,P16,1,30.99,2025-10-16 17:30:46,30.99,30.99
O03672,C192,P28,1,198.99,2024-12-25 08:04:01,198.99,198.99
O03673,C298,P48,1,78.99,2025-06-02 00:43:34,78.99,78.99
O03674,C015,P20,1,96.99,2024-10-04 23:41:06,96.99,96.99
O03675,C485,P09,1,34.99,2025-07-03 22:10:33,34.99,34.99
O03676,C061,P27,1,239.99,2025-02-26 10:52:01,239.99,250.98
O03676,C061,P40,1,10.99,2025-02-26 10:52:01,10.99,250.98
O03677,C051,P46,1,154.99,2025-12-07 06:07:21,154.99,649.97
O03677,C051,P22,1,194.99,2025-12-07 06:07:21,194.99,649.97
O03677,C051,P24,1,299.99,2025-12-07 06:07:21,299.99,649.97
O03678,C339,P36,1,47.99,2026-04-04 17:59:03,47.99,47.99
O03679,C234,P18,1,44.99,2025-11-08 20:19:15,44.99,44.99
O03680,C489,P12,1,100.99,2026-05-10 22:19:31,100.99,518.96
O03680,C489,P22,1,194.99,2026-05-10 22:19:31,194.99,518.96
O03680,C489,P48,1,78.99,2026-05-10 22:19:31,78.99,518.96
O03680,C489,P44,1,143.99,2026-05-10 22:19:31,143.99,518.96
O03681,C469,P44,1,143.99,2025-08-14 05:52:20,143.99,143.99
O03682,C093,P26,1,87.99,2025-06-01 22:34:35,87.99,705.96
O03682,C093,P03,3,205.99,2025-06-01 22:34:35,617.97,705.96
O03683,C142,P23,1,205.99,2025-08-03 00:15:01,205.99,205.99
O03684,C274,P31,1,16.99,2026-03-28 16:00:45,16.99,117.98
O03684,C274,P08,1,100.99,2026-03-28 16:00:45,100.99,117.98
O03685,C410,P39,3,21.99,2026-05-17 09:52:57,65.97,65.97
O03686,C113,P43,1,138.99,2025-03-06 22:21:44,138.99,222.97
O03686,C113,P47,2,41.99,2025-03-06 22:21:44,83.98,222.97
O03687,C024,P29,1,199.99,2025-01-26 11:36:26,199.99,199.99
O03688,C311,P29,3,199.99,2026-06-21 02:06:43,599.97,599.97
O03689,C409,P30,3,236.99,2025-11-23 00:45:19,710.97,950.96
O03689,C409,P27,1,239.99,2025-11-23 00:45:19,239.99,950.96
O03690,C129,P01,2,345.99,2025-01-26 21:06:05,691.98,1031.94
O03690,C129,P36,1,47.99,2025-01-26 21:06:05,47.99,1031.94
O03690,C129,P37,2,42.99,2025-01-26 21:06:05,85.98,1031.94
O03690,C129,P23,1,205.99,2025-01-26 21:06:05,205.99,1031.94
O03691,C388,P12,1,100.99,2026-03-06 11:42:59,100.99,464.96
O03691,C388,P08,1,100.99,2026-03-06 11:42:59,100.99,464.96
O03691,C388,P50,1,191.99,2026-03-06 11:42:59,191.99,464.96
O03691,C388,P14,1,70.99,2026-03-06 11:42:59,70.99,464.96
O03692,C004,P48,1,78.99,2026-04-19 06:17:29,78.99,78.99
O03693,C344,P47,1,41.99,2025-09-01 18:56:33,41.99,98.96
O03693,C344,P15,3,18.99,2025-09-01 18:56:33,56.97,98.96
O03694,C254,P47,1,41.99,2024-12-26 03:47:07,41.99,84.98
O03694,C254,P37,1,42.99,2024-12-26 03:47:07,42.99,84.98
O03695,C296,P22,1,194.99,2026-03-22 19:08:29,194.99,194.99
O03696,C479,P48,2,78.99,2025-02-01 07:13:33,157.98,215.97
O03696,C479,P35,1,57.99,2025-02-01 07:13:33,57.99,215.97
O03697,C452,P36,1,47.99,2026-06-20 16:23:46,47.99,58.98
O03697,C452,P40,1,10.99,2026-06-20 16:23:46,10.99,58.98
O03698,C054,P30,1,236.99,2025-08-16 08:49:15,236.99,554.95
O03698,C054,P26,2,87.99,2025-08-16 08:49:15,175.98,554.95
O03698,C054,P45,1,110.99,2025-08-16 08:49:15,110.99,554.95
O03698,C054,P16,1,30.99,2025-08-16 08:49:15,30.99,554.95
O03699,C241,P40,1,10.99,2024-12-09 18:18:39,10.99,52.98
O03699,C241,P47,1,41.99,2024-12-09 18:18:39,41.99,52.98
O03700,C142,P20,1,96.99,2025-01-14 21:57:41,96.99,186.97
O03700,C142,P18,2,44.99,2025-01-14 21:57:41,89.98,186.97
O03701,C232,P41,1,199.99,2025-04-07 05:47:27,199.99,199.99
O03702,C176,P23,3,205.99,2024-12-27 07:19:49,617.97,617.97
O03703,C056,P16,1,30.99,2025-11-22 00:59:51,30.99,420.97
O03703,C056,P22,2,194.99,2025-11-22 00:59:51,389.98,420.97
O03704,C108,P37,1,42.99,2026-04-25 16:21:40,42.99,121.98
O03704,C108,P48,1,78.99,2026-04-25 16:21:40,78.99,121.98
O03705,C361,P29,1,199.99,2026-01-12 13:23:32,199.99,352.97
O03705,C361,P33,1,74.99,2026-01-12 13:23:32,74.99,352.97
O03705,C361,P49,1,77.99,2026-01-12 13:23:32,77.99,352.97
O03706,C341,P20,3,96.99,2026-06-29 17:04:24,290.97,290.97
O03707,C112,P45,3,110.99,2026-06-28 21:02:31,332.97,685.95
O03707,C112,P14,1,70.99,2026-06-28 21:02:31,70.99,685.95
O03707,C112,P04,1,281.99,2026-06-28 21:02:31,281.99,685.95
O03708,C352,P44,1,143.99,2026-03-25 14:24:06,143.99,458.97
O03708,C352,P41,1,199.99,2026-03-25 14:24:06,199.99,458.97
O03708,C352,P13,1,114.99,2026-03-25 14:24:06,114.99,458.97
O03709,C252,P13,1,114.99,2025-07-12 06:24:37,114.99,114.99
O03710,C365,P27,1,239.99,2025-11-17 09:00:15,239.99,339.96
O03710,C365,P38,2,38.99,2025-11-17 09:00:15,77.98,339.96
O03710,C365,P39,1,21.99,2025-11-17 09:00:15,21.99,339.96
O03711,C393,P09,1,34.99,2025-10-08 05:14:05,34.99,178.98
O03711,C393,P44,1,143.99,2025-10-08 05:14:05,143.99,178.98
O03712,C082,P08,1,100.99,2025-05-28 10:44:42,100.99,214.98
O03712,C082,P19,1,113.99,2025-05-28 05:14:42,113.99,214.98
O03713,C305,P31,1,16.99,2026-02-09 06:08:08,16.99,16.99
O03714,C150,P16,1,30.99,2025-04-26 19:21:56,30.99,30.99
O03715,C161,P10,1,92.99,2025-03-07 22:28:02,92.99,538.97
O03715,C161,P03,1,205.99,2025-03-07 22:28:02,205.99,538.97
O03715,C161,P27,1,239.99,2025-03-07 22:28:02,239.99,538.97
O03716,C499,P26,1,87.99,2025-06-16 11:36:17,87.99,188.98
O03716,C499,P08,1,100.99,2025-06-16 11:36:17,100.99,188.98
O03717,C289,P10,1,92.99,2024-12-14 21:38:05,92.99,295.96
O03717,C289,P31,1,16.99,2024-12-14 21:38:05,16.99,295.96
O03717,C289,P44,1,143.99,2024-12-14 21:38:05,143.99,295.96
O03717,C289,P47,1,41.99,2024-12-14 21:38:05,41.99,295.96
O03718,C377,P35,1,57.99,2025-05-22 04:10:55,57.99,57.99
O03719,C336,P27,1,239.99,2025-12-17 00:23:24,239.99,239.99
O03720,C181,P21,1,196.99,2024-12-14 00:59:16,196.99,196.99
O03721,C175,P22,1,194.99,2025-09-17 01:08:26,194.99,194.99
O03722,C256,P14,1,70.99,2025-07-04 17:38:51,70.99,89.98
O03722,C256,P15,1,18.99,2025-07-04 17:38:51,18.99,89.98
O03723,C440,P44,1,143.99,2026-07-04 18:46:38,143.99,143.99
O03724,C019,P26,1,87.99,2024-07-31 05:44:47,87.99,242.95
O03724,C019,P37,3,42.99,2024-07-31 05:44:47,128.97,242.95
O03724,C019,P25,1,25.99,2024-07-31 05:44:47,25.99,242.95
O03725,C486,P12,1,100.99,2026-06-21 18:01:11,100.99,475.97
O03725,C486,P10,1,92.99,2026-06-21 18:01:11,92.99,475.97
O03725,C486,P04,1,281.99,2026-06-21 18:01:11,281.99,475.97
O03726,C012,P42,2,58.99,2025-04-05 14:49:38,117.98,117.98
O03727,C237,P12,1,100.99,2024-07-26 23:04:21,100.99,306.98
O03727,C237,P03,1,205.99,2024-07-26 23:04:21,205.99,306.98
O03728,C107,P31,2,16.99,2024-12-15 19:02:29,33.98,33.98
O03729,C468,P13,1,114.99,2026-03-01 05:46:04,114.99,258.98
O03729,C468,P44,1,143.99,2026-03-01 05:46:04,143.99,258.98
O03730,C119,P39,1,21.99,2025-09-24 15:24:53,21.99,21.99
O03731,C471,P22,1,194.99,2026-01-10 20:39:09,194.99,194.99
O03732,C246,P04,2,281.99,2024-09-21 05:58:26,563.98,563.98
O03733,C065,P48,1,78.99,2026-03-22 16:14:41,78.99,78.99
O03734,C233,P32,1,24.99,2025-12-25 10:18:39,24.99,182.97
O03734,C233,P48,2,78.99,2025-12-25 10:18:39,157.98,182.97
O03735,C405,P13,1,114.99,2025-11-10 17:59:09,114.99,114.99
O03736,C355,P06,3,402.99,2025-12-19 22:47:47,1208.97,1208.97
O03737,C086,P17,1,22.99,2025-04-24 18:35:03,22.99,417.97
O03737,C086,P27,1,239.99,2025-04-24 18:35:03,239.99,417.97
O03737,C086,P46,1,154.99,2025-04-24 18:35:03,154.99,417.97
O03738,C380,P27,1,239.99,2026-06-07 15:26:00,239.99,915.95
O03738,C380,P45,2,110.99,2026-06-07 15:26:00,221.98,915.95
O03738,C380,P02,2,226.99,2026-06-07 15:26:00,453.98,915.95
O03739,C226,P22,1,194.99,2024-11-10 20:16:58,194.99,595.97
O03739,C226,P12,1,100.99,2024-11-10 20:16:58,100.99,595.97
O03739,C226,P24,1,299.99,2024-11-10 20:16:58,299.99,595.97
O03740,C129,P29,1,199.99,2025-06-07 17:57:34,199.99,199.99
O03741,C357,P30,1,236.99,2026-03-07 08:26:20,236.99,236.99
O03742,C028,P33,1,74.99,2026-06-30 02:09:57,74.99,118.97
O03742,C028,P39,2,21.99,2026-06-30 02:09:57,43.98,118.97
O03743,C280,P09,1,34.99,2025-01-09 12:33:03,34.99,109.98
O03743,C280,P33,1,74.99,2025-01-09 12:33:03,74.99,109.98
O03744,C206,P17,1,22.99,2025-11-22 02:45:41,22.99,123.98
O03744,C206,P08,1,100.99,2025-11-22 02:45:41,100.99,123.98
O03745,C101,P22,1,194.99,2026-03-05 02:41:33,194.99,220.98
O03745,C101,P25,1,25.99,2026-03-05 02:41:33,25.99,220.98
O03746,C407,P20,3,96.99,2026-01-11 22:53:41,290.97,290.97
O03747,C497,P38,1,38.99,2026-06-14 11:40:04,38.99,38.99
O03748,C460,P09,1,34.99,2024-11-07 05:48:48,34.99,526.96
O03748,C460,P36,1,47.99,2024-11-07 05:48:48,47.99,526.96
O03748,C460,P44,1,143.99,2024-11-07 05:48:48,143.99,526.96
O03748,C460,P24,1,299.99,2024-11-07 05:48:48,299.99,526.96
O03749,C205,P40,1,10.99,2025-12-29 02:36:38,10.99,10.99
O03750,C134,P08,1,100.99,2025-08-25 16:28:00,100.99,463.97
O03750,C134,P31,1,16.99,2025-08-25 16:28:00,16.99,463.97
O03750,C134,P01,1,345.99,2025-08-25 16:28:00,345.99,463.97
O03751,C249,P30,1,236.99,2026-03-11 03:23:10,236.99,236.99
O03752,C371,P15,1,18.99,2026-06-06 15:52:18,18.99,18.99
O03753,C500,P29,1,199.99,2026-02-06 11:46:28,199.99,421.97
O03753,C500,P45,2,110.99,2026-02-06 11:46:28,221.98,421.97
O03754,C212,P37,2,42.99,2024-09-19 01:20:04,85.98,85.98
O03755,C027,P48,1,78.99,2025-11-17 01:52:06,78.99,78.99
O03756,C372,P19,1,113.99,2024-11-25 11:03:09,113.99,113.99
O03757,C084,P12,1,100.99,2025-11-21 20:14:45,100.99,718.96
O03757,C084,P03,3,205.99,2025-11-21 20:14:45,617.97,718.96
O03758,C089,P31,1,16.99,2025-10-23 15:23:57,16.99,16.99
O03759,C355,P28,2,198.99,2025-12-17 10:40:14,397.98,1010.94
O03759,C355,P21,3,196.99,2025-12-17 10:40:14,590.97,1010.94
O03759,C355,P39,1,21.99,2025-12-17 10:40:14,21.99,1010.94
O03760,C131,P44,1,143.99,2026-02-01 05:22:09,143.99,143.99
O03761,C391,P06,1,402.99,2025-12-23 21:41:10,402.99,402.99
O03762,C058,P44,2,143.99,2025-02-17 23:13:28,287.98,287.98
O03763,C048,P40,2,10.99,2026-04-05 06:15:29,21.98,232.96
O03763,C048,P50,1,191.99,2026-04-05 06:15:29,191.99,232.96
O03763,C048,P15,1,18.99,2026-04-05 06:15:29,18.99,232.96
O03764,C203,P08,1,100.99,2025-12-12 21:38:28,100.99,100.99
O03765,C462,P32,1,24.99,2025-10-13 00:53:33,24.99,24.99
O03766,C414,P24,1,299.99,2026-03-25 09:38:42,299.99,299.99
O03767,C316,P38,1,38.99,2025-12-06 16:32:05,38.99,38.99
O03768,C264,P48,1,78.99,2024-08-26 10:32:25,78.99,78.99
O03769,C183,P37,1,42.99,2025-05-15 08:21:01,42.99,90.98
O03769,C183,P36,1,47.99,2025-05-15 08:21:01,47.99,90.98
O03770,C192,P07,1,366.99,2025-12-20 10:09:28,366.99,568.97
O03770,C192,P08,2,100.99,2025-12-20 10:09:28,201.98,568.97
O03772,C343,P05,1,429.99,2026-07-04 10:38:14,429.99,666.97
O03772,C343,P16,1,30.99,2026-07-04 10:38:14,30.99,666.97
O03772,C343,P23,1,205.99,2026-07-04 10:38:14,205.99,666.97
O03773,C108,P42,1,58.99,2024-08-21 15:59:46,58.99,148.97
O03773,C108,P18,2,44.99,2024-08-21 21:29:46,89.98,148.97
O03774,C005,P27,1,239.99,2026-03-15 01:56:09,239.99,239.99
O03775,C178,P22,2,194.99,2025-10-19 15:42:59,389.98,389.98
O03776,C152,P31,2,16.99,2025-08-17 05:52:36,33.98,81.97
O03776,C152,P36,1,47.99,2025-08-17 05:52:36,47.99,81.97
O03777,C073,P47,1,41.99,2026-06-07 09:30:43,41.99,41.99
O03778,C229,P30,1,236.99,2025-01-07 00:18:11,236.99,603.98
O03778,C229,P07,1,366.99,2025-01-07 00:18:11,366.99,603.98
O03779,C130,P30,1,236.99,2025-11-20 05:05:16,236.99,236.99
O03780,C173,P12,1,100.99,2025-08-07 08:22:51,100.99,100.99
O03781,C443,P42,1,58.99,2026-06-14 13:39:58,58.99,91.96
O03781,C443,P40,3,10.99,2026-06-14 13:39:58,32.97,91.96
O03782,C269,P33,1,74.99,2025-05-31 15:21:18,74.99,74.99
O03783,C232,P40,2,10.99,2025-12-18 02:15:17,21.98,21.98
O03784,C070,P01,1,345.99,2025-12-04 18:44:13,345.99,345.99
O03785,C493,P05,3,429.99,2026-02-08 05:44:29,1289.97,1289.97
O03786,C298,P02,1,226.99,2024-11-30 12:57:15,226.99,327.98
O03786,C298,P08,1,100.99,2024-11-30 12:57:15,100.99,327.98
O03787,C271,P47,1,41.99,2024-12-28 09:30:38,41.99,41.99
O03788,C179,P26,1,87.99,2025-04-11 02:23:26,87.99,122.98
O03788,C179,P09,1,34.99,2025-04-10 20:53:26,34.99,122.98
O03789,C123,P27,1,239.99,2026-03-07 01:51:29,239.99,239.99
O03790,C130,P09,1,34.99,2025-07-22 10:14:06,34.99,34.99
O03791,C231,P29,2,199.99,2025-11-02 09:15:15,399.98,399.98
O03792,C091,P05,1,429.99,2026-01-11 20:45:48,429.99,727.97
O03792,C091,P35,1,57.99,2026-01-11 20:45:48,57.99,727.97
O03792,C091,P27,1,239.99,2026-01-11 20:45:48,239.99,727.97
O03793,C447,P07,1,366.99,2026-05-24 13:12:55,366.99,366.99
O03794,C040,P12,2,100.99,2024-11-30 22:00:31,201.98,249.97
O03794,C040,P36,1,47.99,2024-11-30 22:00:31,47.99,249.97
O03795,C409,P20,1,96.99,2025-02-20 12:26:04,96.99,96.99
O03796,C442,P28,1,198.99,2026-01-17 16:25:24,198.99,198.99
O03797,C427,P36,1,47.99,2025-11-14 16:59:01,47.99,47.99
O03798,C091,P46,1,154.99,2025-02-08 02:10:58,154.99,212.98
O03798,C091,P35,1,57.99,2025-02-08 02:10:58,57.99,212.98
O03800,C275,P19,2,113.99,2025-07-06 05:44:53,227.98,427.97
O03800,C275,P29,1,199.99,2025-07-06 05:44:53,199.99,427.97
O03801,C023,P40,1,10.99,2024-12-12 21:14:53,10.99,126.97
O03801,C023,P35,2,57.99,2024-12-12 21:14:53,115.98,126.97
O03802,C047,P02,1,226.99,2025-12-30 05:13:47,226.99,226.99
O03803,C222,P29,2,199.99,2026-05-16 16:27:18,399.98,399.98
O03804,C384,P45,1,110.99,2025-07-02 12:08:27,110.99,441.97
O03804,C384,P43,1,138.99,2025-07-02 12:08:27,138.99,441.97
O03804,C384,P50,1,191.99,2025-07-02 12:08:27,191.99,441.97
O03805,C379,P33,3,74.99,2025-11-21 00:46:15,224.97,224.97
O03806,C248,P06,2,402.99,2025-05-19 07:53:17,805.98,805.98
O03807,C004,P18,1,44.99,2025-04-11 21:34:14,44.99,862.95
O03807,C004,P41,1,199.99,2025-04-11 21:34:14,199.99,862.95
O03807,C004,P23,3,205.99,2025-04-11 21:34:14,617.97,862.95
O03808,C326,P12,1,100.99,2025-12-11 15:15:21,100.99,274.97
O03808,C326,P13,1,114.99,2025-12-11 15:15:21,114.99,274.97
O03808,C326,P42,1,58.99,2025-12-11 15:15:21,58.99,274.97
O03809,C256,P22,1,194.99,2025-11-06 01:03:16,194.99,194.99
O03810,C362,P15,1,18.99,2026-01-07 06:03:08,18.99,97.98
O03810,C362,P48,1,78.99,2026-01-07 06:03:08,78.99,97.98
O03811,C088,P46,1,154.99,2025-08-21 14:59:58,154.99,154.99
O03812,C131,P19,2,113.99,2024-08-11 23:09:21,227.98,227.98
O03813,C267,P29,1,199.99,2025-10-08 22:43:14,199.99,701.96
O03813,C267,P30,1,236.99,2025-10-08 22:43:14,236.99,701.96
O03813,C267,P42,1,58.99,2025-10-08 22:43:14,58.99,701.96
O03813,C267,P03,1,205.99,2025-10-08 22:43:14,205.99,701.96
O03814,C438,P19,1,113.99,2026-06-19 11:50:37,113.99,113.99
O03816,C495,P43,1,138.99,2025-12-31 21:59:57,138.99,138.99
O03817,C383,P05,1,429.99,2025-09-27 05:45:11,429.99,540.98
O03817,C383,P45,1,110.99,2025-09-27 05:45:11,110.99,540.98
O03818,C170,P01,1,345.99,2025-02-20 14:58:44,345.99,345.99
O03819,C217,P21,1,196.99,2026-03-28 07:43:39,196.99,196.99
O03820,C304,P32,1,24.99,2025-12-28 08:10:26,24.99,24.99
O03821,C326,P46,1,154.99,2025-10-14 10:13:03,154.99,154.99
O03822,C441,P16,2,30.99,2026-06-14 18:32:01,61.98,103.97
O03822,C441,P47,1,41.99,2026-06-14 18:32:01,41.99,103.97
O03823,C444,P28,1,198.99,2026-04-07 04:34:14,198.99,198.99
O03824,C028,P44,1,143.99,2025-01-22 17:49:04,143.99,143.99
O03825,C060,P13,1,114.99,2025-03-04 06:13:29,114.99,114.99
O03826,C235,P33,1,74.99,2024-07-24 20:41:28,74.99,74.99
O03827,C037,P40,1,10.99,2026-07-04 12:23:38,10.99,10.99
O03828,C357,P32,1,24.99,2026-06-02 21:57:18,24.99,24.99
O03829,C176,P21,1,196.99,2025-10-15 11:23:01,196.99,286.97
O03829,C176,P42,1,58.99,2025-10-15 11:23:01,58.99,286.97
O03829,C176,P16,1,30.99,2025-10-15 11:23:01,30.99,286.97
O03830,C324,P19,2,113.99,2026-02-11 03:19:32,227.98,227.98
O03831,C287,P48,2,78.99,2024-12-05 11:10:44,157.98,157.98
O03832,C460,P34,3,53.99,2025-03-22 01:29:57,161.97,220.96
O03832,C460,P42,1,58.99,2025-03-22 01:29:57,58.99,220.96
O03833,C389,P40,1,10.99,2025-05-12 20:20:06,10.99,520.96
O03833,C389,P41,1,199.99,2025-05-12 20:20:06,199.99,520.96
O03833,C389,P46,2,154.99,2025-05-12 20:20:06,309.98,520.96
O03834,C252,P14,1,70.99,2024-12-31 09:20:09,70.99,70.99
O03835,C414,P17,1,22.99,2026-01-18 15:40:24,22.99,259.98
O03835,C414,P30,1,236.99,2026-01-18 15:40:24,236.99,259.98
O03836,C397,P24,1,299.99,2026-05-17 09:03:12,299.99,618.96
O03836,C397,P44,2,143.99,2026-05-17 09:03:12,287.98,618.96
O03836,C397,P16,1,30.99,2026-05-17 09:03:12,30.99,618.96
O03837,C378,P38,3,38.99,2026-07-02 09:00:47,116.97,231.96
O03837,C378,P13,1,114.99,2026-07-02 09:00:47,114.99,231.96
O03838,C149,P46,1,154.99,2025-11-06 00:36:16,154.99,154.99
O03839,C283,P23,1,205.99,2026-04-06 11:45:53,205.99,222.98
O03839,C283,P31,1,16.99,2026-04-06 11:45:53,16.99,222.98
O03840,C032,P17,1,22.99,2025-11-29 09:59:52,22.99,22.99
O03841,C410,P27,1,239.99,2026-05-27 07:57:09,239.99,239.99
O03843,C374,P31,1,16.99,2026-06-27 08:51:32,16.99,446.98
O03843,C374,P05,1,429.99,2026-06-27 08:51:32,429.99,446.98
O03844,C352,P35,1,57.99,2025-12-09 22:11:57,57.99,57.99
O03845,C096,P08,1,100.99,2025-06-29 09:52:08,100.99,100.99
O03846,C396,P33,3,74.99,2025-11-10 02:56:44,224.97,627.96
O03846,C396,P06,1,402.99,2025-11-10 02:56:44,402.99,627.96
O03847,C149,P34,2,53.99,2025-09-27 09:35:02,107.98,107.98
O03848,C026,P25,1,25.99,2025-08-25 20:33:45,25.99,25.99
O03849,C155,P07,2,366.99,2026-01-12 05:12:07,733.98,920.96
O03849,C155,P44,1,143.99,2026-01-12 05:12:07,143.99,920.96
O03849,C155,P37,1,42.99,2026-01-12 05:12:07,42.99,920.96
O03850,C344,P45,1,110.99,2025-01-09 10:25:35,110.99,252.97
O03850,C344,P14,2,70.99,2025-01-09 10:25:35,141.98,252.97
O03851,C120,P20,3,96.99,2025-12-19 20:25:31,290.97,290.97
O03852,C365,P42,1,58.99,2026-04-25 02:58:30,58.99,58.99
O03853,C281,P49,1,77.99,2026-04-07 02:39:07,77.99,208.97
O03853,C281,P31,1,16.99,2026-04-07 02:39:07,16.99,208.97
O03853,C281,P19,1,113.99,2026-04-07 02:39:07,113.99,208.97
O03854,C123,P16,1,30.99,2025-12-05 05:01:48,30.99,121.96
O03854,C123,P18,1,44.99,2025-12-05 05:01:48,44.99,121.96
O03854,C123,P17,2,22.99,2025-12-05 05:01:48,45.98,121.96
O03855,C040,P04,1,281.99,2024-12-16 16:30:49,281.99,281.99
O03856,C254,P42,1,58.99,2025-05-24 22:09:22,58.99,295.98
O03856,C254,P30,1,236.99,2025-05-24 22:09:22,236.99,295.98
O03857,C194,P13,1,114.99,2025-12-17 06:07:25,114.99,114.99
O03858,C492,P43,3,138.99,2026-01-09 23:04:05,416.97,495.96
O03858,C492,P48,1,78.99,2026-01-09 23:04:05,78.99,495.96
O03859,C395,P49,2,77.99,2026-05-11 14:54:01,155.98,261.94
O03859,C395,P37,1,42.99,2026-05-11 14:54:01,42.99,261.94
O03859,C395,P40,1,10.99,2026-05-11 14:54:01,10.99,261.94
O03859,C395,P25,2,25.99,2026-05-11 14:54:01,51.98,261.94
O03860,C012,P39,2,21.99,2024-07-17 19:38:17,43.98,43.98
O03861,C496,P09,1,34.99,2025-12-13 16:08:15,34.99,257.97
O03861,C496,P50,1,191.99,2025-12-13 21:38:15,191.99,257.97
O03861,C496,P16,1,30.99,2025-12-13 21:38:15,30.99,257.97
O03862,C056,P02,1,226.99,2025-12-12 10:33:52,226.99,226.99
O03863,C444,P13,1,114.99,2026-06-04 08:41:03,114.99,145.98
O03863,C444,P16,1,30.99,2026-06-04 08:41:03,30.99,145.98
O03864,C433,P32,1,24.99,2026-01-21 06:51:56,24.99,138.98
O03864,C433,P19,1,113.99,2026-01-21 12:21:56,113.99,138.98
O03865,C356,P16,1,30.99,2025-12-14 06:39:56,30.99,267.98
O03865,C356,P30,1,236.99,2025-12-14 06:39:56,236.99,267.98
O03866,C431,P21,1,196.99,2025-12-19 05:09:33,196.99,476.96
O03866,C431,P35,1,57.99,2025-12-19 05:09:33,57.99,476.96
O03866,C431,P45,2,110.99,2025-12-19 05:09:33,221.98,476.96
O03867,C381,P50,1,191.99,2025-11-16 10:55:07,191.99,191.99
O03868,C295,P11,1,91.99,2026-05-25 00:13:58,91.99,91.99
O03869,C121,P46,1,154.99,2025-05-01 17:35:58,154.99,154.99
O03870,C203,P35,1,57.99,2026-03-16 20:12:09,57.99,513.96
O03870,C203,P02,1,226.99,2026-03-16 20:12:09,226.99,513.96
O03870,C203,P03,1,205.99,2026-03-16 20:12:09,205.99,513.96
O03870,C203,P17,1,22.99,2026-03-16 20:12:09,22.99,513.96
O03871,C212,P46,1,154.99,2025-04-24 08:33:00,154.99,199.98
O03871,C212,P18,1,44.99,2025-04-24 08:33:27,44.99,199.98
O03872,C393,P22,1,194.99,2025-10-25 01:25:14,194.99,194.99
O03873,C087,P23,1,205.99,2025-09-12 15:25:02,205.99,205.99
O03874,C003,P06,1,402.99,2025-07-17 03:47:49,402.99,402.99
O03875,C092,P25,2,25.99,2025-08-15 22:19:45,51.98,51.98
O03876,C038,P02,2,226.99,2025-04-18 12:07:06,453.98,453.98
O03877,C450,P48,1,78.99,2025-11-02 02:33:38,78.99,78.99
O03878,C401,P23,2,205.99,2026-04-03 10:45:40,411.98,411.98
O03879,C090,P17,3,22.99,2025-12-12 16:15:24,68.97,644.94
O03879,C090,P50,3,191.99,2025-12-12 16:15:24,575.97,644.94
O03880,C256,P44,1,143.99,2025-05-22 08:51:01,143.99,143.99
O03881,C352,P27,1,239.99,2025-07-23 10:54:36,239.99,239.99
O03882,C015,P27,1,239.99,2024-07-13 00:54:05,239.99,239.99
O03883,C071,P38,1,38.99,2024-11-09 04:14:33,38.99,38.99
O03884,C137,P50,2,191.99,2025-11-22 22:06:41,383.98,662.96
O03884,C137,P29,1,199.99,2025-11-22 22:06:41,199.99,662.96
O03884,C137,P48,1,78.99,2025-11-22 22:06:41,78.99,662.96
O03885,C119,P38,1,38.99,2025-08-06 21:50:55,38.99,38.99
O03886,C348,P02,1,226.99,2026-05-31 00:50:37,226.99,226.99
O03887,C310,P03,1,205.99,2025-12-09 13:43:58,205.99,364.97
O03887,C310,P35,1,57.99,2025-12-09 13:43:58,57.99,364.97
O03887,C310,P08,1,100.99,2025-12-09 13:43:58,100.99,364.97
O03888,C133,P41,1,199.99,2026-02-24 00:15:17,199.99,341.95
O03888,C133,P17,2,22.99,2026-02-24 00:15:17,45.98,341.95
O03888,C133,P36,2,47.99,2026-02-24 00:15:17,95.98,341.95
O03889,C417,P32,2,24.99,2026-02-21 00:44:26,49.98,49.98
O03890,C170,P20,1,96.99,2025-11-30 18:21:56,96.99,197.98
O03890,C170,P12,1,100.99,2025-11-30 18:21:56,100.99,197.98
O03891,C146,P09,1,34.99,2025-10-17 12:27:36,34.99,34.99
O03892,C380,P23,1,205.99,2026-05-06 15:53:44,205.99,404.98
O03892,C380,P28,1,198.99,2026-05-06 15:53:44,198.99,404.98
O03893,C257,P48,3,78.99,2024-07-12 00:07:26,236.97,880.94
O03893,C257,P46,1,154.99,2024-07-12 00:07:26,154.99,880.94
O03893,C257,P05,1,429.99,2024-07-12 00:07:26,429.99,880.94
O03893,C257,P42,1,58.99,2024-07-12 00:07:26,58.99,880.94
O03894,C401,P44,1,143.99,2026-03-27 10:37:11,143.99,143.99
O03895,C210,P18,2,44.99,2025-11-30 17:14:52,89.98,89.98
O03896,C264,P03,1,205.99,2025-10-11 22:05:43,205.99,1493.95
O03896,C264,P04,1,281.99,2025-10-11 22:05:43,281.99,1493.95
O03896,C264,P06,2,402.99,2025-10-11 22:05:43,805.98,1493.95
O03896,C264,P29,1,199.99,2025-10-11 22:05:43,199.99,1493.95
O03897,C365,P05,1,429.99,2025-12-16 20:41:21,429.99,429.99
O03898,C123,P37,1,42.99,2024-08-11 08:55:49,42.99,235.96
O03898,C123,P20,1,96.99,2024-08-11 08:55:49,96.99,235.96
O03898,C123,P36,2,47.99,2024-08-11 08:55:49,95.98,235.96
O03899,C089,P21,1,196.99,2025-10-28 20:54:56,196.99,763.96
O03899,C089,P46,1,154.99,2025-10-28 20:54:56,154.99,763.96
O03899,C089,P23,2,205.99,2025-10-28 20:54:56,411.98,763.96
O03900,C457,P35,1,57.99,2025-11-28 20:13:30,57.99,57.99
O03901,C366,P36,1,47.99,2025-09-04 12:42:31,47.99,148.98
O03901,C366,P08,1,100.99,2025-09-04 12:42:31,100.99,148.98
O03902,C071,P46,1,154.99,2025-04-18 10:24:17,154.99,171.98
O03902,C071,P31,1,16.99,2025-04-18 10:24:17,16.99,171.98
O03903,C266,P30,2,236.99,2025-08-30 23:46:04,473.98,823.96
O03903,C266,P03,1,205.99,2025-08-30 23:46:04,205.99,823.96
O03903,C266,P44,1,143.99,2025-08-30 23:46:04,143.99,823.96
O03904,C478,P08,1,100.99,2026-01-20 00:31:46,100.99,340.98
O03904,C478,P27,1,239.99,2026-01-20 00:31:46,239.99,340.98
O03905,C206,P07,3,366.99,2024-12-17 12:45:41,1100.97,1100.97
O03906,C439,P20,1,96.99,2026-04-28 01:48:36,96.99,96.99
O03907,C393,P43,2,138.99,2025-11-30 15:13:46,277.98,505.94
O03907,C393,P34,1,53.99,2025-11-30 15:13:46,53.99,505.94
O03907,C393,P35,3,57.99,2025-11-30 15:13:46,173.97,505.94
O03908,C095,P36,1,47.99,2024-12-11 23:42:30,47.99,283.95
O03908,C095,P44,1,143.99,2024-12-11 23:42:30,143.99,283.95
O03908,C095,P47,1,41.99,2024-12-11 23:42:30,41.99,283.95
O03908,C095,P32,2,24.99,2024-12-11 23:42:30,49.98,283.95
O03909,C324,P11,1,91.99,2026-02-21 07:11:21,91.99,572.97
O03909,C324,P06,1,402.99,2026-02-21 07:11:21,402.99,572.97
O03909,C324,P49,1,77.99,2026-02-21 07:11:21,77.99,572.97
O03910,C282,P38,1,38.99,2026-06-07 05:25:30,38.99,320.98
O03910,C282,P04,1,281.99,2026-06-07 05:25:30,281.99,320.98
O03911,C211,P47,1,41.99,2025-12-06 04:34:27,41.99,41.99
O03912,C282,P27,1,239.99,2026-06-29 18:41:23,239.99,239.99
O03913,C389,P01,1,345.99,2026-03-31 16:08:06,345.99,460.98
O03913,C389,P13,1,114.99,2026-03-31 16:08:06,114.99,460.98
O03914,C005,P29,1,199.99,2026-02-02 23:37:53,199.99,461.96
O03914,C005,P03,1,205.99,2026-02-02 23:37:53,205.99,461.96
O03914,C005,P16,1,30.99,2026-02-02 23:37:53,30.99,461.96
O03914,C005,P32,1,24.99,2026-02-02 23:37:53,24.99,461.96
O03915,C214,P38,1,38.99,2026-04-23 22:48:27,38.99,57.98
O03915,C214,P15,1,18.99,2026-04-23 22:48:27,18.99,57.98
O03916,C431,P33,1,74.99,2026-03-22 22:02:36,74.99,172.96
O03916,C431,P16,1,30.99,2026-03-22 22:02:36,30.99,172.96
O03916,C431,P18,1,44.99,2026-03-22 22:02:36,44.99,172.96
O03916,C431,P39,1,21.99,2026-03-22 22:02:36,21.99,172.96
O03917,C277,P27,1,239.99,2025-11-05 13:59:43,239.99,239.99
O03918,C437,P22,1,194.99,2025-11-08 09:43:55,194.99,194.99
O03919,C227,P06,1,402.99,2024-11-02 15:25:23,402.99,594.98
O03919,C227,P50,1,191.99,2024-11-02 15:25:23,191.99,594.98
O03920,C053,P23,1,205.99,2025-05-17 18:17:31,205.99,205.99
O03921,C471,P49,1,77.99,2026-05-12 06:19:21,77.99,170.98
O03921,C471,P10,1,92.99,2026-05-12 06:19:21,92.99,170.98
O03922,C092,P48,1,78.99,2025-02-04 07:03:13,78.99,78.99
O03923,C488,P29,1,199.99,2026-06-02 11:10:59,199.99,199.99
O03924,C006,P30,1,236.99,2025-10-16 22:48:02,236.99,529.96
O03924,C006,P49,1,77.99,2025-10-16 22:48:02,77.99,529.96
O03924,C006,P50,1,191.99,2025-10-16 22:48:02,191.99,529.96
O03924,C006,P17,1,22.99,2025-10-16 22:48:02,22.99,529.96
O03925,C222,P26,1,87.99,2025-07-19 04:41:09,87.99,87.99
O03926,C189,P49,1,77.99,2024-10-24 10:45:35,77.99,77.99
O03927,C304,P14,1,70.99,2026-06-26 01:46:51,70.99,70.99
O03928,C474,P32,1,24.99,2026-01-20 19:59:13,24.99,24.99
O03929,C112,P45,1,110.99,2026-06-29 04:09:34,110.99,290.97
O03929,C112,P26,1,87.99,2026-06-29 04:09:34,87.99,290.97
O03929,C112,P11,1,91.99,2026-06-29 04:09:34,91.99,290.97
O03930,C072,P22,1,194.99,2026-04-01 07:31:43,194.99,194.99
O03931,C107,P50,1,191.99,2024-10-06 07:51:14,191.99,275.97
O03931,C107,P47,2,41.99,2024-10-06 07:51:14,83.98,275.97
O03932,C004,P17,1,22.99,2025-08-14 18:19:09,22.99,228.98
O03932,C004,P03,1,205.99,2025-08-14 18:19:09,205.99,228.98
O03933,C137,P08,1,100.99,2024-11-25 07:56:48,100.99,100.99
O03934,C276,P26,1,87.99,2026-03-25 16:13:34,87.99,87.99
O03935,C496,P41,1,199.99,2025-10-16 11:41:31,199.99,590.97
O03935,C496,P01,1,345.99,2025-10-16 11:41:31,345.99,590.97
O03935,C496,P18,1,44.99,2025-10-16 11:41:31,44.99,590.97
O03936,C411,P44,2,143.99,2026-03-17 20:23:48,287.98,405.96
O03936,C411,P08,1,100.99,2026-03-17 20:23:48,100.99,405.96
O03936,C411,P31,1,16.99,2026-03-17 20:23:48,16.99,405.96
O03937,C009,P46,1,154.99,2026-03-30 20:40:24,154.99,154.99
O03938,C155,P43,1,138.99,2025-12-06 22:09:06,138.99,138.99
O03939,C406,P02,1,226.99,2024-12-04 19:42:10,226.99,226.99
O03940,C366,P39,1,21.99,2025-04-25 14:12:41,21.99,628.95
O03940,C366,P28,1,198.99,2025-04-25 14:12:41,198.99,628.95
O03940,C366,P34,2,53.99,2025-04-25 14:12:41,107.98,628.95
O03940,C366,P24,1,299.99,2025-04-25 14:12:41,299.99,628.95
O03942,C345,P24,1,299.99,2025-12-17 06:43:13,299.99,299.99
O03943,C085,P44,2,143.99,2024-09-29 16:23:48,287.98,527.97
O03943,C085,P27,1,239.99,2024-09-29 16:23:48,239.99,527.97
O03944,C400,P01,1,345.99,2025-09-06 21:46:01,345.99,345.99
O03945,C223,P43,1,138.99,2026-03-15 23:41:33,138.99,138.99
O03946,C207,P06,2,402.99,2025-11-07 07:19:31,805.98,805.98
O03947,C425,P36,1,47.99,2025-11-28 21:34:27,47.99,47.99
O03948,C371,P12,1,100.99,2025-12-14 23:00:14,100.99,197.98
O03948,C371,P20,1,96.99,2025-12-14 23:00:14,96.99,197.98
O03949,C087,P16,1,30.99,2024-11-09 10:22:36,30.99,174.98
O03949,C087,P44,1,143.99,2024-11-09 10:22:36,143.99,174.98
O03950,C347,P22,2,194.99,2026-06-30 07:38:38,389.98,389.98
O03951,C148,P48,1,78.99,2024-07-11 17:36:22,78.99,78.99
O03952,C186,P31,1,16.99,2025-05-07 21:41:23,16.99,16.99
O03953,C252,P02,1,226.99,2024-12-02 01:09:47,226.99,690.95
O03953,C252,P43,2,138.99,2024-12-02 01:09:47,277.98,690.95
O03953,C252,P10,2,92.99,2024-12-02 01:09:47,185.98,690.95
O03954,C195,P23,1,205.99,2025-11-16 07:43:47,205.99,449.96
O03954,C195,P48,1,78.99,2025-11-16 07:43:47,78.99,449.96
O03954,C195,P25,1,25.99,2025-11-16 07:43:47,25.99,449.96
O03954,C195,P43,1,138.99,2025-11-16 07:43:47,138.99,449.96
O03955,C485,P37,1,42.99,2025-12-21 09:58:32,42.99,42.99
O03956,C034,P08,1,100.99,2025-04-28 12:00:51,100.99,100.99
O03957,C006,P47,1,41.99,2025-01-05 16:27:25,41.99,41.99
O03958,C440,P29,2,199.99,2026-06-07 13:19:19,399.98,639.96
O03958,C440,P50,1,191.99,2026-06-07 13:19:19,191.99,639.96
O03958,C440,P36,1,47.99,2026-06-07 13:19:19,47.99,639.96
O03959,C241,P06,1,402.99,2025-07-18 19:23:40,402.99,618.97
O03959,C241,P31,1,16.99,2025-07-18 19:23:40,16.99,618.97
O03959,C241,P28,1,198.99,2025-07-18 19:23:40,198.99,618.97
O03960,C012,P50,1,191.99,2025-10-04 15:06:58,191.99,191.99
O03961,C339,P49,1,77.99,2025-11-22 17:06:00,77.99,77.99
O03962,C127,P17,1,22.99,2025-12-02 13:27:36,22.99,143.96
O03962,C127,P32,2,24.99,2025-12-02 13:27:36,49.98,143.96
O03962,C127,P14,1,70.99,2025-12-02 13:27:36,70.99,143.96
O03963,C394,P46,1,154.99,2025-12-21 01:47:49,154.99,548.97
O03963,C394,P21,2,196.99,2025-12-21 01:47:49,393.98,548.97
O03964,C016,P06,1,402.99,2025-11-11 12:27:22,402.99,565.97
O03964,C016,P36,1,47.99,2025-11-11 12:27:22,47.99,565.97
O03964,C016,P13,1,114.99,2025-11-11 12:27:22,114.99,565.97
O03965,C231,P33,3,74.99,2025-05-13 18:33:59,224.97,255.96
O03965,C231,P16,1,30.99,2025-05-13 18:33:59,30.99,255.96
O03966,C418,P21,1,196.99,2025-09-27 01:38:52,196.99,196.99
O03967,C258,P16,1,30.99,2024-08-10 05:47:20,30.99,30.99
O03968,C441,P26,1,87.99,2025-12-21 18:53:43,87.99,87.99
O03969,C488,P15,1,18.99,2026-03-02 08:59:14,18.99,18.99
O03970,C271,P07,1,366.99,2025-04-10 10:11:07,366.99,366.99
O03971,C200,P34,1,53.99,2024-08-03 07:32:28,53.99,53.99
O03972,C108,P28,1,198.99,2025-01-31 09:26:39,198.99,198.99
O03973,C154,P29,1,199.99,2025-09-23 01:13:30,199.99,199.99
O03974,C221,P06,1,402.99,2025-12-09 18:07:42,402.99,601.98
O03974,C221,P28,1,198.99,2025-12-09 18:07:42,198.99,601.98
O03975,C416,P26,3,87.99,2025-10-29 07:46:36,263.97,571.95
O03975,C416,P45,1,110.99,2025-10-29 07:46:36,110.99,571.95
O03975,C416,P21,1,196.99,2025-10-29 07:46:36,196.99,571.95
O03976,C258,P41,1,199.99,2025-11-30 22:04:40,199.99,405.98
O03976,C258,P03,1,205.99,2025-11-30 22:04:40,205.99,405.98
O03977,C063,P09,1,34.99,2025-01-16 19:14:13,34.99,34.99
O03978,C213,P15,1,18.99,2025-12-01 21:25:00,18.99,18.99
O03979,C162,P31,1,16.99,2025-12-14 00:10:37,16.99,16.99
O03980,C266,P23,2,205.99,2024-07-14 00:04:00,411.98,1015.96
O03980,C266,P30,1,236.99,2024-07-14 00:04:11,236.99,1015.96
O03980,C266,P07,1,366.99,2024-07-14 00:04:11,366.99,1015.96
O03981,C029,P37,1,42.99,2025-03-22 20:51:05,42.99,42.99
O03982,C468,P22,1,194.99,2026-04-11 23:23:02,194.99,338.97
O03982,C468,P08,1,100.99,2026-04-11 23:23:02,100.99,338.97
O03982,C468,P37,1,42.99,2026-04-11 23:23:00,42.99,338.97
O03983,C114,P33,1,74.99,2026-02-03 18:26:34,74.99,74.99
O03984,C339,P20,1,96.99,2025-12-14 15:00:34,96.99,96.99
O03985,C076,P36,2,47.99,2025-10-03 06:45:10,95.98,250.97
O03985,C076,P46,1,154.99,2025-10-03 06:45:10,154.99,250.97
O03986,C188,P10,2,92.99,2024-07-20 22:06:38,185.98,185.98
O03987,C113,P37,1,42.99,2024-11-29 04:04:48,42.99,42.99
O03988,C493,P17,1,22.99,2025-11-08 18:55:55,22.99,434.97
O03988,C493,P03,2,205.99,2025-11-08 18:55:55,411.98,434.97
O03989,C424,P32,1,24.99,2025-02-09 21:04:59,24.99,378.97
O03989,C424,P24,1,299.99,2025-02-09 21:04:59,299.99,378.97
O03989,C424,P34,1,53.99,2025-02-09 21:04:59,53.99,378.97
O03990,C131,P12,2,100.99,2025-08-11 12:25:06,201.98,201.98
O03991,C404,P04,1,281.99,2026-06-15 04:46:02,281.99,307.98
O03991,C404,P25,1,25.99,2026-06-15 04:46:02,25.99,307.98
O03992,C483,P08,1,100.99,2026-02-07 10:31:43,100.99,100.99
O03993,C221,P08,1,100.99,2024-08-17 20:04:34,100.99,100.99
O03994,C068,P44,1,143.99,2026-03-03 22:41:49,143.99,143.99
O03995,C312,P38,2,38.99,2026-05-06 06:03:11,77.98,77.98
O03996,C261,P28,1,198.99,2025-12-21 18:46:58,198.99,198.99
O03997,C114,P28,1,198.99,2024-10-18 09:52:42,198.99,198.99
O03998,C353,P02,2,226.99,2025-12-27 19:54:52,453.98,453.98
O03999,C361,P36,1,47.99,2025-05-31 03:36:48,47.99,47.99
O04000,C148,P49,1,77.99,2025-02-26 11:10:05,77.99,77.99
O04001,C112,P18,1,44.99,2025-12-30 00:33:07,44.99,44.99
O04002,C483,P48,1,78.99,2026-05-17 17:49:00,78.99,78.99
O04004,C283,P18,1,44.99,2026-02-10 08:27:36,44.99,44.99
O04005,C181,P48,1,78.99,2024-08-01 12:00:37,78.99,468.97
O04005,C181,P22,2,194.99,2024-08-01 12:00:37,389.98,468.97
O04006,C018,P26,1,87.99,2025-04-18 04:44:29,87.99,87.99
O04007,C286,P23,1,205.99,2024-12-03 19:40:34,205.99,307.97
O04007,C286,P37,1,42.99,2024-12-03 19:40:34,42.99,307.97
O04007,C286,P42,1,58.99,2024-12-03 19:40:34,58.99,307.97
O04008,C141,P19,1,113.99,2024-09-14 04:42:39,113.99,135.97
O04008,C141,P40,2,10.99,2024-09-14 04:42:39,21.98,135.97
O04009,C334,P44,1,143.99,2025-09-02 13:11:20,143.99,421.97
O04009,C334,P49,1,77.99,2025-09-02 13:11:20,77.99,421.97
O04009,C334,P41,1,199.99,2025-09-02 13:11:20,199.99,421.97
O04010,C310,P07,1,366.99,2025-05-06 19:51:22,366.99,366.99
O04011,C439,P26,1,87.99,2026-07-02 15:08:33,87.99,319.96
O04011,C439,P08,1,100.99,2026-07-02 15:08:00,100.99,319.96
O04011,C439,P31,1,16.99,2026-07-02 15:08:33,16.99,319.96
O04011,C439,P19,1,113.99,2026-07-02 15:08:33,113.99,319.96
O04012,C008,P29,1,199.99,2024-11-02 21:24:00,199.99,225.98
O04012,C008,P25,1,25.99,2024-11-02 21:24:08,25.99,225.98
O04013,C199,P50,1,191.99,2024-11-03 23:34:25,191.99,191.99
O04014,C306,P39,1,21.99,2025-11-18 08:51:25,21.99,365.97
O04014,C306,P41,1,199.99,2025-11-18 08:51:25,199.99,365.97
O04014,C306,P44,1,143.99,2025-11-18 08:51:25,143.99,365.97
O04015,C190,P19,1,113.99,2025-03-16 15:47:31,113.99,503.96
O04015,C190,P03,1,205.99,2025-03-16 15:47:31,205.99,503.96
O04015,C190,P11,2,91.99,2025-03-16 15:47:31,183.98,503.96
O04016,C488,P18,1,44.99,2025-11-15 02:45:09,44.99,44.99
O04017,C104,P03,1,205.99,2025-02-09 10:52:47,205.99,205.99
O04018,C165,P25,2,25.99,2025-12-13 16:53:39,51.98,51.98
O04019,C232,P10,1,92.99,2024-11-18 11:54:00,92.99,92.99
O04020,C185,P13,1,114.99,2026-04-12 07:21:12,114.99,156.98
O04020,C185,P47,1,41.99,2026-04-12 07:21:12,41.99,156.98
O04021,C471,P19,1,113.99,2026-01-20 10:39:53,113.99,252.98
O04021,C471,P43,1,138.99,2026-01-20 10:39:53,138.99,252.98
O04022,C372,P10,2,92.99,2025-12-06 03:00:38,185.98,185.98
O04023,C297,P07,1,366.99,2024-12-22 08:56:47,366.99,366.99
O04024,C142,P02,1,226.99,2026-04-13 20:51:04,226.99,226.99
O04025,C276,P13,1,114.99,2026-04-30 15:32:14,114.99,114.99
O04026,C326,P45,1,110.99,2025-08-03 15:37:48,110.99,207.98
O04026,C326,P20,1,96.99,2025-08-03 15:37:48,96.99,207.98
O04027,C476,P32,1,24.99,2024-12-03 16:09:14,24.99,24.99
O04028,C290,P42,2,58.99,2026-03-05 23:33:05,117.98,463.97
O04028,C290,P01,1,345.99,2026-03-05 23:33:05,345.99,463.97
O04029,C291,P30,1,236.99,2025-03-20 09:10:26,236.99,236.99
O04030,C316,P24,1,299.99,2025-12-16 13:51:13,299.99,524.96
O04030,C316,P33,3,74.99,2025-12-16 13:51:13,224.97,524.96
O04031,C398,P50,1,191.99,2026-06-22 11:55:08,191.99,191.99
O04032,C258,P32,1,24.99,2025-07-26 17:09:12,24.99,224.98
O04032,C258,P41,1,199.99,2025-07-26 17:09:12,199.99,224.98
O04033,C383,P05,2,429.99,2025-09-07 20:20:12,859.98,859.98
O04034,C497,P22,3,194.99,2026-04-16 17:48:11,584.97,790.96
O04034,C497,P03,1,205.99,2026-04-16 17:48:11,205.99,790.96
O04035,C188,P31,1,16.99,2024-12-07 23:33:11,16.99,108.98
O04035,C188,P11,1,91.99,2024-12-07 23:33:11,91.99,108.98
O04036,C204,P35,1,57.99,2025-06-10 12:58:24,57.99,127.97
O04036,C204,P09,2,34.99,2025-06-10 12:58:24,69.98,127.97
O04037,C154,P47,1,41.99,2025-01-22 22:52:32,41.99,41.99
O04038,C029,P14,2,70.99,2025-10-28 10:13:04,141.98,296.97
O04038,C029,P46,1,154.99,2025-10-28 10:13:04,154.99,296.97
O04039,C310,P26,1,87.99,2025-07-04 11:49:48,87.99,122.98
O04039,C310,P09,1,34.99,2025-07-04 11:49:48,34.99,122.98
O04040,C247,P17,1,22.99,2026-02-11 22:57:05,22.99,22.99
O04041,C326,P19,1,113.99,2026-02-11 00:51:24,113.99,113.99
O04042,C303,P46,1,154.99,2026-06-13 19:24:59,154.99,154.99
O04043,C139,P31,1,16.99,2026-05-04 06:04:38,16.99,383.98
O04043,C139,P07,1,366.99,2026-05-04 06:04:38,366.99,383.98
O04044,C186,P29,1,199.99,2024-12-06 07:56:17,199.99,291.98
O04044,C186,P11,1,91.99,2024-12-06 07:56:17,91.99,291.98
O04045,C240,P41,1,199.99,2024-07-30 00:48:02,199.99,296.98
O04045,C240,P20,1,96.99,2024-07-30 00:48:02,96.99,296.98
O04046,C308,P36,1,47.99,2026-02-27 23:45:34,47.99,202.98
O04046,C308,P46,1,154.99,2026-02-27 23:45:34,154.99,202.98
O04047,C272,P26,1,87.99,2025-07-27 02:53:59,87.99,87.99
O04048,C364,P10,1,92.99,2026-07-05 04:07:23,92.99,117.98
O04048,C364,P32,1,24.99,2026-07-05 04:07:23,24.99,117.98
O04049,C224,P19,1,113.99,2026-06-15 07:32:08,113.99,113.99
O04050,C024,P12,1,100.99,2026-05-24 06:13:07,100.99,100.99
O04051,C309,P01,1,345.99,2025-12-26 17:02:59,345.99,659.97
O04051,C309,P19,1,113.99,2025-12-26 17:02:59,113.99,659.97
O04051,C309,P29,1,199.99,2025-12-26 17:02:59,199.99,659.97
O04052,C483,P30,1,236.99,2026-06-16 16:13:51,236.99,236.99
O04053,C242,P15,1,18.99,2025-12-05 15:16:00,18.99,18.99
O04054,C211,P29,1,199.99,2026-02-28 11:25:00,199.99,199.99
O04055,C368,P12,1,100.99,2025-08-31 17:54:09,100.99,100.99
O04057,C226,P14,1,70.99,2024-11-02 08:45:50,70.99,70.99
O04058,C006,P28,1,198.99,2026-04-11 23:49:23,198.99,241.98
O04058,C006,P37,1,42.99,2026-04-11 23:49:23,42.99,241.98
O04059,C461,P35,1,57.99,2025-05-04 21:25:02,57.99,282.97
O04059,C461,P23,1,205.99,2025-05-04 21:25:02,205.99,282.97
O04059,C461,P15,1,18.99,2025-05-04 21:25:02,18.99,282.97
O04060,C136,P38,1,38.99,2024-11-28 10:33:51,38.99,134.97
O04060,C136,P36,2,47.99,2024-11-28 10:33:51,95.98,134.97
O04061,C337,P17,1,22.99,2025-02-09 13:22:06,22.99,22.99
O04062,C015,P06,1,402.99,2026-03-12 23:15:29,402.99,419.98
O04062,C015,P31,1,16.99,2026-03-12 23:15:29,16.99,419.98
O04063,C287,P34,1,53.99,2025-11-30 07:50:24,53.99,53.99
O04064,C353,P48,1,78.99,2025-12-12 10:37:22,78.99,326.97
O04064,C353,P36,1,47.99,2025-12-12 10:37:22,47.99,326.97
O04064,C353,P41,1,199.99,2025-12-12 10:37:22,199.99,326.97
O04065,C038,P07,1,366.99,2025-10-25 15:36:48,366.99,366.99
O04066,C437,P12,1,100.99,2025-10-12 22:25:21,100.99,125.98
O04066,C437,P32,1,24.99,2025-10-12 22:25:21,24.99,125.98
O04067,C253,P36,1,47.99,2025-06-14 11:36:13,47.99,47.99
O04068,C107,P39,1,21.99,2026-02-03 09:05:31,21.99,21.99
O04069,C178,P20,1,96.99,2024-12-03 17:01:35,96.99,197.98
O04069,C178,P12,1,100.99,2024-12-03 17:01:35,100.99,197.98
O04070,C067,P32,1,24.99,2024-11-23 19:38:00,24.99,200.97
O04070,C067,P26,2,87.99,2024-11-23 19:38:00,175.98,200.97
O04071,C017,P20,1,96.99,2024-09-28 02:14:39,96.99,96.99
O04072,C001,P17,1,22.99,2025-01-11 05:47:12,22.99,22.99
O04073,C081,P01,2,345.99,2025-12-18 08:37:38,691.98,691.98
O04074,C269,P17,1,22.99,2026-05-22 03:51:59,22.99,22.99
O04075,C361,P43,1,138.99,2025-11-09 09:53:40,138.99,628.95
O04075,C361,P39,2,21.99,2025-11-09 09:53:40,43.98,628.95
O04075,C361,P37,1,42.99,2025-11-09 09:53:40,42.99,628.95
O04075,C361,P06,1,402.99,2025-11-09 09:53:40,402.99,628.95
O04077,C093,P12,1,100.99,2026-06-15 18:43:25,100.99,100.99
O04078,C235,P24,1,299.99,2024-11-19 09:14:43,299.99,299.99
O04079,C199,P24,1,299.99,2025-09-05 14:10:57,299.99,299.99
O04080,C241,P29,1,199.99,2024-10-07 20:23:23,199.99,336.96
O04080,C241,P40,2,10.99,2024-10-07 20:23:23,21.98,336.96
O04080,C241,P13,1,114.99,2024-10-07 20:23:23,114.99,336.96
O04081,C061,P30,1,236.99,2024-10-19 10:19:43,236.99,380.98
O04081,C061,P44,1,143.99,2024-10-19 10:19:43,143.99,380.98
O04082,C094,P28,1,198.99,2025-12-07 13:00:52,198.99,903.95
O04082,C094,P33,1,74.99,2025-12-07 13:00:52,74.99,903.95
O04082,C094,P22,2,194.99,2025-12-07 13:00:52,389.98,903.95
O04082,C094,P27,1,239.99,2025-12-07 13:00:52,239.99,903.95
O04083,C216,P44,1,143.99,2025-12-16 01:59:48,143.99,187.97
O04083,C216,P39,2,21.99,2025-12-16 01:59:48,43.98,187.97
O04084,C257,P38,2,38.99,2025-03-16 15:55:53,77.98,518.93
O04084,C257,P19,2,113.99,2025-03-16 15:55:53,227.98,518.93
O04084,C257,P14,3,70.99,2025-03-16 15:55:53,212.97,518.93
O04085,C211,P10,1,92.99,2024-12-22 15:03:10,92.99,92.99
O04086,C430,P23,1,205.99,2026-04-21 13:56:51,205.99,249.97
O04086,C430,P39,2,21.99,2026-04-21 13:56:51,43.98,249.97
O04087,C136,P25,1,25.99,2025-12-09 16:28:41,25.99,36.98
O04087,C136,P40,1,10.99,2025-12-09 16:28:41,10.99,36.98
O04088,C136,P41,1,199.99,2026-06-11 23:05:22,199.99,199.99
O04089,C123,P42,1,58.99,2024-12-23 14:58:16,58.99,419.97
O04089,C123,P03,1,205.99,2024-12-23 14:58:16,205.99,419.97
O04089,C123,P46,1,154.99,2024-12-23 14:58:16,154.99,419.97
O04090,C124,P47,1,41.99,2025-05-14 05:38:41,41.99,41.99
O04091,C426,P42,1,58.99,2026-03-29 19:25:20,58.99,92.97
O04091,C426,P40,1,10.99,2026-03-29 19:25:20,10.99,92.97
O04091,C426,P17,1,22.99,2026-03-29 19:25:20,22.99,92.97
O04092,C418,P31,1,16.99,2025-11-04 17:55:02,16.99,70.98
O04092,C418,P34,1,53.99,2025-11-04 17:55:02,53.99,70.98
O04093,C111,P13,1,114.99,2024-11-25 17:23:59,114.99,114.99
O04094,C311,P48,1,78.99,2024-11-16 13:38:24,78.99,78.99
O04095,C357,P04,2,281.99,2026-06-03 00:30:14,563.98,563.98
O04096,C449,P14,1,70.99,2025-02-11 11:00:46,70.99,326.97
O04096,C449,P12,1,100.99,2025-02-11 11:00:46,100.99,326.97
O04096,C449,P46,1,154.99,2025-02-11 11:00:46,154.99,326.97
O04097,C411,P35,1,57.99,2026-03-28 04:26:23,57.99,257.98
O04097,C411,P29,1,199.99,2026-03-28 04:26:23,199.99,257.98
O04098,C104,P18,3,44.99,2026-03-28 12:29:17,134.97,245.96
O04098,C104,P45,1,110.99,2026-03-28 12:29:17,110.99,245.96
O04099,C462,P09,2,34.99,2025-10-24 13:47:02,69.98,69.98
O04100,C101,P22,1,194.99,2026-01-24 18:39:30,194.99,194.99
O04101,C401,P04,1,281.99,2026-02-22 18:18:52,281.99,911.97
O04101,C401,P06,1,402.99,2026-02-22 18:18:52,402.99,911.97
O04101,C401,P02,1,226.99,2026-02-22 18:18:52,226.99,911.97
O04102,C412,P26,1,87.99,2025-09-07 21:55:38,87.99,87.99
O04103,C266,P13,1,114.99,2024-12-19 14:30:36,114.99,168.98
O04103,C266,P34,1,53.99,2024-12-19 14:30:36,53.99,168.98
O04104,C428,P21,1,196.99,2025-01-11 02:16:16,196.99,196.99
O04105,C336,P22,2,194.99,2025-06-10 22:30:33,389.98,843.96
O04105,C336,P02,2,226.99,2025-06-10 22:30:33,453.98,843.96
O04106,C343,P12,1,100.99,2026-02-18 20:43:11,100.99,100.99
O04107,C015,P31,1,16.99,2025-12-06 16:30:21,16.99,16.99
O04108,C044,P11,1,91.99,2025-11-02 22:34:43,91.99,315.96
O04108,C044,P39,1,21.99,2025-11-02 22:34:43,21.99,315.96
O04108,C044,P12,2,100.99,2025-11-02 22:34:43,201.98,315.96
O04109,C442,P17,1,22.99,2025-11-28 03:08:12,22.99,22.99
O04111,C229,P32,1,24.99,2024-07-13 22:32:49,24.99,571.96
O04111,C229,P38,1,38.99,2024-07-13 22:32:49,38.99,571.96
O04111,C229,P05,1,429.99,2024-07-13 22:32:49,429.99,571.96
O04111,C229,P49,1,77.99,2024-07-13 22:32:49,77.99,571.96
O04112,C061,P30,1,236.99,2026-03-24 13:17:02,236.99,236.99
O04113,C390,P18,2,44.99,2025-08-27 20:19:28,89.98,164.97
O04113,C390,P33,1,74.99,2025-08-27 20:19:28,74.99,164.97
O04114,C117,P22,1,194.99,2024-12-15 11:29:13,194.99,194.99
O04115,C354,P31,1,16.99,2025-11-22 09:56:16,16.99,117.98
O04115,C354,P12,1,100.99,2025-11-22 09:56:16,100.99,117.98
O04116,C097,P16,1,30.99,2024-10-20 14:35:55,30.99,195.97
O04116,C097,P43,1,138.99,2024-10-20 14:35:55,138.99,195.97
O04116,C097,P25,1,25.99,2024-10-20 14:35:55,25.99,195.97
O04117,C043,P33,2,74.99,2025-04-30 23:33:20,149.98,284.95
O04117,C043,P18,3,44.99,2025-04-30 23:33:20,134.97,284.95
O04118,C456,P48,1,78.99,2025-06-08 17:42:36,78.99,408.93
O04118,C456,P38,3,38.99,2025-06-08 17:42:00,116.97,408.93
O04118,C456,P14,3,70.99,2025-06-08 17:42:36,212.97,408.93
O04119,C018,P22,1,194.99,2025-05-31 11:27:00,194.99,486.97
O04119,C018,P10,1,92.99,2025-05-31 11:27:00,92.99,486.97
O04119,C018,P28,1,198.99,2025-05-31 11:27:00,198.99,486.97
O04120,C186,P39,1,21.99,2024-11-10 20:02:57,21.99,21.99
O04121,C206,P11,1,91.99,2025-03-18 07:01:38,91.99,328.97
O04121,C206,P16,1,30.99,2025-03-18 07:01:38,30.99,328.97
O04121,C206,P23,1,205.99,2025-03-18 07:01:38,205.99,328.97
O04122,C002,P08,1,100.99,2026-06-16 00:28:38,100.99,306.98
O04122,C002,P23,1,205.99,2026-06-16 00:28:38,205.99,306.98
O04123,C031,P02,2,226.99,2026-01-08 21:29:13,453.98,647.96
O04123,C031,P08,1,100.99,2026-01-08 21:29:13,100.99,647.96
O04123,C031,P10,1,92.99,2026-01-08 21:29:13,92.99,647.96
O04124,C048,P13,1,114.99,2025-08-28 10:00:01,114.99,114.99
O04125,C486,P25,1,25.99,2026-01-20 22:02:48,25.99,450.95
O04125,C486,P34,2,53.99,2026-01-20 22:02:48,107.98,450.95
O04125,C486,P09,1,34.99,2026-01-20 22:02:48,34.99,450.95
O04125,C486,P04,1,281.99,2026-01-20 22:02:48,281.99,450.95
O04126,C122,P19,1,113.99,2026-04-14 01:58:22,113.99,113.99
O04127,C112,P39,1,21.99,2026-04-19 11:28:48,21.99,292.97
O04127,C112,P29,1,199.99,2026-04-19 11:28:48,199.99,292.97
O04127,C112,P14,1,70.99,2026-04-19 11:28:48,70.99,292.97
O04128,C139,P34,1,53.99,2026-02-01 10:40:43,53.99,53.99
O04129,C192,P44,1,143.99,2026-02-26 17:10:31,143.99,143.99
O04130,C264,P38,1,38.99,2026-03-09 13:59:17,38.99,611.97
O04130,C264,P23,1,205.99,2026-03-09 13:59:17,205.99,611.97
O04130,C264,P07,1,366.99,2026-03-09 13:59:17,366.99,611.97
O04131,C332,P47,2,41.99,2026-04-25 13:49:33,83.98,83.98
O04132,C303,P28,1,198.99,2026-03-21 01:59:32,198.99,198.99
O04133,C437,P33,1,74.99,2026-03-25 10:54:19,74.99,74.99
O04134,C053,P19,1,113.99,2025-11-17 10:00:52,113.99,188.98
O04134,C053,P33,1,74.99,2025-11-17 10:00:52,74.99,188.98
O04135,C059,P09,1,34.99,2026-03-22 10:47:01,34.99,93.98
O04135,C059,P42,1,58.99,2026-03-22 10:47:01,58.99,93.98
O04136,C149,P27,1,239.99,2024-08-11 10:01:28,239.99,561.97
O04136,C149,P39,1,21.99,2024-08-11 10:01:28,21.99,561.97
O04136,C149,P24,1,299.99,2024-08-11 10:01:28,299.99,561.97
O04137,C397,P05,1,429.99,2026-06-28 11:55:21,429.99,711.98
O04137,C397,P04,1,281.99,2026-06-28 11:55:21,281.99,711.98
O04138,C340,P50,1,191.99,2024-11-23 14:49:21,191.99,191.99
O04139,C322,P12,1,100.99,2026-04-12 15:17:23,100.99,400.98
O04139,C322,P24,1,299.99,2026-04-12 15:17:23,299.99,400.98
O04140,C065,P38,1,38.99,2024-12-02 14:09:54,38.99,38.99
O04141,C128,P04,1,281.99,2025-06-19 15:39:02,281.99,281.99
O04142,C448,P20,1,96.99,2025-07-20 11:38:18,96.99,139.98
O04142,C448,P37,1,42.99,2025-07-20 11:38:18,42.99,139.98
O04143,C459,P28,1,198.99,2025-04-27 23:54:57,198.99,198.99
O04144,C348,P10,1,92.99,2026-05-24 13:42:54,92.99,92.99
O04145,C301,P28,1,198.99,2025-08-07 00:59:10,198.99,398.98
O04145,C301,P29,1,199.99,2025-08-07 00:59:10,199.99,398.98
O04146,C011,P10,1,92.99,2025-03-12 22:20:09,92.99,261.97
O04146,C011,P32,1,24.99,2025-03-13 03:50:09,24.99,261.97
O04146,C011,P44,1,143.99,2025-03-13 03:50:09,143.99,261.97
O04147,C483,P18,1,44.99,2026-03-13 11:07:44,44.99,778.97
O04147,C483,P07,2,366.99,2026-03-13 11:07:44,733.98,778.97
O04148,C420,P16,1,30.99,2025-06-28 10:18:23,30.99,30.99
O04149,C181,P28,1,198.99,2025-02-23 10:56:53,198.99,198.99
O04150,C491,P43,1,138.99,2026-03-21 17:42:13,138.99,138.99
O04151,C497,P40,1,10.99,2026-06-13 13:26:32,10.99,10.99
O04152,C004,P27,1,239.99,2025-01-04 23:37:05,239.99,239.99
O04153,C027,P22,1,194.99,2024-12-30 02:30:05,194.99,194.99
O04154,C287,P30,1,236.99,2025-01-22 05:05:40,236.99,275.98
O04154,C287,P38,1,38.99,2025-01-22 05:05:40,38.99,275.98
O04155,C197,P43,1,138.99,2026-03-25 19:43:15,138.99,762.96
O04155,C197,P44,1,143.99,2026-03-25 19:43:15,143.99,762.96
O04155,C197,P27,2,239.99,2026-03-25 19:43:15,479.98,762.96
O04156,C266,P06,1,402.99,2026-06-21 17:22:41,402.99,608.98
O04156,C266,P03,1,205.99,2026-06-21 17:22:41,205.99,608.98
O04157,C283,P14,1,70.99,2024-11-24 02:05:06,70.99,70.99
O04158,C083,P44,1,143.99,2025-04-10 01:02:39,143.99,185.98
O04158,C083,P47,1,41.99,2025-04-10 01:02:39,41.99,185.98
O04159,C293,P01,1,345.99,2025-05-05 15:37:02,345.99,345.99
O04160,C456,P42,1,58.99,2025-09-14 17:40:28,58.99,488.98
O04160,C456,P05,1,429.99,2025-09-14 17:40:28,429.99,488.98
O04161,C271,P27,1,239.99,2024-12-31 14:33:06,239.99,431.98
O04161,C271,P50,1,191.99,2024-12-31 14:33:06,191.99,431.98
O04162,C383,P20,1,96.99,2026-05-10 04:47:00,96.99,171.98
O04162,C383,P33,1,74.99,2026-10-05 04:47:00,74.99,171.98
O04163,C096,P10,1,92.99,2025-12-12 12:27:18,92.99,92.99
O04164,C212,P13,1,114.99,2025-01-10 00:16:29,114.99,306.98
O04164,C212,P50,1,191.99,2025-01-10 00:16:29,191.99,306.98
O04165,C254,P42,1,58.99,2025-10-04 13:26:15,58.99,58.99
O04166,C048,P20,1,96.99,2025-11-20 17:30:28,96.99,152.97
O04166,C048,P18,1,44.99,2025-11-20 17:30:28,44.99,152.97
O04166,C048,P40,1,10.99,2025-11-20 17:30:28,10.99,152.97
O04167,C340,P37,1,42.99,2024-10-30 08:24:52,42.99,53.98
O04167,C340,P40,1,10.99,2024-10-30 08:24:52,10.99,53.98
O04168,C415,P13,1,114.99,2025-05-01 13:25:19,114.99,136.97
O04168,C415,P40,2,10.99,2025-05-01 13:25:19,21.98,136.97
O04169,C321,P37,1,42.99,2025-12-14 18:48:00,42.99,113.97
O04169,C321,P25,1,25.99,2025-12-14 18:48:00,25.99,113.97
O04169,C321,P18,1,44.99,2025-12-14 18:48:00,44.99,113.97
O04170,C342,P35,1,57.99,2026-07-04 16:04:57,57.99,57.99
O04171,C072,P41,1,199.99,2025-09-13 04:15:42,199.99,258.98
O04171,C072,P42,1,58.99,2025-09-13 04:15:42,58.99,258.98
O04172,C252,P32,1,24.99,2024-11-03 01:14:29,24.99,24.99
O04173,C397,P33,1,74.99,2026-04-16 12:43:45,74.99,74.99
O04174,C471,P17,1,22.99,2025-12-27 16:20:31,22.99,22.99
O04175,C198,P26,1,87.99,2025-11-22 10:43:49,87.99,87.99
O04176,C342,P25,1,25.99,2026-05-16 11:52:51,25.99,25.99
O04177,C002,P09,1,34.99,2024-08-23 11:21:04,34.99,322.97
O04177,C002,P26,1,87.99,2024-08-23 11:21:04,87.99,322.97
O04177,C002,P41,1,199.99,2024-08-23 11:21:04,199.99,322.97
O04178,C131,P11,1,91.99,2026-05-13 08:13:26,91.99,740.96
O04178,C131,P30,1,236.99,2026-05-13 08:13:26,236.99,740.96
O04178,C131,P03,2,205.99,2026-05-13 08:13:26,411.98,740.96
O04179,C182,P04,1,281.99,2024-11-23 08:51:16,281.99,281.99
O04180,C045,P46,1,154.99,2026-06-19 16:27:28,154.99,154.99
O04181,C189,P06,3,402.99,2024-11-03 07:20:05,1208.97,1251.96
O04181,C189,P37,1,42.99,2024-11-03 07:20:05,42.99,1251.96
O04182,C484,P16,1,30.99,2025-12-28 10:26:23,30.99,68.97
O04182,C484,P15,2,18.99,2025-12-28 10:26:23,37.98,68.97
O04183,C164,P12,2,100.99,2024-08-18 02:40:16,201.98,474.95
O04183,C164,P46,1,154.99,2024-08-18 02:40:16,154.99,474.95
O04183,C164,P37,1,42.99,2024-08-18 02:40:16,42.99,474.95
O04183,C164,P33,1,74.99,2024-08-18 02:40:16,74.99,474.95
O04184,C105,P04,1,281.99,2024-11-21 15:42:37,281.99,473.98
O04184,C105,P50,1,191.99,2024-11-21 15:42:37,191.99,473.98
O04185,C281,P33,1,74.99,2024-09-29 12:02:58,74.99,594.96
O04185,C281,P40,1,10.99,2024-09-29 12:02:00,10.99,594.96
O04185,C281,P05,1,429.99,2024-09-29 12:02:58,429.99,594.96
O04185,C281,P48,1,78.99,2024-09-29 12:02:58,78.99,594.96
O04186,C042,P50,1,191.99,2025-08-01 11:29:57,191.99,344.97
O04186,C042,P19,1,113.99,2025-08-01 11:29:57,113.99,344.97
O04186,C042,P38,1,38.99,2025-08-01 11:29:57,38.99,344.97
O04187,C011,P23,1,205.99,2025-02-02 04:30:01,205.99,216.98
O04187,C011,P40,1,10.99,2025-02-02 04:30:01,10.99,216.98
O04188,C058,P13,1,114.99,2026-01-05 06:20:57,114.99,860.95
O04188,C058,P03,1,205.99,2026-01-05 06:20:57,205.99,860.95
O04188,C058,P20,2,96.99,2026-01-05 06:20:57,193.98,860.95
O04188,C058,P01,1,345.99,2026-01-05 06:20:57,345.99,860.95
O04189,C064,P10,1,92.99,2024-12-03 13:04:00,92.99,127.98
O04189,C064,P09,1,34.99,2024-12-03 13:04:00,34.99,127.98
O04190,C234,P29,1,199.99,2024-12-28 06:52:29,199.99,199.99
O04191,C428,P29,1,199.99,2025-04-06 09:15:05,199.99,313.98
O04191,C428,P19,1,113.99,2025-04-06 09:15:05,113.99,313.98
O04192,C212,P15,1,18.99,2025-04-27 11:25:54,18.99,18.99
O04193,C045,P49,1,77.99,2026-04-10 11:21:32,77.99,77.99
O04194,C233,P09,2,34.99,2025-01-26 10:09:26,69.98,69.98
O04195,C346,P10,1,92.99,2026-03-08 20:57:30,92.99,329.98
O04195,C346,P30,1,236.99,2026-03-08 15:27:30,236.99,329.98
O04196,C004,P44,1,143.99,2026-03-27 11:57:47,143.99,390.97
O04196,C004,P28,1,198.99,2026-03-27 11:57:47,198.99,390.97
O04196,C004,P36,1,47.99,2026-03-27 11:57:47,47.99,390.97
O04197,C237,P06,1,402.99,2026-05-28 02:11:05,402.99,428.98
O04197,C237,P25,1,25.99,2026-05-28 02:11:05,25.99,428.98
O04198,C104,P37,1,42.99,2026-01-13 07:23:51,42.99,80.97
O04198,C104,P15,2,18.99,2026-01-13 07:23:51,37.98,80.97
O04199,C009,P38,1,38.99,2025-11-01 11:17:33,38.99,38.99
O04200,C496,P29,1,199.99,2025-10-15 13:21:30,199.99,391.96
O04200,C496,P38,2,38.99,2025-10-15 13:21:30,77.98,391.96
O04200,C496,P19,1,113.99,2025-10-15 13:21:30,113.99,391.96
O04201,C117,P27,1,239.99,2024-08-03 08:11:25,239.99,318.98
O04201,C117,P48,1,78.99,2024-08-03 08:11:25,78.99,318.98
O04202,C476,P47,1,41.99,2025-12-04 23:07:36,41.99,41.99
O04203,C036,P20,1,96.99,2026-02-24 20:57:04,96.99,96.99
O04204,C017,P19,1,113.99,2025-12-25 03:03:38,113.99,113.99
O04205,C187,P01,1,345.99,2025-12-05 07:26:12,345.99,542.98
O04205,C187,P21,1,196.99,2025-12-05 07:26:12,196.99,542.98
O04206,C359,P37,1,42.99,2025-09-17 14:44:55,42.99,42.99
O04207,C461,P29,1,199.99,2025-01-20 12:49:16,199.99,199.99
O04208,C332,P18,1,44.99,2026-03-12 14:00:53,44.99,627.96
O04208,C332,P29,1,199.99,2026-03-12 14:00:53,199.99,627.96
O04208,C332,P04,1,281.99,2026-03-12 14:00:53,281.99,627.96
O04208,C332,P08,1,100.99,2026-03-12 14:00:53,100.99,627.96
O04209,C283,P41,1,199.99,2026-04-04 07:55:13,199.99,321.97
O04209,C283,P37,1,42.99,2026-04-04 07:55:13,42.99,321.97
O04209,C283,P48,1,78.99,2026-04-04 07:55:13,78.99,321.97
O04210,C277,P29,1,199.99,2025-03-12 16:06:29,199.99,199.99
O04211,C182,P50,1,191.99,2025-10-09 15:47:15,191.99,492.96
O04211,C182,P37,1,42.99,2025-10-09 15:47:15,42.99,492.96
O04211,C182,P16,1,30.99,2025-10-09 15:47:15,30.99,492.96
O04211,C182,P02,1,226.99,2025-10-09 15:47:15,226.99,492.96
O04212,C186,P50,1,191.99,2026-03-29 18:05:49,191.99,191.99
O04214,C256,P20,1,96.99,2024-07-30 19:45:52,96.99,96.99
O04215,C180,P23,1,205.99,2025-11-28 20:18:59,205.99,665.95
O04215,C180,P10,2,92.99,2025-11-28 20:18:59,185.98,665.95
O04215,C180,P48,1,78.99,2025-11-28 20:18:59,78.99,665.95
O04215,C180,P22,1,194.99,2025-11-28 20:18:59,194.99,665.95
O04216,C255,P17,1,22.99,2026-02-21 12:55:23,22.99,22.99
O04217,C446,P10,1,92.99,2025-12-11 17:56:41,92.99,92.99
O04218,C370,P27,1,239.99,2025-06-10 03:37:42,239.99,771.96
O04218,C370,P02,2,226.99,2025-06-10 03:37:42,453.98,771.96
O04218,C370,P49,1,77.99,2025-06-10 03:37:42,77.99,771.96
O04219,C197,P02,1,226.99,2025-12-28 02:07:35,226.99,226.99
O04221,C143,P30,1,236.99,2026-02-13 19:22:35,236.99,236.99
O04222,C447,P11,1,91.99,2025-11-27 04:31:44,91.99,91.99
O04223,C177,P30,2,236.99,2026-05-02 21:42:44,473.98,498.97
O04223,C177,P32,1,24.99,2026-05-02 21:42:44,24.99,498.97
O04224,C044,P33,2,74.99,2024-12-24 18:29:08,149.98,184.97
O04224,C044,P09,1,34.99,2024-12-24 18:29:08,34.99,184.97
O04225,C289,P26,1,87.99,2025-02-05 20:41:49,87.99,281.97
O04225,C289,P20,2,96.99,2025-02-05 20:41:49,193.98,281.97
O04226,C231,P37,1,42.99,2024-11-27 10:38:23,42.99,42.99
O04227,C304,P08,1,100.99,2026-03-17 04:02:22,100.99,542.96
O04227,C304,P14,2,70.99,2026-03-17 04:02:22,141.98,542.96
O04227,C304,P24,1,299.99,2026-03-17 04:02:22,299.99,542.96
O04228,C292,P34,1,53.99,2026-05-06 21:29:51,53.99,53.99
O04229,C313,P28,1,198.99,2025-11-08 01:03:31,198.99,198.99
O04230,C137,P13,1,114.99,2026-03-17 23:33:26,114.99,414.98
O04230,C137,P24,1,299.99,2026-03-17 23:33:26,299.99,414.98
O04231,C375,P19,1,113.99,2025-07-30 23:31:16,113.99,138.98
O04231,C375,P32,1,24.99,2025-07-30 23:31:16,24.99,138.98
O04232,C443,P42,1,58.99,2026-06-30 19:42:43,58.99,203.97
O04232,C443,P36,1,47.99,2026-06-30 19:42:43,47.99,203.97
O04232,C443,P20,1,96.99,2026-06-30 19:42:43,96.99,203.97
O04233,C297,P03,1,205.99,2025-09-26 03:11:22,205.99,205.99
O04234,C314,P41,1,199.99,2025-07-31 22:24:57,199.99,199.99
O04235,C077,P27,2,239.99,2025-03-18 15:07:36,479.98,479.98
O04236,C295,P41,1,199.99,2024-11-22 11:15:43,199.99,199.99
O04237,C392,P26,1,87.99,2026-05-13 11:43:02,87.99,87.99
O04238,C264,P16,1,30.99,2026-01-02 23:50:30,30.99,30.99
O04239,C170,P44,1,143.99,2024-11-17 22:10:03,143.99,143.99
O04240,C282,P12,1,100.99,2026-05-27 08:30:32,100.99,100.99
O04241,C207,P24,1,299.99,2025-09-27 21:37:12,299.99,299.99
O04242,C119,P15,1,18.99,2025-09-07 05:51:08,18.99,18.99
O04244,C192,P31,1,16.99,2026-02-07 20:41:03,16.99,16.99
O04245,C254,P05,2,429.99,2025-12-06 18:05:29,859.98,859.98
O04246,C343,P16,1,30.99,2025-09-04 09:41:20,30.99,30.99
O04247,C357,P38,1,38.99,2025-09-28 22:21:31,38.99,38.99
O04248,C496,P47,1,41.99,2025-12-22 01:39:17,41.99,156.98
O04248,C496,P13,1,114.99,2025-12-22 01:39:17,114.99,156.98
O04249,C192,P17,1,22.99,2025-05-21 11:26:11,22.99,223.96
O04249,C192,P13,1,114.99,2025-05-21 11:26:11,114.99,223.96
O04249,C192,P37,2,42.99,2025-05-21 11:26:11,85.98,223.96
O04250,C405,P21,1,196.99,2025-12-25 00:51:33,196.99,423.98
O04250,C405,P02,1,226.99,2025-12-25 00:51:33,226.99,423.98
O04251,C117,P07,1,366.99,2025-12-23 18:41:58,366.99,366.99
O04252,C368,P48,1,78.99,2025-07-28 09:09:54,78.99,78.99
O04253,C134,P08,1,100.99,2025-10-25 11:17:53,100.99,446.98
O04253,C134,P01,1,345.99,2025-10-25 11:17:53,345.99,446.98
O04254,C037,P40,1,10.99,2025-07-10 20:39:26,10.99,128.97
O04254,C037,P42,2,58.99,2025-07-10 20:39:26,117.98,128.97
O04255,C391,P21,1,196.99,2026-03-06 20:37:15,196.99,196.99
O04256,C158,P46,1,154.99,2026-01-01 20:04:06,154.99,154.99
O04257,C438,P06,2,402.99,2025-11-11 14:23:25,805.98,805.98
O04258,C429,P22,2,194.99,2026-05-07 21:10:24,389.98,389.98
O04259,C146,P08,1,100.99,2025-04-19 05:00:58,100.99,100.99
O04260,C175,P10,1,92.99,2025-11-29 12:39:45,92.99,231.98
O04260,C175,P43,1,138.99,2025-11-29 12:39:45,138.99,231.98
O04261,C251,P19,1,113.99,2026-02-07 02:48:28,113.99,113.99
O04262,C198,P22,1,194.99,2025-03-20 01:58:51,194.99,217.98
O04262,C198,P17,1,22.99,2025-03-20 01:58:51,22.99,217.98
O04263,C339,P37,1,42.99,2025-08-04 01:50:50,42.99,42.99
O04264,C040,P13,1,114.99,2024-08-20 18:49:22,114.99,114.99
O04265,C039,P11,1,91.99,2024-12-18 23:05:47,91.99,91.99
O04266,C325,P03,2,205.99,2024-10-19 10:25:04,411.98,411.98
O04267,C173,P22,1,194.99,2025-05-08 21:53:05,194.99,239.98
O04267,C173,P18,1,44.99,2025-05-08 21:53:05,44.99,239.98
O04268,C101,P34,1,53.99,2025-05-06 11:46:51,53.99,53.99
O04269,C482,P49,2,77.99,2025-10-23 02:21:57,155.98,155.98
O04270,C283,P47,1,41.99,2024-10-19 20:39:06,41.99,58.98
O04270,C283,P31,1,16.99,2024-10-19 20:39:06,16.99,58.98
O04271,C361,P11,1,91.99,2025-04-13 23:51:19,91.99,897.97
O04271,C361,P06,2,402.99,2025-04-13 23:51:19,805.98,897.97
O04272,C330,P39,1,21.99,2025-11-25 20:18:10,21.99,66.98
O04272,C330,P18,1,44.99,2025-11-25 20:18:10,44.99,66.98
O04273,C146,P24,1,299.99,2024-07-11 02:13:52,299.99,521.97
O04273,C146,P45,2,110.99,2024-07-11 02:13:52,221.98,521.97
O04274,C298,P21,1,196.99,2024-11-23 03:18:54,196.99,196.99
O04275,C464,P29,1,199.99,2026-04-04 05:52:45,199.99,199.99
O04276,C022,P45,1,110.99,2024-11-09 19:57:32,110.99,401.96
O04276,C022,P20,3,96.99,2024-11-09 19:57:32,290.97,401.96
O04277,C263,P35,1,57.99,2026-05-31 12:25:23,57.99,487.98
O04277,C263,P05,1,429.99,2026-05-31 12:25:23,429.99,487.98
O04278,C096,P30,1,236.99,2026-05-11 19:07:15,236.99,375.98
O04278,C096,P43,1,138.99,2026-05-11 19:07:15,138.99,375.98
O04279,C053,P08,1,100.99,2026-04-18 09:17:44,100.99,297.98
O04279,C053,P21,1,196.99,2026-04-18 09:17:44,196.99,297.98
O04280,C059,P04,1,281.99,2025-08-29 00:57:06,281.99,281.99
O04281,C452,P35,2,57.99,2026-04-13 03:22:25,115.98,399.96
O04281,C452,P50,1,191.99,2026-04-13 03:22:25,191.99,399.96
O04281,C452,P11,1,91.99,2026-04-13 03:22:25,91.99,399.96
O04282,C129,P47,2,41.99,2026-05-07 00:46:08,83.98,83.98
O04283,C472,P41,1,199.99,2025-11-12 05:25:30,199.99,484.95
O04283,C472,P16,3,30.99,2025-11-12 05:25:30,92.97,484.95
O04283,C472,P50,1,191.99,2025-11-12 05:25:30,191.99,484.95
O04284,C480,P29,1,199.99,2026-05-30 08:10:15,199.99,405.98
O04284,C480,P03,1,205.99,2026-05-30 08:10:15,205.99,405.98
O04285,C016,P42,2,58.99,2025-01-12 04:39:58,117.98,317.97
O04285,C016,P41,1,199.99,2025-01-12 04:39:58,199.99,317.97
O04286,C385,P46,1,154.99,2025-09-30 20:45:58,154.99,435.95
O04286,C385,P26,3,87.99,2025-09-30 20:45:58,263.97,435.95
O04286,C385,P31,1,16.99,2025-09-30 20:45:58,16.99,435.95
O04287,C459,P29,1,199.99,2026-03-31 15:55:08,199.99,199.99
O04288,C092,P14,1,70.99,2025-12-30 22:03:01,70.99,70.99
O04289,C452,P49,1,77.99,2026-06-15 02:01:44,77.99,99.98
O04289,C452,P39,1,21.99,2026-06-15 02:01:44,21.99,99.98
O04290,C470,P12,1,100.99,2025-10-03 14:51:08,100.99,100.99
O04291,C149,P35,1,57.99,2026-03-23 13:47:51,57.99,96.98
O04291,C149,P38,1,38.99,2026-03-23 13:47:51,38.99,96.98
O04292,C249,P46,1,154.99,2026-07-04 13:48:46,154.99,260.96
O04292,C249,P15,1,18.99,2026-07-04 13:48:46,18.99,260.96
O04292,C249,P38,1,38.99,2026-07-04 13:48:46,38.99,260.96
O04292,C249,P36,1,47.99,2026-07-04 13:48:46,47.99,260.96
O04293,C283,P42,1,58.99,2024-11-15 16:36:12,58.99,312.97
O04293,C283,P13,1,114.99,2024-11-15 16:36:12,114.99,312.97
O04293,C283,P43,1,138.99,2024-11-15 16:36:12,138.99,312.97
O04294,C334,P03,2,205.99,2025-08-22 00:30:56,411.98,717.94
O04294,C334,P18,1,44.99,2025-08-22 00:30:56,44.99,717.94
O04294,C334,P12,2,100.99,2025-08-22 00:30:56,201.98,717.94
O04294,C334,P42,1,58.99,2025-08-22 00:30:56,58.99,717.94
O04295,C119,P05,1,429.99,2024-09-15 19:38:23,429.99,832.98
O04295,C119,P06,1,402.99,2024-09-15 19:38:23,402.99,832.98
O04296,C304,P20,1,96.99,2025-05-30 02:41:12,96.99,96.99
O04297,C369,P42,1,58.99,2025-06-11 00:52:30,58.99,446.96
O04297,C369,P01,1,345.99,2025-06-11 00:52:30,345.99,446.96
O04297,C369,P32,1,24.99,2025-06-11 00:52:30,24.99,446.96
O04297,C369,P31,1,16.99,2025-06-11 00:52:30,16.99,446.96
O04298,C153,P26,1,87.99,2025-09-04 21:36:39,87.99,202.98
O04298,C153,P13,1,114.99,2025-09-04 21:36:39,114.99,202.98
O04299,C259,P35,2,57.99,2025-04-19 13:08:49,115.98,115.98
O04300,C416,P17,1,22.99,2025-10-23 18:22:04,22.99,70.98
O04300,C416,P36,1,47.99,2025-10-23 18:22:04,47.99,70.98
O04301,C384,P13,1,114.99,2024-11-24 11:37:21,114.99,114.99
O04302,C423,P23,1,205.99,2026-02-22 01:47:20,205.99,319.98
O04302,C423,P19,1,113.99,2026-02-22 01:47:20,113.99,319.98
O04303,C338,P07,1,366.99,2026-01-29 03:58:47,366.99,593.98
O04303,C338,P02,1,226.99,2026-01-29 03:58:47,226.99,593.98
O04304,C176,P15,1,18.99,2024-10-11 07:55:51,18.99,262.96
O04304,C176,P26,1,87.99,2024-10-11 07:55:51,87.99,262.96
O04304,C176,P49,2,77.99,2024-10-11 07:55:51,155.98,262.96
O04305,C172,P10,1,92.99,2025-12-08 08:04:31,92.99,92.99
O04306,C134,P30,3,236.99,2024-11-02 22:31:53,710.97,916.96
O04306,C134,P03,1,205.99,2024-11-02 22:31:53,205.99,916.96
O04307,C490,P08,1,100.99,2026-06-08 05:13:40,100.99,189.97
O04307,C490,P09,1,34.99,2026-06-08 05:13:40,34.99,189.97
O04307,C490,P34,1,53.99,2026-06-08 05:13:40,53.99,189.97
O04308,C270,P23,1,205.99,2026-01-18 20:46:36,205.99,302.98
O04308,C270,P20,1,96.99,2026-01-18 20:46:36,96.99,302.98
O04309,C437,P11,1,91.99,2026-02-03 04:52:07,91.99,91.99
O04310,C163,P14,1,70.99,2026-05-19 13:15:48,70.99,903.97
O04310,C163,P05,1,429.99,2026-05-19 13:15:48,429.99,903.97
O04310,C163,P06,1,402.99,2026-05-19 13:15:48,402.99,903.97
O04311,C054,P16,1,30.99,2026-04-04 17:32:25,30.99,30.99
O04312,C222,P44,1,143.99,2025-12-07 10:50:37,143.99,401.97
O04312,C222,P02,1,226.99,2025-12-07 10:50:37,226.99,401.97
O04312,C222,P16,1,30.99,2025-12-07 10:50:37,30.99,401.97
O04313,C010,P46,2,154.99,2024-12-12 13:19:35,309.98,1062.95
O04313,C010,P06,1,402.99,2024-12-12 13:19:35,402.99,1062.95
O04313,C010,P44,1,143.99,2024-12-12 13:19:35,143.99,1062.95
O04313,C010,P03,1,205.99,2024-12-12 13:19:35,205.99,1062.95
O04314,C362,P34,1,53.99,2025-11-07 17:05:28,53.99,53.99
O04315,C217,P42,1,58.99,2024-08-31 20:35:30,58.99,258.98
O04315,C217,P41,1,199.99,2024-08-31 20:35:30,199.99,258.98
O04316,C145,P01,1,345.99,2025-09-06 18:30:55,345.99,484.98
O04316,C145,P43,1,138.99,2025-09-06 18:30:55,138.99,484.98
O04317,C160,P20,1,96.99,2025-11-13 08:13:46,96.99,96.99
O04318,C023,P19,1,113.99,2025-04-15 02:55:02,113.99,547.97
O04318,C023,P26,1,87.99,2025-04-15 02:55:02,87.99,547.97
O04318,C023,P01,1,345.99,2025-04-15 02:55:02,345.99,547.97
O04319,C063,P20,1,96.99,2024-12-08 11:21:47,96.99,96.99
O04320,C370,P15,1,18.99,2025-11-11 04:43:43,18.99,18.99
O04321,C183,P32,1,24.99,2025-04-26 22:29:08,24.99,50.98
O04321,C183,P25,1,25.99,2025-04-26 22:29:08,25.99,50.98
O04322,C268,P38,1,38.99,2026-01-04 19:57:48,38.99,86.98
O04322,C268,P36,1,47.99,2026-01-04 19:57:48,47.99,86.98
O04323,C435,P24,1,299.99,2026-04-06 15:27:30,299.99,729.98
O04323,C435,P05,1,429.99,2026-04-06 15:27:30,429.99,729.98
O04324,C337,P37,1,42.99,2024-10-21 06:38:34,42.99,42.99
O04325,C234,P15,1,18.99,2025-11-05 05:02:17,18.99,224.98
O04325,C234,P03,1,205.99,2025-11-05 05:02:17,205.99,224.98
O04326,C130,P06,1,402.99,2025-01-20 23:32:26,402.99,540.97
O04326,C130,P42,1,58.99,2025-01-20 18:02:26,58.99,540.97
O04326,C130,P48,1,78.99,2025-01-20 23:32:26,78.99,540.97
O04327,C059,P38,1,38.99,2025-08-09 21:01:31,38.99,457.96
O04327,C059,P43,1,138.99,2025-08-09 21:01:31,138.99,457.96
O04327,C059,P26,1,87.99,2025-08-09 21:01:31,87.99,457.96
O04327,C059,P50,1,191.99,2025-08-09 21:01:31,191.99,457.96
O04328,C055,P40,2,10.99,2025-02-16 15:51:20,21.98,136.97
O04328,C055,P13,1,114.99,2025-02-16 15:51:20,114.99,136.97
O04329,C277,P03,2,205.99,2025-11-03 07:42:25,411.98,711.97
O04329,C277,P24,1,299.99,2025-11-03 07:42:25,299.99,711.97
O04330,C308,P44,1,143.99,2025-12-23 07:37:11,143.99,143.99
O04331,C129,P27,2,239.99,2024-08-02 13:14:33,479.98,479.98
O04332,C005,P05,1,429.99,2024-11-04 01:47:29,429.99,942.96
O04332,C005,P50,1,191.99,2024-11-04 01:47:29,191.99,942.96
O04332,C005,P23,1,205.99,2024-11-04 01:47:29,205.99,942.96
O04332,C005,P13,1,114.99,2024-11-03 20:17:29,114.99,942.96
O04333,C178,P15,1,18.99,2025-02-26 20:22:46,18.99,18.99
O04334,C137,P34,1,53.99,2024-12-26 01:28:48,53.99,247.97
O04334,C137,P46,1,154.99,2024-12-26 01:28:48,154.99,247.97
O04334,C137,P38,1,38.99,2024-12-26 01:28:48,38.99,247.97
O04335,C258,P11,2,91.99,2026-03-14 17:51:37,183.98,707.94
O04335,C258,P42,1,58.99,2026-03-14 17:51:37,58.99,707.94
O04335,C258,P46,3,154.99,2026-03-14 17:51:37,464.97,707.94
O04336,C055,P09,1,34.99,2025-12-19 01:47:02,34.99,34.99
O04337,C005,P32,2,24.99,2026-04-29 00:49:48,49.98,283.95
O04337,C005,P49,3,77.99,2026-04-29 00:49:48,233.97,283.95
O04338,C401,P43,1,138.99,2026-03-11 12:06:44,138.99,138.99
O04339,C355,P45,3,110.99,2025-01-13 08:06:56,332.97,332.97
O04340,C283,P18,1,44.99,2025-04-30 09:35:33,44.99,44.99
O04341,C222,P32,1,24.99,2024-10-27 09:19:52,24.99,417.97
O04341,C222,P04,1,281.99,2024-10-27 09:19:52,281.99,417.97
O04341,C222,P45,1,110.99,2024-10-27 09:19:52,110.99,417.97
O04342,C059,P01,1,345.99,2026-01-09 03:32:29,345.99,345.99
O04343,C081,P15,1,18.99,2025-01-27 01:44:18,18.99,96.98
O04343,C081,P49,1,77.99,2025-01-27 01:44:18,77.99,96.98
O04344,C158,P40,1,10.99,2026-02-09 21:27:49,10.99,27.98
O04344,C158,P31,1,16.99,2026-02-09 21:27:49,16.99,27.98
O04345,C416,P04,1,281.99,2026-03-30 01:48:13,281.99,304.98
O04345,C416,P17,1,22.99,2026-03-30 01:48:13,22.99,304.98
O04346,C052,P33,1,74.99,2026-01-06 14:39:38,74.99,156.97
O04346,C052,P38,1,38.99,2026-01-06 14:39:38,38.99,156.97
O04346,C052,P37,1,42.99,2026-01-06 14:39:38,42.99,156.97
O04347,C146,P44,1,143.99,2025-06-05 09:54:33,143.99,143.99
O04348,C048,P17,2,22.99,2025-07-16 09:15:08,45.98,45.98
O04349,C353,P11,1,91.99,2025-12-06 11:06:32,91.99,328.98
O04349,C353,P30,1,236.99,2025-12-06 11:06:32,236.99,328.98
O04350,C419,P49,1,77.99,2025-12-21 00:15:17,77.99,77.99
O04351,C102,P44,1,143.99,2025-12-07 04:22:56,143.99,143.99
O04352,C015,P21,1,196.99,2026-06-11 22:21:13,196.99,196.99
O04353,C333,P17,1,22.99,2026-05-12 06:07:04,22.99,789.96
O04353,C333,P07,1,366.99,2026-05-12 06:07:04,366.99,789.96
O04353,C333,P41,2,199.99,2026-05-12 06:07:04,399.98,789.96
O04355,C333,P09,1,34.99,2026-04-27 01:50:02,34.99,34.99
O04356,C346,P29,1,199.99,2026-03-19 05:41:55,199.99,199.99
O04357,C485,P43,1,138.99,2025-02-21 11:52:12,138.99,173.98
O04357,C485,P09,1,34.99,2025-02-21 11:52:12,34.99,173.98
O04358,C064,P40,1,10.99,2026-02-02 03:43:20,10.99,53.98
O04358,C064,P37,1,42.99,2026-02-02 03:43:20,42.99,53.98
O04359,C377,P22,1,194.99,2024-11-29 22:05:34,194.99,194.99
O04360,C225,P09,1,34.99,2025-12-20 10:34:09,34.99,34.99
O04361,C320,P38,2,38.99,2025-08-02 17:06:17,77.98,313.96
O04361,C320,P43,1,138.99,2025-08-02 17:06:00,138.99,313.96
O04361,C320,P20,1,96.99,2025-08-02 17:06:17,96.99,313.96
O04362,C100,P33,1,74.99,2025-02-15 11:37:14,74.99,578.96
O04362,C100,P04,1,281.99,2025-02-15 11:37:14,281.99,578.96
O04362,C100,P45,2,110.99,2025-02-15 11:37:14,221.98,578.96
O04363,C171,P02,2,226.99,2026-03-14 05:32:33,453.98,453.98
O04364,C254,P38,2,38.99,2025-01-18 15:45:42,77.98,221.97
O04364,C254,P44,1,143.99,2025-01-18 15:45:42,143.99,221.97
O04365,C231,P19,1,113.99,2026-01-11 11:16:50,113.99,148.98
O04365,C231,P09,1,34.99,2026-01-11 05:46:50,34.99,148.98
O04366,C360,P18,1,44.99,2025-10-10 15:30:16,44.99,44.99
O04367,C136,P04,1,281.99,2025-12-31 07:02:19,281.99,281.99
O04368,C005,P25,1,25.99,2025-03-23 17:55:32,25.99,277.96
O04368,C005,P20,2,96.99,2025-03-23 17:55:32,193.98,277.96
O04368,C005,P35,1,57.99,2025-03-23 17:55:32,57.99,277.96
O04369,C187,P36,2,47.99,2026-01-10 06:31:29,95.98,507.96
O04369,C187,P23,2,205.99,2026-10-01 06:31:29,411.98,507.96
O04370,C335,P02,2,226.99,2026-04-22 00:37:06,453.98,453.98
O04371,C131,P23,1,205.99,2024-07-27 05:55:23,205.99,205.99
O04372,C309,P40,2,10.99,2026-01-18 02:48:27,21.98,21.98
O04373,C417,P29,1,199.99,2025-12-28 20:47:16,199.99,199.99
O04374,C204,P46,1,154.99,2026-05-23 11:42:57,154.99,171.98
O04374,C204,P31,1,16.99,2026-05-23 11:42:57,16.99,171.98
O04375,C202,P15,1,18.99,2025-12-23 06:08:23,18.99,18.99
O04376,C355,P33,1,74.99,2026-02-13 09:15:43,74.99,128.98
O04376,C355,P34,1,53.99,2026-02-13 09:15:43,53.99,128.98
O04377,C080,P16,1,30.99,2025-05-30 18:22:09,30.99,428.97
O04377,C080,P28,2,198.99,2025-05-30 18:22:09,397.98,428.97
O04378,C303,P20,1,96.99,2026-06-26 18:26:46,96.99,96.99
O04379,C384,P47,1,41.99,2026-04-04 22:39:22,41.99,217.97
O04379,C384,P33,1,74.99,2026-04-04 22:39:22,74.99,217.97
O04379,C384,P08,1,100.99,2026-04-04 22:39:22,100.99,217.97
O04380,C253,P10,1,92.99,2025-11-30 09:43:46,92.99,376.96
O04380,C253,P29,1,199.99,2025-11-30 09:43:46,199.99,376.96
O04380,C253,P47,2,41.99,2025-11-30 09:43:46,83.98,376.96
O04381,C478,P14,2,70.99,2025-12-30 00:10:13,141.98,317.96
O04381,C478,P26,2,87.99,2025-12-30 00:10:13,175.98,317.96
O04382,C244,P46,1,154.99,2025-03-24 14:26:58,154.99,1027.95
O04382,C244,P02,3,226.99,2025-03-24 14:26:58,680.97,1027.95
O04382,C244,P50,1,191.99,2025-03-24 14:26:58,191.99,1027.95
O04383,C473,P36,1,47.99,2025-10-20 21:23:06,47.99,47.99
O04384,C259,P09,1,34.99,2024-09-15 03:01:22,34.99,34.99
O04385,C412,P50,1,191.99,2024-11-25 22:38:10,191.99,191.99
O04386,C348,P34,2,53.99,2026-05-31 18:22:10,107.98,262.97
O04386,C348,P46,1,154.99,2026-05-31 18:22:10,154.99,262.97
O04387,C477,P14,1,70.99,2026-05-28 15:30:50,70.99,70.99
O04388,C163,P41,3,199.99,2025-11-26 06:58:48,599.97,599.97
O04389,C234,P14,1,70.99,2024-11-24 04:45:28,70.99,92.98
O04389,C234,P39,1,21.99,2024-11-24 04:45:28,21.99,92.98
O04390,C096,P25,1,25.99,2024-09-15 11:07:02,25.99,25.99
O04391,C226,P41,1,199.99,2025-12-17 02:16:12,199.99,356.96
O04391,C226,P17,2,22.99,2025-12-17 02:16:12,45.98,356.96
O04391,C226,P45,1,110.99,2025-12-17 02:16:12,110.99,356.96
O04392,C404,P24,2,299.99,2025-04-17 10:13:55,599.98,599.98
O04393,C244,P37,1,42.99,2024-12-14 00:22:11,42.99,42.99
O04394,C034,P24,1,299.99,2025-08-25 07:01:42,299.99,598.97
O04394,C034,P04,1,281.99,2025-08-25 07:01:42,281.99,598.97
O04394,C034,P31,1,16.99,2025-08-25 07:01:42,16.99,598.97
O04395,C436,P13,2,114.99,2026-04-06 07:06:08,229.98,274.97
O04395,C436,P18,1,44.99,2026-04-06 07:06:08,44.99,274.97
O04396,C265,P24,1,299.99,2025-02-08 05:43:44,299.99,299.99
O04397,C425,P46,1,154.99,2026-05-02 00:33:09,154.99,154.99
O04398,C312,P41,1,199.99,2024-11-10 04:11:01,199.99,216.98
O04398,C312,P31,1,16.99,2024-11-10 04:11:01,16.99,216.98
O04399,C386,P23,3,205.99,2025-06-03 18:54:48,617.97,771.94
O04399,C386,P12,1,100.99,2025-06-03 18:54:48,100.99,771.94
O04399,C386,P16,1,30.99,2025-06-03 18:54:48,30.99,771.94
O04399,C386,P39,1,21.99,2025-06-03 18:54:48,21.99,771.94
O04400,C068,P50,1,191.99,2024-12-08 02:52:20,191.99,267.96
O04400,C068,P40,2,10.99,2024-12-08 02:52:20,21.98,267.96
O04400,C068,P34,1,53.99,2024-12-08 02:52:20,53.99,267.96
O04401,C185,P01,1,345.99,2025-05-17 19:01:12,345.99,345.99
O04402,C283,P39,1,21.99,2025-07-28 01:50:27,21.99,995.96
O04402,C283,P19,1,113.99,2025-07-28 01:50:27,113.99,995.96
O04402,C283,P05,2,429.99,2025-07-28 01:50:27,859.98,995.96
O04403,C376,P33,1,74.99,2025-09-13 07:59:01,74.99,74.99
O04404,C217,P21,1,196.99,2025-06-29 11:33:44,196.99,391.98
O04404,C217,P22,1,194.99,2025-06-29 11:33:44,194.99,391.98
O04405,C003,P03,1,205.99,2025-09-23 18:48:06,205.99,205.99
O04406,C425,P40,1,10.99,2026-05-10 05:57:15,10.99,10.99
O04407,C202,P07,1,366.99,2024-10-29 05:32:27,366.99,753.95
O04407,C202,P35,1,57.99,2024-10-29 05:32:27,57.99,753.95
O04407,C202,P08,1,100.99,2024-10-29 05:32:27,100.99,753.95
O04407,C202,P19,2,113.99,2024-10-29 05:32:27,227.98,753.95
O04408,C116,P03,1,205.99,2025-11-08 08:48:42,205.99,205.99
O04409,C353,P25,1,25.99,2025-11-17 12:09:06,25.99,25.99
O04410,C100,P19,1,113.99,2026-05-02 19:55:12,113.99,1046.96
O04410,C100,P07,2,366.99,2026-05-02 19:55:12,733.98,1046.96
O04410,C100,P28,1,198.99,2026-05-02 19:55:12,198.99,1046.96
O04411,C454,P44,1,143.99,2025-05-13 08:02:28,143.99,191.98
O04411,C454,P36,1,47.99,2025-05-13 08:02:28,47.99,191.98
O04412,C289,P35,1,57.99,2025-07-15 22:57:53,57.99,454.97
O04412,C289,P21,1,196.99,2025-07-15 22:57:53,196.99,454.97
O04412,C289,P29,1,199.99,2025-07-15 22:57:53,199.99,454.97
O04413,C028,P28,1,198.99,2025-03-31 13:29:41,198.99,198.99
O04414,C047,P35,2,57.99,2025-07-09 19:15:41,115.98,126.97
O04414,C047,P40,1,10.99,2025-07-09 19:15:41,10.99,126.97
O04415,C243,P08,1,100.99,2024-08-21 05:17:36,100.99,100.99
O04416,C137,P17,1,22.99,2025-02-23 21:38:33,22.99,311.96
O04416,C137,P16,1,30.99,2025-02-23 21:38:33,30.99,311.96
O04416,C137,P29,1,199.99,2025-02-23 21:38:33,199.99,311.96
O04416,C137,P35,1,57.99,2025-02-23 21:38:33,57.99,311.96
O04417,C302,P29,1,199.99,2025-08-03 11:04:51,199.99,499.98
O04417,C302,P24,1,299.99,2025-08-03 11:04:51,299.99,499.98
O04418,C222,P50,1,191.99,2026-04-05 18:08:48,191.99,191.99
O04419,C492,P22,1,194.99,2025-09-12 23:10:30,194.99,512.96
O04419,C492,P50,1,191.99,2025-09-12 23:10:30,191.99,512.96
O04419,C492,P32,1,24.99,2025-09-12 23:10:30,24.99,512.96
O04419,C492,P08,1,100.99,2025-09-12 23:10:30,100.99,512.96
O04420,C038,P22,1,194.99,2024-11-09 07:00:01,194.99,668.97
O04420,C038,P30,2,236.99,2024-11-09 07:00:01,473.98,668.97
O04421,C179,P20,1,96.99,2025-12-28 03:23:14,96.99,96.99
O04422,C398,P47,2,41.99,2026-02-08 00:00:37,83.98,429.97
O04422,C398,P01,1,345.99,2026-02-08 00:00:37,345.99,429.97
O04423,C252,P45,1,110.99,2026-01-14 06:26:41,110.99,252.97
O04423,C252,P14,2,70.99,2026-01-14 06:26:41,141.98,252.97
O04424,C138,P42,1,58.99,2024-09-09 07:52:40,58.99,58.99
O04425,C302,P40,1,10.99,2025-12-02 13:46:59,10.99,298.97
O04425,C302,P44,2,143.99,2025-12-02 13:46:59,287.98,298.97
O04426,C444,P03,1,205.99,2026-03-24 14:52:01,205.99,404.98
O04426,C444,P28,1,198.99,2026-03-24 14:52:01,198.99,404.98
O04427,C481,P29,1,199.99,2025-12-20 08:50:15,199.99,199.99
O04428,C027,P43,3,138.99,2025-12-27 23:37:05,416.97,466.95
O04428,C027,P32,2,24.99,2025-12-27 23:37:05,49.98,466.95
O04429,C146,P41,1,199.99,2024-11-24 17:28:05,199.99,251.97
O04429,C146,P25,2,25.99,2024-11-24 17:28:05,51.98,251.97
O04430,C235,P46,1,154.99,2025-05-08 02:58:22,154.99,276.97
O04430,C235,P32,1,24.99,2025-05-08 02:58:22,24.99,276.97
O04430,C235,P20,1,96.99,2025-05-08 02:58:22,96.99,276.97
O04431,C192,P19,1,113.99,2026-02-03 13:27:07,113.99,191.98
O04431,C192,P49,1,77.99,2026-02-03 07:57:07,77.99,191.98
O04432,C035,P41,1,199.99,2024-12-23 15:32:23,199.99,652.97
O04432,C035,P05,1,429.99,2024-12-23 15:32:23,429.99,652.97
O04432,C035,P17,1,22.99,2024-12-23 15:32:23,22.99,652.97
O04433,C241,P12,1,100.99,2024-11-16 06:45:16,100.99,503.98
O04433,C241,P06,1,402.99,2024-11-16 06:45:16,402.99,503.98
O04434,C366,P11,1,91.99,2025-06-08 18:53:51,91.99,192.98
O04434,C366,P08,1,100.99,2025-06-08 18:53:51,100.99,192.98
O04435,C008,P43,1,138.99,2025-05-31 03:13:55,138.99,820.95
O04435,C008,P45,2,110.99,2025-05-31 03:13:55,221.98,820.95
O04435,C008,P01,1,345.99,2025-05-31 03:13:55,345.99,820.95
O04435,C008,P19,1,113.99,2025-05-31 03:13:55,113.99,820.95
O04436,C215,P43,1,138.99,2025-05-24 15:04:23,138.99,284.97
O04436,C215,P18,1,44.99,2025-05-24 15:04:23,44.99,284.97
O04436,C215,P08,1,100.99,2025-05-24 15:04:23,100.99,284.97
O04437,C200,P15,1,18.99,2024-07-11 10:26:35,18.99,61.98
O04437,C200,P37,1,42.99,2024-07-11 10:26:35,42.99,61.98
O04438,C352,P32,2,24.99,2026-03-12 09:23:28,49.98,188.97
O04438,C352,P43,1,138.99,2026-03-12 09:23:00,138.99,188.97
O04439,C205,P17,1,22.99,2026-05-05 15:46:27,22.99,22.99
O04440,C202,P48,1,78.99,2024-08-17 11:08:00,78.99,273.98
O04440,C202,P22,1,194.99,2024-08-17 11:08:00,194.99,273.98
O04441,C224,P24,1,299.99,2025-01-12 10:59:11,299.99,299.99
O04442,C294,P36,1,47.99,2025-10-26 16:31:33,47.99,47.99
O04443,C074,P01,1,345.99,2025-06-06 09:47:17,345.99,345.99
O04444,C352,P39,1,21.99,2025-12-28 11:44:02,21.99,21.99
O04445,C424,P44,1,143.99,2025-10-15 21:14:41,143.99,188.98
O04445,C424,P18,1,44.99,2025-10-15 21:14:41,44.99,188.98
O04446,C246,P03,1,205.99,2024-11-03 13:55:27,205.99,205.99
O04447,C410,P35,1,57.99,2026-05-07 08:15:03,57.99,57.99
O04448,C291,P06,1,402.99,2026-01-23 07:15:00,402.99,402.99
O04449,C058,P23,1,205.99,2026-01-04 16:16:42,205.99,205.99
O04450,C273,P45,1,110.99,2025-01-25 16:31:20,110.99,110.99
O04451,C079,P27,1,239.99,2025-09-07 03:21:04,239.99,239.99
O04452,C480,P05,2,429.99,2026-01-20 14:45:33,859.98,859.98
O04453,C491,P46,1,154.99,2026-05-15 17:12:41,154.99,557.98
O04453,C491,P06,1,402.99,2026-05-15 11:42:41,402.99,557.98
O04454,C497,P16,1,30.99,2026-03-25 13:58:39,30.99,30.99
O04455,C105,P46,1,154.99,2026-01-11 17:45:51,154.99,233.98
O04455,C105,P48,1,78.99,2026-01-11 17:45:51,78.99,233.98
O04456,C035,P44,1,143.99,2025-06-02 17:59:00,143.99,143.99
O04457,C024,P08,1,100.99,2025-11-23 19:39:47,100.99,292.98
O04457,C024,P50,1,191.99,2025-11-23 19:39:47,191.99,292.98
O04458,C067,P31,1,16.99,2024-12-20 13:59:38,16.99,16.99
O04459,C486,P35,1,57.99,2025-11-17 06:25:51,57.99,320.96
O04459,C486,P19,2,113.99,2025-11-17 06:25:51,227.98,320.96
O04459,C486,P09,1,34.99,2025-11-17 06:25:51,34.99,320.96
O04460,C249,P47,1,41.99,2026-06-05 14:12:27,41.99,41.99
O04461,C454,P42,3,58.99,2026-06-25 02:52:56,176.97,176.97
O04462,C419,P40,1,10.99,2026-05-06 02:38:48,10.99,10.99
O04463,C369,P43,1,138.99,2026-02-23 04:53:00,138.99,138.99
O04464,C052,P41,1,199.99,2026-04-19 03:49:55,199.99,672.97
O04464,C052,P05,1,429.99,2026-04-19 03:49:55,429.99,672.97
O04464,C052,P37,1,42.99,2026-04-19 03:49:55,42.99,672.97
O04465,C408,P45,1,110.99,2026-03-16 09:52:46,110.99,110.99
O04466,C019,P16,1,30.99,2024-09-28 10:27:26,30.99,30.99
O04467,C348,P09,1,34.99,2026-05-04 16:09:18,34.99,34.99
O04468,C166,P04,1,281.99,2024-12-11 17:05:17,281.99,281.99
O04469,C161,P05,2,429.99,2025-01-15 19:48:33,859.98,1093.95
O04469,C161,P44,1,143.99,2025-01-15 19:48:33,143.99,1093.95
O04469,C161,P18,2,44.99,2025-01-15 19:48:33,89.98,1093.95
O04470,C271,P01,1,345.99,2025-01-01 05:33:31,345.99,345.99
O04471,C382,P33,1,74.99,2026-04-25 23:55:15,74.99,677.96
O04471,C382,P04,2,281.99,2026-04-25 23:55:15,563.98,677.96
O04471,C382,P38,1,38.99,2026-04-25 23:55:15,38.99,677.96
O04472,C239,P13,1,114.99,2024-07-27 08:17:00,114.99,114.99
O04473,C465,P12,1,100.99,2025-11-08 14:30:06,100.99,131.98
O04473,C465,P16,1,30.99,2025-11-08 14:30:06,30.99,131.98
O04474,C124,P41,1,199.99,2026-05-10 04:48:55,199.99,199.99
O04475,C251,P29,1,199.99,2025-05-08 10:16:28,199.99,199.99
O04476,C183,P07,1,366.99,2025-06-13 07:21:20,366.99,366.99
O04477,C481,P44,1,143.99,2025-11-10 12:26:27,143.99,143.99
O04478,C112,P18,1,44.99,2026-01-03 18:47:55,44.99,44.99
O04479,C363,P42,1,58.99,2024-09-27 04:04:22,58.99,58.99
O04480,C453,P28,1,198.99,2025-10-12 07:40:15,198.99,382.97
O04480,C453,P11,2,91.99,2025-10-12 07:40:15,183.98,382.97
O04481,C277,P19,1,113.99,2026-06-11 20:56:21,113.99,313.98
O04481,C277,P29,1,199.99,2026-06-11 20:56:21,199.99,313.98
O04482,C453,P39,1,21.99,2026-04-17 02:53:08,21.99,433.97
O04482,C453,P03,2,205.99,2026-04-17 02:53:08,411.98,433.97
O04483,C353,P37,1,42.99,2026-01-26 04:28:22,42.99,153.98
O04483,C353,P45,1,110.99,2026-01-26 04:28:22,110.99,153.98
O04484,C342,P48,1,78.99,2026-05-18 09:51:11,78.99,78.99
O04485,C482,P26,1,87.99,2025-11-23 05:02:53,87.99,188.97
O04485,C482,P42,1,58.99,2025-11-23 05:02:53,58.99,188.97
O04485,C482,P47,1,41.99,2025-11-23 05:02:53,41.99,188.97
O04486,C368,P14,1,70.99,2025-11-01 08:12:25,70.99,70.99
O04487,C149,P27,1,239.99,2024-12-15 05:47:49,239.99,278.98
O04487,C149,P38,1,38.99,2024-12-15 05:47:49,38.99,278.98
O04488,C354,P41,1,199.99,2025-12-21 22:00:40,199.99,199.99
O04489,C471,P21,1,196.99,2026-06-05 14:25:45,196.99,288.98
O04489,C471,P11,1,91.99,2026-06-05 14:25:45,91.99,288.98
O04490,C322,P31,1,16.99,2026-04-14 14:58:34,16.99,16.99
O04491,C309,P03,1,205.99,2026-06-11 06:34:48,205.99,205.99
O04492,C302,P09,1,34.99,2025-05-11 01:42:27,34.99,34.99
O04493,C375,P22,1,194.99,2026-04-29 20:30:59,194.99,194.99
O04494,C190,P20,1,96.99,2025-08-22 03:30:10,96.99,333.98
O04494,C190,P30,1,236.99,2025-08-22 03:30:10,236.99,333.98
O04495,C141,P19,1,113.99,2026-01-07 20:13:14,113.99,113.99
O04496,C182,P19,1,113.99,2025-11-08 21:26:54,113.99,735.97
O04496,C182,P50,1,191.99,2025-11-08 21:26:54,191.99,735.97
O04496,C182,P05,1,429.99,2025-11-08 21:26:54,429.99,735.97
O04497,C171,P49,1,77.99,2024-10-23 10:31:13,77.99,77.99
O04498,C264,P44,1,143.99,2025-03-05 23:53:31,143.99,143.99
O04499,C361,P27,1,239.99,2026-02-08 11:58:37,239.99,239.99
O04500,C403,P21,1,196.99,2026-05-27 07:45:14,196.99,196.99
O04501,C292,P09,1,34.99,2026-02-12 23:17:33,34.99,34.99
O04502,C289,P22,1,194.99,2024-11-11 04:20:05,194.99,400.98
O04502,C289,P23,1,205.99,2024-11-11 04:20:05,205.99,400.98
O04503,C189,P32,1,24.99,2026-02-08 06:29:41,24.99,24.99
O04504,C024,P14,1,70.99,2024-12-22 09:09:59,70.99,70.99
O04505,C317,P32,1,24.99,2026-04-23 01:34:04,24.99,24.99
O04506,C303,P24,1,299.99,2026-05-17 03:01:39,299.99,499.98
O04506,C303,P41,1,199.99,2026-05-17 03:01:39,199.99,499.98
O04507,C344,P03,1,205.99,2024-12-27 04:10:38,205.99,608.98
O04507,C344,P06,1,402.99,2024-12-27 04:10:38,402.99,608.98
O04508,C484,P17,1,22.99,2026-05-30 18:25:57,22.99,22.99
O04509,C413,P13,2,114.99,2025-11-26 20:42:37,229.98,815.95
O04509,C413,P39,1,21.99,2025-11-26 20:42:37,21.99,815.95
O04509,C413,P04,2,281.99,2025-11-26 20:42:37,563.98,815.95
O04510,C338,P44,1,143.99,2026-07-05 09:48:31,143.99,143.99
O04511,C026,P26,1,87.99,2026-05-22 14:32:09,87.99,87.99
O04512,C201,P44,1,143.99,2025-03-15 09:44:35,143.99,143.99
O04513,C349,P33,2,74.99,2026-06-13 20:19:13,149.98,241.97
O04513,C349,P11,1,91.99,2026-06-13 20:19:13,91.99,241.97
O04514,C464,P22,1,194.99,2026-06-07 16:20:21,194.99,394.98
O04514,C464,P41,1,199.99,2026-06-07 16:20:21,199.99,394.98
O04515,C406,P14,1,70.99,2024-11-21 12:36:48,70.99,355.97
O04515,C406,P50,1,191.99,2024-11-21 12:36:48,191.99,355.97
O04515,C406,P10,1,92.99,2024-11-21 12:36:48,92.99,355.97
O04516,C126,P35,1,57.99,2025-11-01 09:45:52,57.99,234.97
O04516,C126,P46,1,154.99,2025-11-01 09:45:52,154.99,234.97
O04516,C126,P39,1,21.99,2025-11-01 09:45:52,21.99,234.97
O04517,C350,P16,1,30.99,2025-08-08 05:12:49,30.99,76.97
O04517,C350,P17,2,22.99,2025-08-08 05:12:49,45.98,76.97
O04518,C221,P20,1,96.99,2025-04-19 03:02:22,96.99,96.99
O04519,C381,P26,1,87.99,2025-12-05 17:03:24,87.99,254.97
O04519,C381,P11,1,91.99,2025-12-05 17:03:24,91.99,254.97
O04519,C381,P33,1,74.99,2025-12-05 17:03:24,74.99,254.97
O04520,C267,P17,1,22.99,2025-11-24 15:39:10,22.99,22.99
O04521,C131,P42,2,58.99,2026-03-27 07:43:59,117.98,261.97
O04521,C131,P44,1,143.99,2026-03-27 07:43:59,143.99,261.97
O04522,C267,P06,1,402.99,2026-05-28 19:45:20,402.99,402.99
O04523,C154,P16,1,30.99,2024-12-22 17:34:14,30.99,397.98
O04523,C154,P07,1,366.99,2024-12-22 17:34:14,366.99,397.98
O04524,C063,P38,1,38.99,2025-03-31 23:12:17,38.99,38.99
O04525,C070,P16,2,30.99,2025-11-06 06:31:31,61.98,261.97
O04525,C070,P41,1,199.99,2025-11-06 06:31:31,199.99,261.97
O04526,C002,P02,1,226.99,2024-09-26 21:56:10,226.99,226.99
O04527,C111,P10,1,92.99,2024-09-29 11:11:01,92.99,92.99
O04528,C051,P26,1,87.99,2025-03-02 06:04:59,87.99,87.99
O04529,C352,P36,1,47.99,2025-05-21 02:18:49,47.99,47.99
O04530,C086,P28,1,198.99,2025-06-21 05:15:07,198.99,215.98
O04530,C086,P31,1,16.99,2025-06-21 05:15:07,16.99,215.98
O04531,C094,P16,1,30.99,2025-10-25 19:01:57,30.99,536.97
O04531,C094,P07,1,366.99,2025-10-25 19:01:57,366.99,536.97
O04531,C094,P43,1,138.99,2025-10-25 19:01:57,138.99,536.97
O04532,C463,P45,1,110.99,2026-02-15 22:00:00,110.99,477.98
O04532,C463,P07,1,366.99,2026-02-15 22:00:00,366.99,477.98
O04533,C385,P14,1,70.99,2025-12-26 14:24:55,70.99,70.99
O04534,C090,P14,1,70.99,2026-05-11 09:33:15,70.99,70.99
O04535,C262,P21,1,196.99,2026-04-14 15:07:23,196.99,352.97
O04535,C262,P19,1,113.99,2026-04-14 15:07:23,113.99,352.97
O04535,C262,P47,1,41.99,2026-04-14 15:07:23,41.99,352.97
O04536,C239,P29,1,199.99,2026-06-14 01:57:45,199.99,545.98
O04536,C239,P01,1,345.99,2026-06-14 01:57:45,345.99,545.98
O04537,C496,P40,1,10.99,2025-11-09 01:54:16,10.99,10.99
O04538,C376,P47,1,41.99,2026-02-05 00:55:55,41.99,156.98
O04538,C376,P13,1,114.99,2026-02-05 00:55:55,114.99,156.98
O04539,C329,P44,1,143.99,2026-02-02 06:10:07,143.99,143.99
O04540,C192,P05,1,429.99,2026-03-01 22:13:11,429.99,429.99
O04541,C072,P11,1,91.99,2025-11-20 11:11:45,91.99,91.99
O04542,C336,P28,1,198.99,2026-03-28 05:05:14,198.99,198.99
O04543,C178,P11,1,91.99,2025-12-06 05:33:57,91.99,117.98
O04543,C178,P25,1,25.99,2025-12-06 05:33:57,25.99,117.98
O04544,C384,P28,3,198.99,2025-12-20 12:28:32,596.97,596.97
O04545,C240,P39,1,21.99,2025-12-31 23:34:26,21.99,367.98
O04545,C240,P01,1,345.99,2025-12-31 23:34:26,345.99,367.98
O04546,C097,P15,1,18.99,2025-07-12 08:48:10,18.99,18.99
O04547,C088,P44,1,143.99,2024-11-16 19:36:19,143.99,143.99
O04548,C483,P44,1,143.99,2026-03-21 20:54:01,143.99,143.99
O04549,C406,P04,1,281.99,2024-11-25 19:33:17,281.99,420.98
O04549,C406,P43,1,138.99,2024-11-25 19:33:17,138.99,420.98
O04550,C408,P36,1,47.99,2026-03-06 16:16:32,47.99,47.99
O04551,C476,P17,1,22.99,2025-08-20 01:14:50,22.99,22.99
O04552,C313,P15,1,18.99,2025-12-27 23:00:35,18.99,245.98
O04552,C313,P02,1,226.99,2025-12-27 23:00:35,226.99,245.98
O04553,C338,P21,2,196.99,2025-10-12 01:21:59,393.98,548.97
O04553,C338,P46,1,154.99,2025-12-10 01:21:59,154.99,548.97
O04554,C463,P29,2,199.99,2025-11-24 05:29:41,399.98,430.97
O04554,C463,P16,1,30.99,2025-11-24 05:29:41,30.99,430.97
O04555,C096,P16,1,30.99,2025-09-02 03:54:44,30.99,65.98
O04555,C096,P09,1,34.99,2025-09-02 03:54:44,34.99,65.98
O04556,C385,P13,1,114.99,2024-12-21 06:16:01,114.99,114.99
O04557,C274,P12,1,100.99,2024-08-02 19:38:02,100.99,100.99
O04558,C206,P18,1,44.99,2025-01-17 02:43:30,44.99,61.98
O04558,C206,P31,1,16.99,2025-01-17 02:43:30,16.99,61.98
O04559,C236,P29,1,199.99,2024-08-18 12:17:34,199.99,199.99
O04560,C468,P11,1,91.99,2026-04-26 12:12:40,91.99,114.98
O04560,C468,P17,1,22.99,2026-04-26 12:12:40,22.99,114.98
O04561,C339,P06,1,402.99,2026-01-09 09:40:19,402.99,433.98
O04561,C339,P16,1,30.99,2026-01-09 09:40:19,30.99,433.98
O04562,C062,P18,1,44.99,2025-09-14 03:06:48,44.99,350.97
O04562,C062,P22,1,194.99,2025-09-14 03:06:48,194.99,350.97
O04562,C062,P45,1,110.99,2025-09-14 03:06:48,110.99,350.97
O04563,C225,P18,1,44.99,2025-04-19 02:37:55,44.99,44.99
O04564,C378,P07,1,366.99,2025-05-01 15:02:36,366.99,366.99
O04565,C157,P03,2,205.99,2025-02-01 15:55:29,411.98,446.97
O04565,C157,P09,1,34.99,2025-02-01 15:55:29,34.99,446.97
O04567,C226,P10,1,92.99,2025-05-30 04:20:55,92.99,92.99
O04568,C470,P18,1,44.99,2025-11-24 18:41:44,44.99,44.99
O04570,C449,P31,2,16.99,2026-05-25 06:40:46,33.98,33.98
O04571,C322,P40,1,10.99,2026-01-23 22:57:16,10.99,10.99
O04572,C258,P34,1,53.99,2025-04-05 13:12:00,53.99,150.98
O04572,C258,P20,1,96.99,2025-04-05 13:12:45,96.99,150.98
O04573,C147,P15,1,18.99,2024-12-21 21:29:15,18.99,215.98
O04573,C147,P21,1,196.99,2024-12-21 21:29:15,196.99,215.98
O04574,C347,P47,1,41.99,2025-11-30 22:15:38,41.99,41.99
O04575,C339,P22,3,194.99,2025-12-07 05:50:09,584.97,584.97
O04576,C444,P25,1,25.99,2025-11-22 07:54:19,25.99,317.97
O04576,C444,P41,1,199.99,2025-11-22 07:54:19,199.99,317.97
O04576,C444,P11,1,91.99,2025-11-22 07:54:19,91.99,317.97
O04577,C126,P09,1,34.99,2024-12-22 01:07:16,34.99,437.98
O04577,C126,P06,1,402.99,2024-12-22 01:07:16,402.99,437.98
O04578,C131,P26,1,87.99,2026-03-21 10:11:55,87.99,87.99
O04579,C445,P24,1,299.99,2025-11-22 13:11:56,299.99,299.99
O04580,C146,P48,2,78.99,2024-12-23 11:23:51,157.98,216.97
O04580,C146,P42,1,58.99,2024-12-23 11:23:51,58.99,216.97
O04581,C447,P22,1,194.99,2025-12-09 04:05:04,194.99,194.99
O04582,C295,P11,1,91.99,2024-12-20 18:21:30,91.99,169.98
O04582,C295,P49,1,77.99,2024-12-20 18:21:30,77.99,169.98
O04583,C273,P25,1,25.99,2025-12-03 05:54:40,25.99,87.97
O04583,C273,P16,2,30.99,2025-12-03 05:54:40,61.98,87.97
O04584,C039,P49,1,77.99,2024-11-11 03:07:58,77.99,77.99
O04585,C313,P38,1,38.99,2025-11-07 08:42:24,38.99,38.99
O04586,C257,P21,1,196.99,2026-06-27 05:16:28,196.99,267.98
O04586,C257,P14,1,70.99,2026-06-27 05:16:28,70.99,267.98
O04587,C271,P08,1,100.99,2026-03-20 11:48:41,100.99,400.98
O04587,C271,P24,1,299.99,2026-03-20 11:48:41,299.99,400.98
O04588,C238,P42,2,58.99,2025-01-18 03:16:23,117.98,639.94
O04588,C238,P05,1,429.99,2025-01-18 03:16:23,429.99,639.94
O04588,C238,P34,1,53.99,2025-01-18 03:16:23,53.99,639.94
O04588,C238,P15,2,18.99,2025-01-18 03:16:23,37.98,639.94
O04589,C460,P11,1,91.99,2024-12-16 10:29:52,91.99,357.95
O04589,C460,P17,3,22.99,2024-12-16 10:29:52,68.97,357.95
O04589,C460,P21,1,196.99,2024-12-16 10:29:52,196.99,357.95
O04590,C258,P16,1,30.99,2024-09-27 08:25:19,30.99,160.95
O04590,C258,P48,1,78.99,2024-09-27 08:25:19,78.99,160.95
O04590,C258,P31,3,16.99,2024-09-27 08:25:19,50.97,160.95
O04591,C482,P41,1,199.99,2024-12-01 06:47:03,199.99,914.96
O04591,C482,P05,1,429.99,2024-12-01 01:17:03,429.99,914.96
O04591,C482,P18,1,44.99,2024-12-01 06:47:03,44.99,914.96
O04591,C482,P27,1,239.99,2024-12-01 06:47:03,239.99,914.96
O04592,C372,P29,2,199.99,2024-08-22 19:40:26,399.98,399.98
O04593,C311,P34,1,53.99,2024-11-09 04:51:54,53.99,78.98
O04593,C311,P32,1,24.99,2024-11-09 04:51:54,24.99,78.98
O04594,C019,P18,1,44.99,2025-03-22 00:27:04,44.99,647.97
O04594,C019,P29,1,199.99,2025-03-22 00:27:04,199.99,647.97
O04594,C019,P06,1,402.99,2025-03-22 00:27:04,402.99,647.97
O04595,C085,P03,1,205.99,2025-01-19 04:46:12,205.99,205.99
O04596,C131,P40,1,10.99,2025-12-19 05:58:30,10.99,10.99
O04597,C405,P12,1,100.99,2026-07-04 16:14:40,100.99,100.99
O04598,C201,P19,1,113.99,2026-03-26 08:47:44,113.99,299.97
O04598,C201,P10,2,92.99,2026-03-26 08:47:44,185.98,299.97
O04599,C317,P49,2,77.99,2025-11-19 12:39:38,155.98,505.95
O04599,C317,P29,1,199.99,2025-11-19 12:39:38,199.99,505.95
O04599,C317,P33,2,74.99,2025-11-19 12:39:38,149.98,505.95
O04600,C332,P17,1,22.99,2026-03-01 02:17:53,22.99,22.99
O04601,C329,P35,1,57.99,2026-04-06 15:10:15,57.99,654.96
O04601,C329,P28,3,198.99,2026-04-06 15:10:15,596.97,654.96
O04602,C297,P48,2,78.99,2025-03-07 16:45:59,157.98,644.94
O04602,C297,P39,1,21.99,2025-03-07 16:45:59,21.99,644.94
O04602,C297,P46,3,154.99,2025-03-07 16:45:59,464.97,644.94
O04603,C338,P32,1,24.99,2025-11-29 13:13:57,24.99,135.98
O04603,C338,P45,1,110.99,2025-11-29 13:13:57,110.99,135.98
O04604,C304,P31,1,16.99,2025-06-24 10:20:31,16.99,16.99
O04605,C308,P31,1,16.99,2026-04-05 06:24:28,16.99,16.99
O04606,C321,P47,1,41.99,2025-11-02 11:37:13,41.99,185.98
O04606,C321,P44,1,143.99,2025-11-02 11:37:13,143.99,185.98
O04607,C396,P22,2,194.99,2025-11-28 07:36:03,389.98,894.95
O04607,C396,P28,1,198.99,2025-11-28 07:36:03,198.99,894.95
O04607,C396,P48,1,78.99,2025-11-28 07:36:03,78.99,894.95
O04607,C396,P02,1,226.99,2025-11-28 07:36:03,226.99,894.95
O04608,C317,P40,1,10.99,2026-01-10 12:27:45,10.99,10.99
O04609,C183,P32,1,24.99,2025-01-10 14:58:58,24.99,24.99
O04610,C042,P09,1,34.99,2026-01-01 20:33:05,34.99,60.98
O04610,C042,P25,1,25.99,2026-01-02 02:03:05,25.99,60.98
O04611,C160,P09,1,34.99,2026-02-08 09:58:06,34.99,79.98
O04611,C160,P18,1,44.99,2026-02-08 09:58:06,44.99,79.98
O04612,C257,P24,1,299.99,2025-02-16 19:40:14,299.99,299.99
O04613,C081,P49,2,77.99,2026-04-01 20:15:30,155.98,197.97
O04613,C081,P47,1,41.99,2026-01-04 20:15:30,41.99,197.97
O04614,C422,P50,2,191.99,2025-11-21 13:58:43,383.98,1054.95
O04614,C422,P21,1,196.99,2025-11-21 13:58:43,196.99,1054.95
O04614,C422,P30,2,236.99,2025-11-21 13:58:43,473.98,1054.95
O04615,C287,P10,1,92.99,2026-01-15 23:22:46,92.99,1342.95
O04615,C287,P22,2,194.99,2026-01-15 23:22:46,389.98,1342.95
O04615,C287,P05,2,429.99,2026-01-15 23:22:46,859.98,1342.95
O04616,C382,P41,1,199.99,2026-04-15 09:26:29,199.99,481.98
O04616,C382,P04,1,281.99,2026-04-15 09:26:29,281.99,481.98
O04617,C167,P41,1,199.99,2025-12-23 05:54:30,199.99,300.98
O04617,C167,P12,1,100.99,2025-12-23 05:54:30,100.99,300.98
O04618,C390,P40,1,10.99,2026-02-22 13:20:56,10.99,10.99
O04619,C131,P10,1,92.99,2025-11-18 18:59:36,92.99,374.98
O04619,C131,P04,1,281.99,2025-11-18 18:59:36,281.99,374.98
O04620,C174,P49,1,77.99,2024-12-21 14:00:03,77.99,480.98
O04620,C174,P06,1,402.99,2024-12-21 14:00:03,402.99,480.98
O04621,C482,P31,1,16.99,2024-11-17 04:26:36,16.99,213.98
O04621,C482,P21,1,196.99,2024-11-17 04:26:36,196.99,213.98
O04622,C175,P25,1,25.99,2024-09-06 06:43:38,25.99,211.97
O04622,C175,P46,1,154.99,2024-09-06 06:43:38,154.99,211.97
O04622,C175,P16,1,30.99,2024-09-06 06:43:38,30.99,211.97
O04623,C160,P04,1,281.99,2024-11-01 13:47:10,281.99,281.99
O04624,C073,P05,1,429.99,2024-07-25 07:13:16,429.99,505.97
O04624,C073,P34,1,53.99,2024-07-25 07:13:16,53.99,505.97
O04624,C073,P39,1,21.99,2024-07-25 07:13:16,21.99,505.97
O04625,C267,P13,1,114.99,2024-11-18 12:57:22,114.99,435.96
O04625,C267,P43,1,138.99,2024-11-18 12:57:22,138.99,435.96
O04625,C267,P14,1,70.99,2024-11-18 12:57:22,70.99,435.96
O04625,C267,P45,1,110.99,2024-11-18 12:57:22,110.99,435.96
O04626,C247,P48,1,78.99,2024-09-21 12:03:15,78.99,78.99
O04627,C119,P42,1,58.99,2024-08-30 11:18:18,58.99,58.99
O04628,C215,P02,1,226.99,2025-11-09 13:03:42,226.99,226.99
O04629,C471,P04,1,281.99,2025-12-15 07:30:58,281.99,365.97
O04629,C471,P47,2,41.99,2025-12-15 07:30:58,83.98,365.97
O04630,C017,P27,2,239.99,2025-09-17 13:31:46,479.98,1009.94
O04630,C017,P32,1,24.99,2025-09-17 13:31:46,24.99,1009.94
O04630,C017,P30,2,236.99,2025-09-17 13:31:46,473.98,1009.94
O04630,C017,P16,1,30.99,2025-09-17 13:31:46,30.99,1009.94
O04631,C183,P17,2,22.99,2025-02-16 10:39:56,45.98,45.98
O04632,C259,P13,1,114.99,2024-10-13 10:51:55,114.99,320.98
O04632,C259,P23,1,205.99,2024-10-13 10:51:55,205.99,320.98
O04633,C056,P21,1,196.99,2026-04-07 04:24:39,196.99,196.99
O04634,C121,P13,1,114.99,2026-01-24 17:39:46,114.99,225.98
O04634,C121,P45,1,110.99,2026-01-24 17:39:46,110.99,225.98
O04635,C450,P20,1,96.99,2025-06-04 11:43:47,96.99,406.96
O04635,C450,P42,1,58.99,2025-06-04 11:43:47,58.99,406.96
O04635,C450,P34,1,53.99,2025-06-04 11:43:47,53.99,406.96
O04635,C450,P21,1,196.99,2025-06-04 11:43:47,196.99,406.96
O04636,C129,P25,1,25.99,2024-07-20 04:51:50,25.99,25.99
O04637,C368,P20,1,96.99,2025-08-16 20:07:47,96.99,205.96
O04637,C368,P33,1,74.99,2025-08-16 20:07:47,74.99,205.96
O04637,C368,P31,2,16.99,2025-08-16 20:07:47,33.98,205.96
O04638,C216,P43,2,138.99,2026-05-30 17:15:47,277.98,695.94
O04638,C216,P09,2,34.99,2026-05-30 17:15:47,69.98,695.94
O04638,C216,P30,1,236.99,2026-05-30 17:15:47,236.99,695.94
O04638,C216,P45,1,110.99,2026-05-30 17:15:47,110.99,695.94
O04639,C299,P11,1,91.99,2024-12-26 13:36:20,91.99,436.97
O04639,C299,P23,1,205.99,2024-12-26 13:36:20,205.99,436.97
O04639,C299,P43,1,138.99,2024-12-26 13:36:20,138.99,436.97
O04640,C491,P08,1,100.99,2026-04-19 19:13:29,100.99,100.99
O04641,C280,P06,1,402.99,2024-11-19 08:33:49,402.99,441.98
O04641,C280,P38,1,38.99,2024-11-19 08:33:49,38.99,441.98
O04642,C302,P06,1,402.99,2026-06-11 09:53:38,402.99,402.99
O04643,C372,P38,1,38.99,2025-02-19 18:04:47,38.99,83.98
O04643,C372,P18,1,44.99,2025-02-19 18:04:47,44.99,83.98
O04644,C337,P10,1,92.99,2026-07-05 09:27:16,92.99,123.98
O04644,C337,P16,1,30.99,2026-07-05 09:27:16,30.99,123.98
O04645,C133,P48,1,78.99,2024-09-08 11:10:19,78.99,158.97
O04645,C133,P34,1,53.99,2024-09-08 11:10:19,53.99,158.97
O04645,C133,P25,1,25.99,2024-09-08 11:10:19,25.99,158.97
O04646,C456,P32,1,24.99,2025-05-23 02:32:37,24.99,24.99
O04647,C178,P29,2,199.99,2025-12-20 03:57:43,399.98,399.98
O04648,C384,P10,1,92.99,2026-05-08 21:48:14,92.99,92.99
O04649,C488,P45,1,110.99,2025-12-14 01:47:08,110.99,619.97
O04649,C488,P02,1,226.99,2025-12-14 01:47:08,226.99,619.97
O04649,C488,P04,1,281.99,2025-12-14 01:47:08,281.99,619.97
O04650,C248,P18,1,44.99,2026-04-05 01:53:40,44.99,44.99
O04651,C217,P43,1,138.99,2024-08-12 07:06:26,138.99,138.99
O04652,C383,P06,2,402.99,2025-12-07 19:08:51,805.98,831.97
O04652,C383,P25,1,25.99,2025-12-07 19:08:51,25.99,831.97
O04653,C166,P46,1,154.99,2026-02-12 15:22:18,154.99,229.98
O04653,C166,P33,1,74.99,2026-02-12 15:22:18,74.99,229.98
O04654,C104,P33,1,74.99,2026-03-08 17:48:25,74.99,74.99
O04655,C047,P26,1,87.99,2026-05-30 21:03:27,87.99,216.97
O04655,C047,P34,1,53.99,2026-05-30 21:03:27,53.99,216.97
O04655,C047,P33,1,74.99,2026-05-30 21:03:27,74.99,216.97
O04656,C355,P27,1,239.99,2025-07-31 08:13:26,239.99,239.99
O04657,C299,P48,1,78.99,2026-03-29 01:36:15,78.99,78.99
O04658,C129,P21,1,196.99,2025-04-12 00:21:36,196.99,509.96
O04658,C129,P08,2,100.99,2025-04-12 00:21:36,201.98,509.96
O04658,C129,P45,1,110.99,2025-04-12 00:21:36,110.99,509.96
O04659,C107,P24,2,299.99,2025-09-23 13:12:11,599.98,599.98
O04660,C262,P09,1,34.99,2024-11-07 12:38:25,34.99,34.99
O04661,C075,P48,2,78.99,2025-11-05 13:57:36,157.98,157.98
O04662,C286,P36,1,47.99,2026-02-09 22:56:24,47.99,144.98
O04662,C286,P20,1,96.99,2026-02-09 22:56:24,96.99,144.98
O04663,C424,P37,1,42.99,2025-09-22 19:26:47,42.99,42.99
O04664,C115,P46,1,154.99,2024-08-26 00:01:40,154.99,154.99
O04665,C293,P37,1,42.99,2026-03-14 05:11:48,42.99,42.99
O04666,C217,P19,1,113.99,2024-12-14 07:00:07,113.99,113.99
O04667,C470,P07,1,366.99,2026-03-07 00:07:31,366.99,366.99
O04668,C047,P44,1,143.99,2025-09-07 16:55:27,143.99,143.99
O04669,C429,P01,1,345.99,2026-05-18 15:52:14,345.99,678.97
O04669,C429,P27,1,239.99,2026-05-18 21:22:14,239.99,678.97
O04669,C429,P10,1,92.99,2026-05-18 21:22:14,92.99,678.97
O04670,C214,P24,1,299.99,2025-06-08 20:47:22,299.99,299.99
O04671,C375,P01,1,345.99,2025-10-25 19:33:19,345.99,694.96
O04671,C375,P20,2,96.99,2025-10-25 19:33:19,193.98,694.96
O04671,C375,P46,1,154.99,2025-10-25 19:33:19,154.99,694.96
O04672,C105,P46,1,154.99,2024-07-21 04:19:49,154.99,354.98
O04672,C105,P29,1,199.99,2024-07-21 04:19:49,199.99,354.98
O04673,C196,P22,1,194.99,2024-11-29 10:08:43,194.99,434.98
O04673,C196,P27,1,239.99,2024-11-29 10:08:43,239.99,434.98
O04674,C354,P01,1,345.99,2025-12-18 00:15:53,345.99,843.96
O04674,C354,P44,1,143.99,2025-12-18 00:15:53,143.99,843.96
O04674,C354,P28,1,198.99,2025-12-18 00:15:00,198.99,843.96
O04674,C354,P46,1,154.99,2025-12-18 00:15:53,154.99,843.96
O04675,C072,P43,1,138.99,2025-11-12 17:21:12,138.99,723.97
O04675,C072,P05,1,429.99,2025-11-12 17:21:12,429.99,723.97
O04675,C072,P46,1,154.99,2025-11-12 17:21:12,154.99,723.97
O04676,C391,P14,1,70.99,2024-11-23 15:50:38,70.99,70.99
O04677,C218,P40,1,10.99,2025-03-22 07:25:41,10.99,107.98
O04677,C218,P20,1,96.99,2025-03-22 07:25:41,96.99,107.98
O04678,C333,P18,1,44.99,2026-03-02 13:54:20,44.99,239.98
O04678,C333,P22,1,194.99,2026-03-02 13:54:20,194.99,239.98
O04679,C351,P39,3,21.99,2025-10-26 01:45:11,65.97,110.96
O04679,C351,P18,1,44.99,2025-10-26 01:45:11,44.99,110.96
O04680,C116,P43,1,138.99,2025-06-27 06:22:40,138.99,217.98
O04680,C116,P48,1,78.99,2025-06-27 06:22:40,78.99,217.98
O04681,C364,P45,1,110.99,2025-12-04 10:08:54,110.99,305.98
O04681,C364,P22,1,194.99,2025-12-04 10:08:54,194.99,305.98
O04682,C299,P47,1,41.99,2025-11-01 01:52:51,41.99,354.97
O04682,C299,P16,1,30.99,2025-11-01 01:52:51,30.99,354.97
O04682,C299,P04,1,281.99,2025-11-01 01:52:51,281.99,354.97
O04683,C234,P22,1,194.99,2025-12-29 04:44:54,194.99,380.97
O04683,C234,P10,2,92.99,2025-12-29 04:44:54,185.98,380.97
O04684,C150,P47,1,41.99,2025-12-31 19:04:32,41.99,41.99
O04685,C259,P46,1,154.99,2024-12-10 16:57:10,154.99,781.97
O04685,C259,P05,1,429.99,2024-12-10 16:57:10,429.99,781.97
O04685,C259,P21,1,196.99,2024-12-10 16:57:10,196.99,781.97
O04686,C212,P27,1,239.99,2024-12-21 02:15:25,239.99,445.98
O04686,C212,P23,1,205.99,2024-12-21 02:15:25,205.99,445.98
O04687,C071,P49,1,77.99,2025-07-13 05:08:45,77.99,470.97
O04687,C071,P25,1,25.99,2025-07-13 05:08:45,25.99,470.97
O04687,C071,P07,1,366.99,2025-07-13 05:08:45,366.99,470.97
O04688,C363,P09,1,34.99,2026-05-04 21:52:01,34.99,174.97
O04688,C363,P37,1,42.99,2026-05-04 21:52:01,42.99,174.97
O04688,C363,P20,1,96.99,2026-05-04 21:52:01,96.99,174.97
O04689,C098,P21,1,196.99,2025-11-15 18:22:16,196.99,433.98
O04689,C098,P30,1,236.99,2025-11-15 23:52:16,236.99,433.98
O04690,C210,P35,1,57.99,2026-03-03 02:46:56,57.99,57.99
O04691,C224,P03,2,205.99,2025-02-11 10:01:49,411.98,721.96
O04691,C224,P46,2,154.99,2025-02-11 10:01:49,309.98,721.96
O04692,C358,P33,1,74.99,2025-10-11 11:46:25,74.99,189.98
O04692,C358,P13,1,114.99,2025-10-11 11:46:25,114.99,189.98
O04693,C357,P49,1,77.99,2026-02-15 23:50:48,77.99,77.99
O04694,C097,P19,1,113.99,2025-03-21 00:59:07,113.99,516.98
O04694,C097,P06,1,402.99,2025-03-21 00:59:07,402.99,516.98
O04695,C213,P27,1,239.99,2025-03-20 17:49:20,239.99,445.98
O04695,C213,P03,1,205.99,2025-03-20 17:49:20,205.99,445.98
O04696,C022,P02,2,226.99,2026-07-02 14:08:00,453.98,472.97
O04696,C022,P15,1,18.99,2026-07-02 14:08:00,18.99,472.97
O04697,C282,P37,1,42.99,2026-05-12 03:04:10,42.99,42.99
O04698,C203,P02,1,226.99,2026-02-21 13:14:28,226.99,226.99
O04699,C228,P25,1,25.99,2024-12-05 08:32:14,25.99,582.96
O04699,C228,P24,1,299.99,2024-12-05 08:32:14,299.99,582.96
O04699,C228,P27,1,239.99,2024-12-05 08:32:14,239.99,582.96
O04699,C228,P31,1,16.99,2024-12-05 08:32:14,16.99,582.96
O04700,C178,P13,1,114.99,2025-04-10 10:31:51,114.99,114.99
O04701,C251,P13,1,114.99,2025-06-15 10:16:25,114.99,167.97
O04701,C251,P39,1,21.99,2025-06-15 10:16:25,21.99,167.97
O04701,C251,P16,1,30.99,2025-06-15 10:16:25,30.99,167.97
O04702,C303,P42,1,58.99,2026-06-30 10:17:27,58.99,141.97
O04702,C303,P35,1,57.99,2026-06-30 10:17:27,57.99,141.97
O04702,C303,P32,1,24.99,2026-06-30 10:17:27,24.99,141.97
O04703,C387,P11,1,91.99,2025-08-17 16:27:34,91.99,91.99
O04704,C049,P27,1,239.99,2024-11-03 18:51:11,239.99,239.99
O04705,C140,P37,1,42.99,2026-06-21 16:57:03,42.99,239.98
O04705,C140,P21,1,196.99,2026-06-21 16:57:03,196.99,239.98
O04706,C435,P39,1,21.99,2025-06-28 09:24:07,21.99,450.97
O04706,C435,P30,1,236.99,2025-06-28 09:24:07,236.99,450.97
O04706,C435,P50,1,191.99,2025-06-28 09:24:07,191.99,450.97
O04707,C297,P17,2,22.99,2025-11-16 01:28:13,45.98,45.98
O04708,C364,P26,1,87.99,2025-11-30 09:46:31,87.99,87.99
O04709,C119,P07,1,366.99,2026-01-23 20:02:35,366.99,437.98
O04709,C119,P14,1,70.99,2026-01-23 20:02:35,70.99,437.98
O04710,C485,P07,1,366.99,2025-11-02 15:04:33,366.99,366.99
O04711,C007,P17,1,22.99,2025-02-18 04:59:42,22.99,81.98
O04711,C007,P42,1,58.99,2025-02-18 04:59:42,58.99,81.98
O04712,C323,P13,1,114.99,2025-10-11 02:57:37,114.99,192.98
O04712,C323,P49,1,77.99,2025-10-11 02:57:37,77.99,192.98
O04713,C383,P05,1,429.99,2025-06-15 09:10:42,429.99,530.98
O04713,C383,P12,1,100.99,2025-06-15 09:10:42,100.99,530.98
O04714,C320,P49,1,77.99,2026-01-09 18:02:46,77.99,269.98
O04714,C320,P50,1,191.99,2026-01-09 18:02:46,191.99,269.98
O04715,C364,P03,1,205.99,2025-12-30 13:29:24,205.99,431.97
O04715,C364,P41,1,199.99,2025-12-30 13:29:00,199.99,431.97
O04715,C364,P25,1,25.99,2025-12-30 13:29:24,25.99,431.97
O04716,C481,P20,1,96.99,2025-12-12 02:57:12,96.99,323.98
O04716,C481,P02,1,226.99,2025-12-12 02:57:12,226.99,323.98
O04717,C419,P19,1,113.99,2026-06-26 17:13:34,113.99,113.99
O04718,C335,P16,1,30.99,2025-11-13 16:06:32,30.99,30.99
O04719,C388,P29,1,199.99,2026-05-08 06:40:39,199.99,700.97
O04719,C388,P46,1,154.99,2026-05-08 06:40:39,154.99,700.97
O04719,C388,P01,1,345.99,2026-05-08 06:40:39,345.99,700.97
O04720,C086,P36,1,47.99,2026-03-15 15:07:22,47.99,844.96
O04720,C086,P06,1,402.99,2026-03-15 09:37:22,402.99,844.96
O04720,C086,P21,2,196.99,2026-03-15 15:07:22,393.98,844.96
O04721,C040,P29,1,199.99,2026-01-16 16:26:03,199.99,199.99
O04722,C232,P43,1,138.99,2025-06-29 18:08:45,138.99,186.98
O04722,C232,P36,1,47.99,2025-06-29 18:08:45,47.99,186.98
O04723,C018,P29,1,199.99,2026-03-14 01:58:09,199.99,396.98
O04723,C018,P21,1,196.99,2026-03-14 01:58:09,196.99,396.98
O04724,C184,P14,1,70.99,2025-07-08 05:15:43,70.99,656.97
O04724,C184,P27,1,239.99,2025-07-08 05:15:43,239.99,656.97
O04724,C184,P01,1,345.99,2025-07-08 05:15:43,345.99,656.97
O04725,C305,P43,1,138.99,2026-05-06 05:17:48,138.99,239.98
O04725,C305,P12,1,100.99,2026-05-06 05:17:48,100.99,239.98
O04726,C451,P27,1,239.99,2026-03-04 06:59:25,239.99,239.99
O04727,C133,P15,1,18.99,2025-11-25 03:44:47,18.99,18.99
O04728,C392,P20,1,96.99,2026-03-28 14:46:19,96.99,496.95
O04728,C392,P44,2,143.99,2026-03-28 14:46:19,287.98,496.95
O04728,C392,P34,1,53.99,2026-03-28 14:46:19,53.99,496.95
O04728,C392,P35,1,57.99,2026-03-28 14:46:19,57.99,496.95
O04729,C432,P34,1,53.99,2026-06-14 18:03:45,53.99,53.99
O04730,C054,P28,1,198.99,2025-12-19 03:52:07,198.99,198.99
O04731,C128,P30,1,236.99,2025-12-28 17:55:22,236.99,236.99
O04732,C377,P27,1,239.99,2025-06-03 01:41:23,239.99,239.99
O04733,C434,P48,1,78.99,2026-06-27 00:38:34,78.99,78.99
O04734,C035,P04,1,281.99,2026-02-28 07:16:27,281.99,281.99
O04735,C249,P20,1,96.99,2025-01-21 13:03:15,96.99,587.96
O04735,C249,P48,1,78.99,2025-01-21 13:03:15,78.99,587.96
O04735,C249,P23,2,205.99,2025-01-21 13:03:15,411.98,587.96
O04736,C399,P24,1,299.99,2025-10-04 04:15:19,299.99,334.98
O04736,C399,P09,1,34.99,2025-10-04 04:15:19,34.99,334.98
O04737,C028,P47,2,41.99,2025-02-08 10:55:56,83.98,154.96
O04737,C028,P31,1,16.99,2025-02-08 10:55:56,16.99,154.96
O04737,C028,P34,1,53.99,2025-02-08 10:55:56,53.99,154.96
O04738,C275,P18,3,44.99,2025-08-15 20:12:51,134.97,134.97
O04739,C379,P43,1,138.99,2026-05-09 04:29:05,138.99,138.99
O04740,C344,P41,1,199.99,2025-05-29 05:45:59,199.99,225.98
O04740,C344,P25,1,25.99,2025-05-29 05:45:59,25.99,225.98
O04741,C377,P14,1,70.99,2025-01-11 13:46:51,70.99,70.99
O04743,C445,P47,1,41.99,2025-06-01 03:50:39,41.99,41.99
O04744,C144,P15,1,18.99,2024-09-25 22:11:59,18.99,319.94
O04744,C144,P09,2,34.99,2024-09-25 22:11:59,69.98,319.94
O04744,C144,P33,1,74.99,2024-09-25 22:11:59,74.99,319.94
O04744,C144,P49,2,77.99,2024-09-25 22:11:59,155.98,319.94
O04745,C095,P07,1,366.99,2025-02-16 21:37:16,366.99,741.97
O04745,C095,P33,1,74.99,2025-02-16 21:37:16,74.99,741.97
O04745,C095,P24,1,299.99,2025-02-16 21:37:16,299.99,741.97
O04746,C277,P16,1,30.99,2025-10-17 10:34:57,30.99,433.98
O04746,C277,P06,1,402.99,2025-10-17 10:34:57,402.99,433.98
O04747,C456,P11,1,91.99,2025-09-13 12:14:01,91.99,91.99
O04748,C221,P01,1,345.99,2025-06-12 10:42:19,345.99,842.96
O04748,C221,P20,1,96.99,2025-06-12 10:42:19,96.99,842.96
O04748,C221,P29,2,199.99,2025-06-12 10:42:19,399.98,842.96
O04749,C185,P46,1,154.99,2025-05-14 13:53:50,154.99,353.98
O04749,C185,P28,1,198.99,2025-05-14 13:53:50,198.99,353.98
O04750,C076,P35,1,57.99,2025-12-26 11:03:33,57.99,57.99
O04751,C275,P25,1,25.99,2025-01-16 09:40:13,25.99,25.99
O04752,C349,P11,2,91.99,2025-11-03 17:11:13,183.98,183.98
O04753,C279,P19,1,113.99,2025-05-11 16:38:50,113.99,289.97
O04753,C279,P26,2,87.99,2025-05-11 16:38:50,175.98,289.97
O04754,C110,P36,1,47.99,2025-03-29 02:25:12,47.99,47.99
O04755,C022,P10,1,92.99,2024-10-06 05:47:25,92.99,897.95
O04755,C022,P33,1,74.99,2024-10-06 05:47:25,74.99,897.95
O04755,C022,P50,2,191.99,2024-10-06 05:47:25,383.98,897.95
O04755,C022,P01,1,345.99,2024-10-06 05:47:25,345.99,897.95
O04756,C026,P19,1,113.99,2025-07-19 09:50:56,113.99,156.98
O04756,C026,P37,1,42.99,2025-07-19 09:50:56,42.99,156.98
O04757,C414,P44,1,143.99,2026-07-05 08:54:41,143.99,349.98
O04757,C414,P03,1,205.99,2026-07-05 08:54:41,205.99,349.98
O04758,C366,P25,1,25.99,2026-06-06 03:24:26,25.99,25.99
O04759,C385,P20,1,96.99,2026-06-13 16:17:23,96.99,640.97
O04759,C385,P05,1,429.99,2026-06-13 16:17:23,429.99,640.97
O04759,C385,P19,1,113.99,2026-06-13 16:17:23,113.99,640.97
O04760,C316,P23,1,205.99,2026-04-18 12:09:10,205.99,713.97
O04760,C316,P05,1,429.99,2026-04-18 12:09:10,429.99,713.97
O04760,C316,P49,1,77.99,2026-04-18 12:09:10,77.99,713.97
O04761,C270,P27,1,239.99,2025-04-29 01:24:46,239.99,663.96
O04761,C270,P48,1,78.99,2025-04-29 01:24:46,78.99,663.96
O04761,C270,P03,1,205.99,2025-04-29 01:24:46,205.99,663.96
O04761,C270,P43,1,138.99,2025-04-29 01:24:46,138.99,663.96
O04762,C215,P43,1,138.99,2025-09-27 20:06:28,138.99,138.99
O04763,C262,P25,1,25.99,2026-01-31 19:06:58,25.99,192.96
O04763,C262,P09,2,34.99,2026-01-31 19:06:58,69.98,192.96
O04763,C262,P20,1,96.99,2026-01-31 19:06:58,96.99,192.96
O04764,C321,P15,1,18.99,2025-12-30 17:18:20,18.99,1263.94
O04764,C321,P10,2,92.99,2025-12-30 17:18:20,185.98,1263.94
O04764,C321,P05,2,429.99,2025-12-30 17:18:20,859.98,1263.94
O04764,C321,P28,1,198.99,2025-12-30 17:18:20,198.99,1263.94
O04765,C460,P48,1,78.99,2024-12-08 16:36:12,78.99,78.99
O04766,C428,P01,1,345.99,2025-01-05 02:51:04,345.99,489.98
O04766,C428,P44,1,143.99,2025-01-05 02:51:04,143.99,489.98
O04767,C265,P23,2,205.99,2025-03-13 05:15:42,411.98,611.97
O04767,C265,P41,1,199.99,2025-03-13 05:15:42,199.99,611.97
O04768,C218,P15,1,18.99,2025-05-05 03:16:34,18.99,18.99
O04769,C398,P21,1,196.99,2025-12-21 02:16:29,196.99,402.98
O04769,C398,P23,1,205.99,2025-12-21 02:16:29,205.99,402.98
O04770,C088,P49,1,77.99,2025-08-31 17:44:10,77.99,77.99
O04771,C081,P05,1,429.99,2024-07-09 05:32:42,429.99,753.96
O04771,C081,P23,1,205.99,2024-07-09 05:32:42,205.99,753.96
O04771,C081,P42,2,58.99,2024-07-09 05:32:42,117.98,753.96
O04772,C349,P36,3,47.99,2025-07-12 03:54:28,143.97,590.95
O04772,C349,P01,1,345.99,2025-07-12 03:54:28,345.99,590.95
O04772,C349,P08,1,100.99,2025-07-12 03:54:28,100.99,590.95
O04773,C086,P31,1,16.99,2025-02-03 01:54:20,16.99,95.98
O04773,C086,P48,1,78.99,2025-02-03 01:54:20,78.99,95.98
O04774,C143,P19,1,113.99,2025-12-14 19:04:14,113.99,457.96
O04774,C143,P16,2,30.99,2025-12-14 19:04:14,61.98,457.96
O04774,C143,P04,1,281.99,2025-12-14 19:04:14,281.99,457.96
O04775,C188,P10,1,92.99,2024-08-15 05:31:16,92.99,123.98
O04775,C188,P16,1,30.99,2024-08-15 05:31:16,30.99,123.98
O04776,C145,P26,1,87.99,2024-12-31 21:53:14,87.99,87.99
O04777,C108,P36,1,47.99,2025-10-01 18:17:09,47.99,331.97
O04777,C108,P49,1,77.99,2025-10-01 18:17:09,77.99,331.97
O04777,C108,P23,1,205.99,2025-10-01 18:17:09,205.99,331.97
O04779,C126,P02,3,226.99,2026-01-31 18:41:02,680.97,875.96
O04779,C126,P22,1,194.99,2026-01-31 18:41:02,194.99,875.96
O04780,C140,P22,1,194.99,2026-05-10 16:54:31,194.99,233.98
O04780,C140,P38,1,38.99,2026-05-10 16:54:31,38.99,233.98
O04781,C286,P04,1,281.99,2024-10-27 06:29:31,281.99,281.99
O04782,C248,P37,1,42.99,2024-12-15 08:30:36,42.99,409.98
O04782,C248,P07,1,366.99,2024-12-15 08:30:36,366.99,409.98
O04783,C249,P17,1,22.99,2026-05-11 22:00:01,22.99,22.99
O04784,C271,P34,1,53.99,2025-11-19 16:44:17,53.99,336.97
O04784,C271,P26,1,87.99,2025-11-19 16:44:17,87.99,336.97
O04784,C271,P22,1,194.99,2025-11-19 16:44:17,194.99,336.97
O04785,C151,P01,1,345.99,2025-12-26 19:24:25,345.99,345.99
O04786,C113,P31,1,16.99,2025-03-30 23:03:49,16.99,16.99
O04787,C076,P34,1,53.99,2024-07-10 03:34:00,53.99,53.99
O04788,C257,P35,1,57.99,2025-11-04 11:53:54,57.99,57.99
O04789,C300,P50,1,191.99,2025-10-27 00:19:13,191.99,491.98
O04789,C300,P24,1,299.99,2025-10-27 00:19:13,299.99,491.98
O04790,C203,P24,1,299.99,2025-10-12 22:21:30,299.99,644.96
O04790,C203,P09,1,34.99,2025-10-12 22:21:00,34.99,644.96
O04790,C203,P45,1,110.99,2025-10-12 22:21:30,110.99,644.96
O04790,C203,P28,1,198.99,2025-10-12 22:21:30,198.99,644.96
O04791,C342,P05,1,429.99,2026-01-29 13:12:25,429.99,429.99
O04792,C077,P16,1,30.99,2024-12-19 20:35:04,30.99,30.99
O04793,C454,P15,1,18.99,2025-02-12 19:53:56,18.99,107.97
O04793,C454,P49,1,77.99,2025-02-12 19:53:56,77.99,107.97
O04793,C454,P40,1,10.99,2025-02-12 19:53:56,10.99,107.97
O04794,C184,P26,1,87.99,2024-12-11 11:08:47,87.99,293.98
O04794,C184,P03,1,205.99,2024-12-11 11:08:47,205.99,293.98
O04795,C178,P16,2,30.99,2024-11-22 19:51:35,61.98,330.96
O04795,C178,P19,1,113.99,2024-11-22 19:51:35,113.99,330.96
O04795,C178,P46,1,154.99,2024-11-22 19:51:35,154.99,330.96
O04796,C415,P18,1,44.99,2025-11-13 23:19:29,44.99,251.95
O04796,C415,P47,1,41.99,2025-11-13 23:19:29,41.99,251.95
O04796,C415,P32,2,24.99,2025-11-13 23:19:29,49.98,251.95
O04796,C415,P13,1,114.99,2025-11-13 23:19:29,114.99,251.95
O04797,C390,P30,1,236.99,2025-10-11 19:02:36,236.99,724.97
O04797,C390,P35,1,57.99,2025-10-11 19:02:36,57.99,724.97
O04797,C390,P05,1,429.99,2025-10-11 19:02:36,429.99,724.97
O04798,C295,P50,2,191.99,2025-06-16 14:14:39,383.98,383.98
O04799,C340,P14,2,70.99,2024-12-09 21:16:01,141.98,141.98
O04800,C206,P34,1,53.99,2025-08-12 23:37:06,53.99,359.97
O04800,C206,P48,1,78.99,2025-08-12 23:37:06,78.99,359.97
O04800,C206,P02,1,226.99,2025-08-12 23:37:06,226.99,359.97
O04801,C495,P14,1,70.99,2026-06-06 13:39:40,70.99,70.99
O04802,C439,P33,1,74.99,2026-05-27 05:51:06,74.99,450.97
O04802,C439,P43,1,138.99,2026-05-27 05:51:06,138.99,450.97
O04802,C439,P30,1,236.99,2026-05-27 05:51:06,236.99,450.97
O04803,C218,P33,1,74.99,2026-05-24 18:37:06,74.99,74.99
O04804,C119,P17,1,22.99,2025-04-13 09:48:04,22.99,22.99
O04805,C170,P08,2,100.99,2025-05-11 17:58:45,201.98,201.98
O04806,C198,P05,2,429.99,2025-01-28 15:44:10,859.98,907.97
O04806,C198,P36,1,47.99,2025-01-28 15:44:10,47.99,907.97
O04807,C301,P40,1,10.99,2026-04-10 00:24:31,10.99,69.98
O04807,C301,P42,1,58.99,2026-04-10 05:54:31,58.99,69.98
O04809,C052,P24,1,299.99,2025-12-03 11:43:35,299.99,414.98
O04809,C052,P13,1,114.99,2025-12-03 11:43:35,114.99,414.98
O04810,C362,P08,1,100.99,2026-04-08 06:29:57,100.99,100.99
O04811,C189,P28,1,198.99,2025-09-03 15:01:31,198.99,276.98
O04811,C189,P49,1,77.99,2025-09-03 15:01:31,77.99,276.98
O04812,C434,P48,1,78.99,2024-09-29 23:19:00,78.99,78.99
O04813,C019,P50,2,191.99,2025-12-27 11:26:02,383.98,383.98
O04814,C063,P50,3,191.99,2024-08-20 13:19:49,575.97,575.97
O04815,C249,P47,1,41.99,2024-11-10 13:33:47,41.99,41.99
O04816,C339,P14,1,70.99,2026-05-21 23:50:19,70.99,70.99
O04817,C133,P39,1,21.99,2026-07-01 22:31:36,21.99,807.95
O04817,C133,P10,2,92.99,2026-07-01 22:31:00,185.98,807.95
O04817,C133,P24,2,299.99,2026-07-01 22:31:36,599.98,807.95
O04818,C246,P21,1,196.99,2025-11-22 13:26:40,196.99,641.96
O04818,C246,P18,1,44.99,2025-11-22 13:26:40,44.99,641.96
O04818,C246,P29,2,199.99,2025-11-22 13:26:40,399.98,641.96
O04819,C237,P43,1,138.99,2026-02-07 22:42:46,138.99,138.99
O04820,C035,P48,1,78.99,2026-04-15 22:20:12,78.99,488.96
O04820,C035,P45,1,110.99,2026-04-15 22:20:12,110.99,488.96
O04820,C035,P10,1,92.99,2026-04-15 22:20:12,92.99,488.96
O04820,C035,P23,1,205.99,2026-04-15 22:20:12,205.99,488.96
O04821,C254,P01,1,345.99,2025-05-29 17:20:12,345.99,537.98
O04821,C254,P50,1,191.99,2025-05-29 17:20:12,191.99,537.98
O04822,C476,P11,1,91.99,2025-01-19 00:16:03,91.99,631.95
O04822,C476,P23,1,205.99,2025-01-19 00:16:03,205.99,631.95
O04822,C476,P25,2,25.99,2025-01-19 00:16:03,51.98,631.95
O04822,C476,P04,1,281.99,2025-01-19 00:16:03,281.99,631.95
O04823,C204,P01,1,345.99,2026-02-15 14:22:09,345.99,345.99
O04824,C080,P07,1,366.99,2026-03-20 18:45:47,366.99,566.98
O04824,C080,P29,1,199.99,2026-03-20 18:45:47,199.99,566.98
O04825,C167,P37,1,42.99,2024-07-13 09:11:44,42.99,42.99
O04826,C470,P07,2,366.99,2025-08-11 09:13:32,733.98,758.97
O04826,C470,P32,1,24.99,2025-08-11 09:13:32,24.99,758.97
O04827,C204,P10,1,92.99,2024-11-02 05:54:56,92.99,92.99
O04828,C160,P15,1,18.99,2024-12-13 02:25:40,18.99,774.94
O04828,C160,P37,3,42.99,2024-12-13 02:25:40,128.97,774.94
O04828,C160,P05,1,429.99,2024-12-13 02:25:40,429.99,774.94
O04828,C160,P21,1,196.99,2024-12-13 02:25:40,196.99,774.94
O04830,C335,P45,2,110.99,2025-10-05 06:27:39,221.98,221.98
O04831,C164,P12,2,100.99,2025-11-30 22:22:02,201.98,289.97
O04831,C164,P26,1,87.99,2025-11-30 22:22:02,87.99,289.97
O04832,C016,P10,1,92.99,2025-11-27 15:14:05,92.99,428.97
O04832,C016,P50,1,191.99,2025-11-27 15:14:05,191.99,428.97
O04832,C016,P44,1,143.99,2025-11-27 15:14:05,143.99,428.97
O04833,C225,P15,1,18.99,2025-05-07 10:18:41,18.99,18.99
O04834,C092,P27,1,239.99,2024-12-24 20:41:07,239.99,282.98
O04834,C092,P37,1,42.99,2024-12-24 20:41:07,42.99,282.98
O04835,C360,P30,1,236.99,2025-03-13 16:47:27,236.99,423.97
O04835,C360,P36,1,47.99,2025-03-13 16:47:27,47.99,423.97
O04835,C360,P43,1,138.99,2025-03-13 16:47:27,138.99,423.97
O04836,C500,P08,1,100.99,2026-06-25 01:21:28,100.99,100.99
O04837,C398,P36,1,47.99,2026-05-20 17:48:59,47.99,187.97
O04837,C398,P25,1,25.99,2026-05-20 17:48:59,25.99,187.97
O04837,C398,P19,1,113.99,2026-05-20 17:48:59,113.99,187.97
O04838,C057,P23,1,205.99,2025-01-17 00:28:00,205.99,833.94
O04838,C057,P43,2,138.99,2025-01-17 00:28:00,277.98,833.94
O04838,C057,P24,1,299.99,2025-01-17 00:28:00,299.99,833.94
O04838,C057,P32,2,24.99,2025-01-17 00:28:00,49.98,833.94
O04839,C019,P19,1,113.99,2025-08-31 17:31:56,113.99,516.98
O04839,C019,P06,1,402.99,2025-08-31 17:31:56,402.99,516.98
O04840,C476,P35,1,57.99,2025-11-30 18:53:54,57.99,393.95
O04840,C476,P38,2,38.99,2025-11-30 18:53:54,77.98,393.95
O04840,C476,P28,1,198.99,2025-11-30 18:53:54,198.99,393.95
O04840,C476,P42,1,58.99,2025-11-30 18:53:54,58.99,393.95
O04841,C448,P42,1,58.99,2025-09-04 10:27:01,58.99,58.99
O04842,C341,P38,1,38.99,2025-11-16 11:05:30,38.99,516.96
O04842,C341,P49,1,77.99,2025-11-16 11:05:30,77.99,516.96
O04842,C341,P29,2,199.99,2025-11-16 11:05:30,399.98,516.96
O04843,C103,P05,1,429.99,2025-06-12 16:16:37,429.99,429.99
O04844,C089,P22,1,194.99,2025-05-24 06:17:48,194.99,425.95
O04844,C089,P34,1,53.99,2025-05-24 06:17:48,53.99,425.95
O04844,C089,P42,3,58.99,2025-05-24 06:17:48,176.97,425.95
O04845,C217,P06,1,402.99,2025-11-22 03:12:17,402.99,402.99
O04846,C350,P28,1,198.99,2025-10-09 10:09:44,198.99,585.97
O04846,C350,P50,1,191.99,2025-10-09 10:09:44,191.99,585.97
O04846,C350,P22,1,194.99,2025-10-09 10:09:44,194.99,585.97
O04847,C346,P07,1,366.99,2026-06-03 14:02:47,366.99,712.98
O04847,C346,P01,1,345.99,2026-06-03 14:02:47,345.99,712.98
O04848,C056,P35,1,57.99,2024-11-14 23:28:04,57.99,102.98
O04848,C056,P18,1,44.99,2024-11-14 23:28:04,44.99,102.98
O04849,C308,P20,1,96.99,2026-06-06 21:16:15,96.99,96.99
O04850,C392,P08,2,100.99,2026-06-26 20:46:52,201.98,236.97
O04850,C392,P09,1,34.99,2026-06-26 20:46:52,34.99,236.97
O04851,C250,P34,1,53.99,2025-12-16 19:15:00,53.99,280.98
O04851,C250,P02,1,226.99,2025-12-16 19:15:00,226.99,280.98
O04852,C304,P33,1,74.99,2025-12-11 00:21:54,74.99,280.98
O04852,C304,P03,1,205.99,2025-12-11 00:21:54,205.99,280.98
O04853,C099,P03,1,205.99,2024-12-02 22:53:01,205.99,205.99
O04854,C380,P46,1,154.99,2025-12-19 23:57:03,154.99,154.99
O04855,C491,P38,1,38.99,2026-05-23 23:52:42,38.99,38.99
O04856,C325,P07,1,366.99,2024-11-23 03:49:15,366.99,760.96
O04856,C325,P27,1,239.99,2024-11-23 03:49:15,239.99,760.96
O04856,C325,P45,1,110.99,2024-11-23 03:49:15,110.99,760.96
O04856,C325,P37,1,42.99,2024-11-23 03:49:15,42.99,760.96
O04857,C083,P28,1,198.99,2026-04-17 09:57:27,198.99,506.96
O04857,C083,P50,1,191.99,2026-04-17 09:57:27,191.99,506.96
O04857,C083,P17,1,22.99,2026-04-17 09:57:27,22.99,506.96
O04857,C083,P10,1,92.99,2026-04-17 09:57:27,92.99,506.96
O04858,C290,P30,1,236.99,2025-07-27 06:25:49,236.99,236.99
O04859,C137,P45,1,110.99,2025-10-25 17:50:53,110.99,110.99
O04860,C307,P10,1,92.99,2025-05-12 05:24:00,92.99,469.97
O04860,C307,P01,1,345.99,2025-05-12 05:24:00,345.99,469.97
O04860,C307,P16,1,30.99,2025-05-12 05:24:00,30.99,469.97
O04861,C222,P08,1,100.99,2025-03-08 21:22:31,100.99,178.98
O04861,C222,P49,1,77.99,2025-03-08 21:22:31,77.99,178.98
O04862,C436,P19,3,113.99,2026-04-23 16:40:06,341.97,341.97
O04863,C320,P37,1,42.99,2025-07-18 01:19:15,42.99,264.97
O04863,C320,P44,1,143.99,2025-07-18 01:19:15,143.99,264.97
O04863,C320,P49,1,77.99,2025-07-18 01:19:15,77.99,264.97
O04864,C181,P37,1,42.99,2024-08-10 12:09:56,42.99,436.97
O04864,C181,P21,2,196.99,2024-08-10 12:09:56,393.98,436.97
O04865,C394,P18,1,44.99,2025-08-22 07:01:30,44.99,159.96
O04865,C394,P47,1,41.99,2025-08-22 07:01:30,41.99,159.96
O04865,C394,P36,1,47.99,2025-08-22 07:01:30,47.99,159.96
O04865,C394,P32,1,24.99,2025-08-22 07:01:30,24.99,159.96
O04866,C112,P50,1,191.99,2025-11-15 18:23:52,191.99,516.97
O04866,C112,P24,1,299.99,2025-11-15 18:23:52,299.99,516.97
O04866,C112,P32,1,24.99,2025-11-15 18:23:52,24.99,516.97
O04867,C382,P16,1,30.99,2026-01-07 10:54:32,30.99,30.99
O04868,C494,P18,1,44.99,2026-03-28 07:23:17,44.99,137.98
O04868,C494,P10,1,92.99,2026-03-28 07:23:17,92.99,137.98
O04869,C272,P12,1,100.99,2025-02-21 17:59:32,100.99,100.99
O04870,C314,P43,2,138.99,2025-11-02 12:39:12,277.98,277.98
O04871,C213,P16,1,30.99,2026-01-13 14:27:44,30.99,30.99
O04872,C121,P17,1,22.99,2024-09-18 05:30:21,22.99,22.99
O04873,C106,P22,1,194.99,2025-10-17 19:45:48,194.99,411.97
O04873,C106,P41,1,199.99,2025-10-17 19:45:48,199.99,411.97
O04873,C106,P31,1,16.99,2025-10-17 19:45:48,16.99,411.97
O04874,C402,P30,1,236.99,2026-05-22 04:57:32,236.99,236.99
O04875,C348,P02,1,226.99,2026-07-04 13:08:36,226.99,226.99
O04876,C198,P50,1,191.99,2025-11-12 18:18:17,191.99,191.99
O04877,C110,P05,1,429.99,2024-12-24 20:18:00,429.99,429.99
O04878,C112,P34,1,53.99,2024-11-21 07:47:44,53.99,53.99
O04879,C340,P28,1,198.99,2025-12-18 14:54:36,198.99,398.98
O04879,C340,P41,1,199.99,2025-12-18 14:54:36,199.99,398.98
O04880,C241,P07,1,366.99,2025-06-19 20:08:48,366.99,366.99
O04881,C447,P16,1,30.99,2025-11-08 00:35:14,30.99,109.98
O04881,C447,P48,1,78.99,2025-11-08 00:35:14,78.99,109.98
O04882,C202,P46,1,154.99,2024-07-21 02:41:34,154.99,154.99
O04883,C318,P48,1,78.99,2025-12-31 20:14:12,78.99,285.97
O04883,C318,P19,1,113.99,2025-12-31 20:14:12,113.99,285.97
O04883,C318,P10,1,92.99,2025-12-31 20:14:12,92.99,285.97
O04884,C316,P32,1,24.99,2024-11-02 08:08:23,24.99,241.97
O04884,C316,P31,1,16.99,2024-02-11 08:08:23,16.99,241.97
O04884,C316,P29,1,199.99,2024-11-02 08:08:23,199.99,241.97
O04885,C229,P34,1,53.99,2025-11-16 01:10:06,53.99,259.98
O04885,C229,P23,1,205.99,2025-11-16 01:10:06,205.99,259.98
O04886,C474,P25,1,25.99,2025-05-10 09:27:02,25.99,25.99
O04887,C118,P35,2,57.99,2025-09-19 12:45:49,115.98,190.97
O04887,C118,P33,1,74.99,2025-09-19 12:45:49,74.99,190.97
O04888,C402,P22,2,194.99,2025-01-25 23:50:42,389.98,389.98
O04889,C321,P43,1,138.99,2026-03-14 18:49:35,138.99,138.99
O04890,C305,P45,2,110.99,2025-11-06 15:03:56,221.98,221.98
O04891,C425,P09,1,34.99,2025-06-19 18:11:33,34.99,34.99
O04892,C028,P27,1,239.99,2024-11-08 10:19:26,239.99,239.99
O04893,C361,P29,1,199.99,2025-11-22 18:18:26,199.99,258.98
O04893,C361,P42,1,58.99,2025-11-22 18:18:26,58.99,258.98
O04894,C035,P46,1,154.99,2025-07-23 18:33:50,154.99,154.99
O04895,C471,P46,1,154.99,2025-12-01 07:55:36,154.99,154.99
O04896,C327,P08,1,100.99,2025-03-22 18:08:45,100.99,546.95
O04896,C327,P46,1,154.99,2025-03-22 18:08:45,154.99,546.95
O04896,C327,P36,2,47.99,2025-03-22 18:08:45,95.98,546.95
O04896,C327,P22,1,194.99,2025-03-22 18:08:45,194.99,546.95
O04897,C323,P32,1,24.99,2025-10-05 19:17:29,24.99,24.99
O04898,C071,P25,1,25.99,2025-04-05 06:32:58,25.99,437.97
O04898,C071,P23,2,205.99,2025-04-05 06:32:58,411.98,437.97
O04899,C484,P46,1,154.99,2025-12-20 15:43:29,154.99,171.98
O04899,C484,P31,1,16.99,2025-12-20 15:43:29,16.99,171.98
O04900,C415,P42,1,58.99,2026-03-23 04:01:02,58.99,159.98
O04900,C415,P08,1,100.99,2026-03-23 04:01:02,100.99,159.98
O04901,C381,P39,1,21.99,2025-11-13 16:52:26,21.99,303.98
O04901,C381,P04,1,281.99,2025-11-13 16:52:26,281.99,303.98
O04902,C165,P38,1,38.99,2025-06-24 18:21:06,38.99,38.99
O04903,C390,P45,1,110.99,2024-09-20 22:25:28,110.99,110.99
O04904,C412,P41,1,199.99,2024-09-25 16:00:00,199.99,405.98
O04904,C412,P23,1,205.99,2024-09-25 16:00:00,205.99,405.98
O04905,C094,P42,1,58.99,2024-12-22 21:11:30,58.99,328.96
O04905,C094,P19,2,113.99,2024-12-22 21:11:30,227.98,328.96
O04905,C094,P47,1,41.99,2024-12-22 21:11:30,41.99,328.96
O04906,C361,P03,1,205.99,2025-11-26 19:19:52,205.99,411.98
O04906,C361,P23,1,205.99,2025-11-26 19:19:52,205.99,411.98
O04907,C238,P17,1,22.99,2024-11-10 10:04:11,22.99,93.98
O04907,C238,P14,1,70.99,2024-11-10 10:04:11,70.99,93.98
O04908,C119,P31,1,16.99,2026-05-16 14:23:43,16.99,16.99
O04909,C109,P50,1,191.99,2024-12-14 23:50:52,191.99,191.99
O04910,C438,P20,1,96.99,2025-12-27 01:13:42,96.99,96.99
O04911,C303,P31,1,16.99,2026-05-04 02:16:00,16.99,16.99
O04912,C459,P27,1,239.99,2025-12-16 05:55:32,239.99,239.99
O04913,C339,P26,1,87.99,2026-07-02 19:02:30,87.99,482.97
O04913,C339,P46,1,154.99,2026-07-02 19:02:30,154.99,482.97
O04913,C339,P27,1,239.99,2026-07-02 19:02:30,239.99,482.97
O04914,C243,P11,1,91.99,2024-11-09 23:05:29,91.99,91.99
O04915,C118,P48,1,78.99,2025-03-07 13:32:42,78.99,431.97
O04915,C118,P04,1,281.99,2025-03-07 13:32:42,281.99,431.97
O04915,C118,P14,1,70.99,2025-03-07 13:32:42,70.99,431.97
O04916,C434,P21,1,196.99,2026-04-21 11:45:09,196.99,512.96
O04916,C434,P35,2,57.99,2026-04-21 11:45:09,115.98,512.96
O04916,C434,P29,1,199.99,2026-04-21 11:45:09,199.99,512.96
O04917,C164,P04,1,281.99,2025-12-07 15:35:48,281.99,281.99
O04918,C091,P30,1,236.99,2025-07-26 07:41:38,236.99,236.99
O04919,C138,P05,1,429.99,2026-05-18 13:47:43,429.99,700.96
O04919,C138,P12,1,100.99,2026-05-18 13:47:43,100.99,700.96
O04919,C138,P44,1,143.99,2026-05-18 13:47:43,143.99,700.96
O04919,C138,P25,1,25.99,2026-05-18 13:47:43,25.99,700.96
O04920,C337,P12,1,100.99,2025-05-04 07:06:49,100.99,300.98
O04920,C337,P29,1,199.99,2025-05-04 07:06:49,199.99,300.98
O04921,C131,P39,1,21.99,2024-12-04 01:37:20,21.99,21.99
O04922,C202,P26,1,87.99,2026-03-26 12:13:01,87.99,87.99
O04923,C075,P05,1,429.99,2025-11-30 03:50:03,429.99,429.99
O04924,C029,P46,1,154.99,2025-05-16 14:55:47,154.99,592.96
O04924,C029,P42,1,58.99,2025-05-16 14:55:47,58.99,592.96
O04924,C029,P04,1,281.99,2025-05-16 14:55:47,281.99,592.96
O04924,C029,P20,1,96.99,2025-05-16 14:55:47,96.99,592.96
O04925,C187,P31,1,16.99,2025-12-20 06:55:59,16.99,95.98
O04925,C187,P48,1,78.99,2025-12-20 06:55:59,78.99,95.98
O04926,C127,P41,2,199.99,2025-10-09 11:59:10,399.98,399.98
O04927,C392,P29,1,199.99,2026-06-12 10:37:47,199.99,436.98
O04927,C392,P30,1,236.99,2026-06-12 10:37:47,236.99,436.98
O04928,C185,P31,3,16.99,2025-01-01 18:37:45,50.97,453.96
O04928,C185,P06,1,402.99,2025-01-01 18:37:45,402.99,453.96
O04929,C472,P21,1,196.99,2026-01-24 19:48:38,196.99,848.94
O04929,C472,P19,3,113.99,2026-01-24 19:48:38,341.97,848.94
O04929,C472,P46,2,154.99,2026-01-24 19:48:38,309.98,848.94
O04930,C005,P45,1,110.99,2024-08-18 04:36:15,110.99,110.99
O04931,C109,P17,1,22.99,2026-06-18 12:32:36,22.99,22.99
O04932,C081,P19,1,113.99,2024-09-01 13:48:34,113.99,843.97
O04932,C081,P05,1,429.99,2024-09-01 13:48:34,429.99,843.97
O04932,C081,P24,1,299.99,2024-09-01 13:48:34,299.99,843.97
O04933,C312,P42,1,58.99,2026-06-28 16:17:00,58.99,358.98
O04933,C312,P24,1,299.99,2026-06-28 16:17:11,299.99,358.98
O04934,C408,P24,1,299.99,2026-03-22 02:30:27,299.99,494.98
O04934,C408,P22,1,194.99,2026-03-22 02:30:27,194.99,494.98
O04935,C113,P21,1,196.99,2025-11-23 11:56:00,196.99,244.98
O04935,C113,P36,1,47.99,2025-11-23 11:56:08,47.99,244.98
O04936,C460,P10,1,92.99,2025-05-23 00:50:42,92.99,92.99
O04937,C446,P23,1,205.99,2026-04-28 19:59:14,205.99,298.98
O04937,C446,P10,1,92.99,2026-04-28 19:59:14,92.99,298.98
O04938,C314,P39,1,21.99,2025-11-28 11:46:57,21.99,21.99
O04939,C154,P48,1,78.99,2025-06-21 05:26:33,78.99,103.98
O04939,C154,P32,1,24.99,2025-06-21 05:26:33,24.99,103.98
O04940,C185,P16,1,30.99,2025-01-22 14:43:09,30.99,998.94
O04940,C185,P07,2,366.99,2025-01-22 14:43:09,733.98,998.94
O04940,C185,P49,3,77.99,2025-01-22 14:43:09,233.97,998.94
O04941,C486,P35,1,57.99,2025-12-14 21:03:33,57.99,74.98
O04941,C486,P31,1,16.99,2025-12-14 21:03:33,16.99,74.98
O04942,C420,P22,1,194.99,2026-06-05 11:48:01,194.99,252.98
O04942,C420,P35,1,57.99,2026-06-05 11:48:01,57.99,252.98
O04943,C272,P44,1,143.99,2024-07-14 00:35:57,143.99,383.98
O04943,C272,P27,1,239.99,2024-07-14 00:35:57,239.99,383.98
O04944,C495,P29,1,199.99,2025-12-29 15:27:05,199.99,257.98
O04944,C495,P35,1,57.99,2025-12-29 15:27:05,57.99,257.98
O04945,C489,P19,1,113.99,2026-03-19 06:53:24,113.99,139.98
O04945,C489,P25,1,25.99,2026-03-19 06:53:24,25.99,139.98
O04946,C113,P27,1,239.99,2024-12-08 14:28:17,239.99,258.98
O04946,C113,P15,1,18.99,2024-12-08 14:28:17,18.99,258.98
O04948,C093,P32,3,24.99,2024-12-02 09:13:35,74.97,333.94
O04948,C093,P16,1,30.99,2024-12-02 09:13:35,30.99,333.94
O04948,C093,P19,2,113.99,2024-12-02 09:13:35,227.98,333.94
O04949,C060,P17,1,22.99,2025-05-10 00:20:58,22.99,39.98
O04949,C060,P31,1,16.99,2025-10-05 00:20:58,16.99,39.98
O04950,C320,P05,1,429.99,2025-10-16 20:36:27,429.99,429.99
O04951,C487,P37,1,42.99,2025-11-12 14:15:00,42.99,42.99
O04952,C380,P29,1,199.99,2026-06-20 18:07:38,199.99,433.96
O04952,C380,P49,3,77.99,2026-06-20 18:07:38,233.97,433.96
O04953,C119,P34,1,53.99,2025-03-25 11:13:39,53.99,53.99
O04954,C269,P44,2,143.99,2025-05-21 09:32:47,287.98,699.96
O04954,C269,P23,2,205.99,2025-05-21 09:32:47,411.98,699.96
O04955,C232,P17,1,22.99,2024-10-19 03:51:40,22.99,64.98
O04955,C232,P47,1,41.99,2024-10-19 03:51:40,41.99,64.98
O04956,C471,P17,1,22.99,2026-01-26 18:20:11,22.99,22.99
O04957,C248,P15,1,18.99,2024-12-24 14:40:10,18.99,18.99
O04958,C264,P40,1,10.99,2025-05-25 11:24:57,10.99,461.97
O04958,C264,P06,1,402.99,2025-05-25 11:24:57,402.99,461.97
O04958,C264,P36,1,47.99,2025-05-25 11:24:57,47.99,461.97
O04959,C192,P09,1,34.99,2025-06-28 21:34:54,34.99,300.95
O04959,C192,P47,1,41.99,2025-06-28 21:34:54,41.99,300.95
O04959,C192,P12,2,100.99,2025-06-28 21:34:54,201.98,300.95
O04959,C192,P39,1,21.99,2025-06-28 21:34:54,21.99,300.95
O04960,C007,P25,1,25.99,2025-01-21 11:47:07,25.99,25.99
O04961,C187,P15,1,18.99,2024-12-27 10:46:36,18.99,18.99
O04962,C474,P31,3,16.99,2025-03-02 13:08:55,50.97,417.96
O04962,C474,P07,1,366.99,2025-03-02 13:08:55,366.99,417.96
O04963,C120,P16,1,30.99,2024-12-14 01:49:48,30.99,30.99
O04964,C450,P21,1,196.99,2026-03-17 22:23:39,196.99,652.95
O04964,C450,P38,1,38.99,2026-03-17 22:23:39,38.99,652.95
O04964,C450,P43,3,138.99,2026-03-17 22:23:39,416.97,652.95
O04965,C081,P01,1,345.99,2025-07-08 23:45:07,345.99,399.98
O04965,C081,P34,1,53.99,2025-07-08 23:45:07,53.99,399.98
O04966,C323,P10,1,92.99,2025-12-02 15:32:41,92.99,779.95
O04966,C323,P50,3,191.99,2025-12-02 15:32:41,575.97,779.95
O04966,C323,P45,1,110.99,2025-12-02 15:32:41,110.99,779.95
O04967,C481,P15,1,18.99,2025-12-26 01:37:00,18.99,18.99
O04968,C417,P27,1,239.99,2026-03-06 07:55:27,239.99,509.97
O04968,C417,P02,1,226.99,2026-03-06 07:55:27,226.99,509.97
O04968,C417,P37,1,42.99,2026-03-06 07:55:27,42.99,509.97
O04969,C415,P04,1,281.99,2025-04-30 10:00:50,281.99,772.95
O04969,C415,P44,3,143.99,2025-04-30 10:00:50,431.97,772.95
O04969,C415,P42,1,58.99,2025-04-30 10:00:50,58.99,772.95
O04970,C228,P47,1,41.99,2025-11-28 19:25:10,41.99,391.96
O04970,C228,P50,1,191.99,2025-11-28 19:25:10,191.99,391.96
O04970,C228,P48,2,78.99,2025-11-28 19:25:10,157.98,391.96
O04971,C314,P10,1,92.99,2025-08-17 05:44:09,92.99,92.99
O04972,C082,P20,1,96.99,2025-02-14 12:15:01,96.99,96.99
O04973,C378,P21,1,196.99,2025-10-22 15:07:04,196.99,196.99
O04974,C283,P41,1,199.99,2026-02-09 23:50:28,199.99,199.99
O04975,C047,P30,3,236.99,2025-12-02 18:50:54,710.97,1055.95
O04975,C047,P43,1,138.99,2025-12-02 18:50:54,138.99,1055.95
O04975,C047,P03,1,205.99,2025-12-02 18:50:54,205.99,1055.95
O04976,C254,P01,1,345.99,2025-01-30 10:48:12,345.99,645.98
O04976,C254,P24,1,299.99,2025-01-30 10:48:12,299.99,645.98
O04977,C317,P40,2,10.99,2026-01-06 22:57:33,21.98,21.98
O04978,C018,P13,2,114.99,2025-12-21 23:44:01,229.98,229.98
O04979,C210,P35,1,57.99,2025-10-11 14:11:04,57.99,424.98
O04979,C210,P07,1,366.99,2025-10-11 14:11:04,366.99,424.98
O04980,C284,P34,2,53.99,2025-05-20 00:52:59,107.98,107.98
O04981,C115,P47,1,41.99,2025-05-20 17:49:09,41.99,41.99
O04982,C159,P28,1,198.99,2024-09-20 15:06:30,198.99,198.99
O04983,C290,P27,1,239.99,2024-08-05 16:23:33,239.99,239.99
O04984,C350,P49,2,77.99,2026-05-22 06:55:27,155.98,209.97
O04984,C350,P34,1,53.99,2026-05-22 06:55:27,53.99,209.97
O04985,C083,P03,1,205.99,2024-11-25 12:27:21,205.99,293.98
O04985,C083,P26,1,87.99,2024-11-25 12:27:21,87.99,293.98
O04986,C479,P49,1,77.99,2025-08-14 11:28:50,77.99,77.99
O04987,C149,P43,1,138.99,2024-10-05 00:20:47,138.99,338.98
O04987,C149,P29,1,199.99,2024-10-05 00:20:47,199.99,338.98
O04988,C182,P48,1,78.99,2026-06-15 09:02:11,78.99,78.99
O04989,C315,P21,1,196.99,2025-12-14 17:04:01,196.99,250.98
O04989,C315,P34,1,53.99,2025-12-14 17:04:01,53.99,250.98
O04990,C249,P03,1,205.99,2025-07-09 11:50:30,205.99,259.98
O04990,C249,P34,1,53.99,2025-07-09 11:50:30,53.99,259.98
O04991,C059,P30,1,236.99,2024-07-20 09:05:23,236.99,236.99
O04992,C480,P01,1,345.99,2026-05-14 18:15:07,345.99,345.99
O04993,C061,P41,1,199.99,2025-04-30 21:52:07,199.99,199.99
O04994,C196,P46,1,154.99,2026-06-07 02:14:41,154.99,154.99
O04995,C340,P20,1,96.99,2025-11-15 01:02:02,96.99,534.96
O04995,C340,P22,2,194.99,2025-11-15 01:02:02,389.98,534.96
O04995,C340,P36,1,47.99,2025-11-15 01:02:02,47.99,534.96
O04996,C071,P37,1,42.99,2024-01-11 15:01:25,42.99,197.97
O04996,C071,P40,1,10.99,2024-11-01 15:01:25,10.99,197.97
O04996,C071,P44,1,143.99,2024-11-01 15:01:25,143.99,197.97
O04997,C405,P48,2,78.99,2025-12-01 07:21:27,157.98,268.97
O04997,C405,P45,1,110.99,2025-12-01 07:21:27,110.99,268.97
O04998,C260,P14,1,70.99,2026-05-17 21:14:50,70.99,118.98
O04998,C260,P36,1,47.99,2026-05-17 21:14:50,47.99,118.98
O04999,C072,P48,1,78.99,2026-03-09 09:23:20,78.99,445.98
O04999,C072,P07,1,366.99,2026-03-09 09:23:20,366.99,445.98
O05000,C114,P42,1,58.99,2024-12-09 02:50:48,58.99,197.98
O05000,C114,P43,1,138.99,2024-12-09 02:50:48,138.99,197.98
O05001,C326,P26,1,87.99,2026-03-25 19:40:53,87.99,198.98
O05001,C326,P45,1,110.99,2026-03-25 19:40:53,110.99,198.98
O05002,C395,P46,1,154.99,2025-06-11 01:16:22,154.99,154.99
O05003,C140,P48,1,78.99,2025-11-27 23:35:55,78.99,318.98
O05003,C140,P27,1,239.99,2025-11-27 23:35:55,239.99,318.98
O05004,C162,P48,1,78.99,2024-10-08 00:43:36,78.99,78.99
O05005,C290,P01,2,345.99,2025-09-16 14:13:04,691.98,691.98
O05006,C257,P07,1,366.99,2026-06-07 12:26:34,366.99,612.97
O05006,C257,P15,1,18.99,2026-06-07 12:26:34,18.99,612.97
O05006,C257,P02,1,226.99,2026-06-07 12:26:34,226.99,612.97
O05007,C309,P07,1,366.99,2025-11-30 05:35:06,366.99,366.99
O05008,C167,P15,1,18.99,2024-12-18 13:24:09,18.99,18.99
O05009,C444,P38,1,38.99,2025-12-09 13:06:08,38.99,38.99
O05010,C203,P38,1,38.99,2024-11-16 05:50:48,38.99,294.96
O05010,C203,P23,1,205.99,2024-11-16 05:50:48,205.99,294.96
O05010,C203,P32,2,24.99,2024-11-16 05:50:48,49.98,294.96
O05011,C251,P42,1,58.99,2024-12-25 01:35:03,58.99,133.98
O05011,C251,P33,1,74.99,2024-12-25 01:35:03,74.99,133.98
O05012,C239,P50,1,191.99,2026-04-09 20:14:05,191.99,216.98
O05012,C239,P32,1,24.99,2026-04-09 20:14:05,24.99,216.98
O05014,C045,P50,1,191.99,2026-04-03 10:02:54,191.99,191.99
O05015,C095,P48,1,78.99,2025-05-03 09:22:43,78.99,478.97
O05015,C095,P41,2,199.99,2025-05-03 09:22:43,399.98,478.97
O05016,C213,P43,1,138.99,2025-12-10 09:46:23,138.99,138.99
O05017,C294,P30,1,236.99,2026-01-03 03:53:14,236.99,442.98
O05017,C294,P03,1,205.99,2026-01-03 03:53:14,205.99,442.98
O05018,C070,P29,1,199.99,2024-07-23 06:51:35,199.99,252.97
O05018,C070,P16,1,30.99,2024-07-23 06:51:35,30.99,252.97
O05018,C070,P39,1,21.99,2024-07-23 06:51:35,21.99,252.97
O05019,C461,P32,1,24.99,2024-12-01 15:42:26,24.99,24.99
O05020,C347,P18,1,44.99,2025-10-13 13:16:54,44.99,390.98
O05020,C347,P01,1,345.99,2025-10-13 13:16:54,345.99,390.98
O05021,C064,P22,1,194.99,2024-11-23 06:18:09,194.99,194.99
O05022,C286,P14,2,70.99,2024-11-24 13:46:09,141.98,280.95
O05022,C286,P35,2,57.99,2024-11-24 13:46:09,115.98,280.95
O05022,C286,P17,1,22.99,2024-11-24 13:46:09,22.99,280.95
O05024,C322,P24,1,299.99,2026-03-21 04:55:30,299.99,299.99
O05025,C278,P34,2,53.99,2025-07-08 01:32:57,107.98,107.98
O05026,C357,P13,1,114.99,2025-09-03 05:30:04,114.99,114.99
O05027,C017,P34,2,53.99,2025-11-23 05:42:39,107.98,107.98
O05028,C376,P16,1,30.99,2026-03-11 04:26:30,30.99,30.99
O05029,C450,P29,1,199.99,2025-11-10 14:28:58,199.99,313.98
O05029,C450,P19,1,113.99,2025-11-10 14:28:58,113.99,313.98
O05031,C328,P37,1,42.99,2025-12-22 09:37:43,42.99,42.99
O05032,C311,P41,2,199.99,2025-11-02 02:12:26,399.98,399.98
O05033,C081,P33,1,74.99,2026-06-25 23:48:56,74.99,74.99
O05034,C418,P26,1,87.99,2025-12-26 00:58:43,87.99,87.99
O05035,C460,P13,1,114.99,2025-05-25 16:13:48,114.99,114.99
O05036,C064,P31,1,16.99,2026-04-07 22:49:13,16.99,238.97
O05036,C064,P29,1,199.99,2026-04-07 22:49:13,199.99,238.97
O05036,C064,P39,1,21.99,2026-04-07 22:49:13,21.99,238.97
O05037,C107,P42,1,58.99,2025-08-24 17:14:12,58.99,58.99
O05038,C499,P26,1,87.99,2025-12-14 23:06:32,87.99,87.99
O05039,C277,P04,2,281.99,2026-01-20 05:15:27,563.98,563.98
O05040,C447,P40,2,10.99,2026-02-19 16:33:53,21.98,139.96
O05040,C447,P42,2,58.99,2026-02-19 16:33:53,117.98,139.96
O05041,C037,P16,1,30.99,2024-10-13 08:49:56,30.99,116.97
O05041,C037,P37,2,42.99,2024-10-13 08:49:56,85.98,116.97
O05042,C185,P38,1,38.99,2025-06-21 08:51:05,38.99,668.97
O05042,C185,P06,1,402.99,2025-06-21 08:51:05,402.99,668.97
O05042,C185,P02,1,226.99,2025-06-21 08:51:05,226.99,668.97
O05043,C216,P19,1,113.99,2026-02-15 07:45:24,113.99,113.99
O05044,C487,P32,1,24.99,2024-12-30 20:11:51,24.99,24.99
O05045,C310,P45,2,110.99,2025-06-01 10:06:40,221.98,407.96
O05045,C310,P10,2,92.99,2025-06-01 10:06:40,185.98,407.96
O05046,C493,P09,1,34.99,2026-02-23 07:21:02,34.99,1082.95
O05046,C493,P05,1,429.99,2026-02-23 07:21:02,429.99,1082.95
O05046,C493,P04,2,281.99,2026-02-23 07:21:02,563.98,1082.95
O05046,C493,P34,1,53.99,2026-02-23 07:21:02,53.99,1082.95
O05047,C456,P40,2,10.99,2025-12-21 20:01:25,21.98,21.98
O05048,C033,P28,1,198.99,2024-08-07 19:30:41,198.99,198.99
O05049,C215,P06,1,402.99,2026-05-05 01:34:13,402.99,402.99
O05050,C286,P03,1,205.99,2026-05-03 21:59:10,205.99,205.99
O05051,C116,P30,2,236.99,2025-06-08 06:03:33,473.98,876.97
O05051,C116,P06,1,402.99,2025-06-08 06:03:33,402.99,876.97
O05052,C297,P10,1,92.99,2024-07-21 19:00:38,92.99,601.97
O05052,C297,P02,1,226.99,2024-07-21 19:00:38,226.99,601.97
O05052,C297,P04,1,281.99,2024-07-21 19:00:38,281.99,601.97
O05053,C091,P42,1,58.99,2025-04-03 01:30:00,58.99,172.98
O05053,C091,P19,1,113.99,2025-04-03 01:30:00,113.99,172.98
O05054,C168,P34,1,53.99,2026-03-29 14:39:33,53.99,64.98
O05054,C168,P40,1,10.99,2026-03-29 14:39:33,10.99,64.98
O05055,C237,P10,1,92.99,2024-12-07 03:56:21,92.99,185.97
O05055,C237,P39,1,21.99,2024-12-07 03:56:21,21.99,185.97
O05055,C237,P14,1,70.99,2024-12-07 03:56:21,70.99,185.97
O05056,C090,P38,1,38.99,2026-06-03 10:16:02,38.99,38.99
O05057,C347,P50,2,191.99,2025-11-14 21:54:57,383.98,383.98
O05058,C150,P20,1,96.99,2024-12-08 02:32:34,96.99,96.99
O05059,C138,P37,3,42.99,2025-05-24 01:03:30,128.97,308.95
O05059,C138,P12,1,100.99,2025-05-24 01:03:30,100.99,308.95
O05059,C138,P48,1,78.99,2025-05-24 01:03:30,78.99,308.95
O05060,C211,P24,1,299.99,2026-06-24 16:15:30,299.99,558.97
O05060,C211,P41,1,199.99,2026-06-24 16:15:30,199.99,558.97
O05060,C211,P42,1,58.99,2026-06-24 16:15:30,58.99,558.97
O05061,C173,P48,1,78.99,2025-08-15 17:31:23,78.99,78.99
O05062,C238,P08,1,100.99,2026-06-07 19:37:03,100.99,300.98
O05062,C238,P29,1,199.99,2026-06-07 19:37:03,199.99,300.98
O05063,C450,P46,1,154.99,2025-06-01 07:49:23,154.99,689.96
O05063,C450,P33,1,74.99,2025-06-01 02:19:23,74.99,689.96
O05063,C450,P01,1,345.99,2025-06-01 07:49:23,345.99,689.96
O05063,C450,P19,1,113.99,2025-06-01 07:49:23,113.99,689.96
O05064,C216,P20,1,96.99,2025-09-17 08:01:07,96.99,96.99
O05065,C047,P21,1,196.99,2026-03-24 21:12:58,196.99,1335.95
O05065,C047,P12,1,100.99,2026-03-24 21:12:58,100.99,1335.95
O05065,C047,P01,3,345.99,2026-03-24 21:12:58,1037.97,1335.95
O05066,C415,P25,1,25.99,2026-06-14 01:43:36,25.99,25.99
O05067,C067,P08,1,100.99,2025-12-19 12:53:59,100.99,100.99
O05068,C150,P05,1,429.99,2024-08-21 17:09:12,429.99,429.99
O05069,C354,P30,2,236.99,2025-06-02 19:50:37,473.98,473.98
O05070,C129,P24,1,299.99,2024-08-16 03:38:42,299.99,526.98
O05070,C129,P02,1,226.99,2024-08-16 03:38:42,226.99,526.98
O05071,C364,P15,1,18.99,2025-11-01 10:26:49,18.99,18.99
O05072,C081,P31,1,16.99,2026-01-06 07:23:38,16.99,16.99
O05073,C123,P02,1,226.99,2025-03-01 08:07:15,226.99,319.98
O05073,C123,P10,1,92.99,2025-03-01 08:07:15,92.99,319.98
O05074,C498,P27,1,239.99,2026-01-13 12:30:06,239.99,239.99
O05075,C217,P24,1,299.99,2024-07-24 09:37:10,299.99,1016.96
O05075,C217,P29,1,199.99,2024-07-24 09:37:10,199.99,1016.96
O05075,C217,P19,1,113.99,2024-07-24 09:37:10,113.99,1016.96
O05075,C217,P06,1,402.99,2024-07-24 09:37:10,402.99,1016.96
O05076,C173,P40,1,10.99,2024-11-23 04:45:31,10.99,146.97
O05076,C173,P32,1,24.99,2024-11-23 04:45:31,24.99,146.97
O05076,C173,P45,1,110.99,2024-11-23 04:45:31,110.99,146.97
O05077,C063,P34,1,53.99,2025-01-18 14:58:33,53.99,75.98
O05077,C063,P39,1,21.99,2025-01-18 14:58:33,21.99,75.98
O05078,C418,P21,1,196.99,2026-02-18 07:06:30,196.99,1130.96
O05078,C418,P08,1,100.99,2026-02-18 07:06:30,100.99,1130.96
O05078,C418,P06,1,402.99,2026-02-18 07:06:30,402.99,1130.96
O05078,C418,P05,1,429.99,2026-02-18 01:36:30,429.99,1130.96
O05079,C413,P29,2,199.99,2025-12-09 11:56:19,399.98,1474.94
O05079,C413,P14,1,70.99,2025-09-12 11:56:19,70.99,1474.94
O05079,C413,P05,2,429.99,2025-12-09 11:56:19,859.98,1474.94
O05079,C413,P44,1,143.99,2025-12-09 11:56:19,143.99,1474.94
O05080,C431,P01,1,345.99,2026-05-08 08:05:36,345.99,969.96
O05080,C431,P44,1,143.99,2026-05-08 08:05:36,143.99,969.96
O05080,C431,P27,2,239.99,2026-05-08 08:05:36,479.98,969.96
O05081,C163,P01,1,345.99,2025-11-09 17:22:30,345.99,575.97
O05081,C163,P13,2,114.99,2025-11-09 17:22:30,229.98,575.97
O05082,C333,P06,1,402.99,2026-07-03 02:59:31,402.99,402.99
O05083,C199,P44,1,143.99,2024-07-10 20:56:02,143.99,143.99
O05084,C110,P42,1,58.99,2025-08-03 02:42:33,58.99,461.98
O05084,C110,P06,1,402.99,2025-08-03 02:42:33,402.99,461.98
O05085,C126,P28,1,198.99,2026-06-04 15:37:24,198.99,198.99
O05086,C016,P48,2,78.99,2024-09-01 02:42:49,157.98,468.96
O05086,C016,P21,1,196.99,2024-09-01 02:42:49,196.99,468.96
O05086,C016,P19,1,113.99,2024-09-01 02:42:49,113.99,468.96
O05087,C364,P19,2,113.99,2026-05-31 14:35:52,227.98,998.95
O05087,C364,P05,1,429.99,2026-05-31 14:35:52,429.99,998.95
O05087,C364,P08,1,100.99,2026-05-31 14:35:52,100.99,998.95
O05087,C364,P27,1,239.99,2026-05-31 14:35:52,239.99,998.95
O05088,C492,P31,1,16.99,2026-01-18 02:53:07,16.99,16.99
O05089,C150,P34,1,53.99,2025-11-11 13:09:17,53.99,181.97
O05089,C150,P10,1,92.99,2025-11-11 13:09:17,92.99,181.97
O05089,C150,P09,1,34.99,2025-11-11 13:09:17,34.99,181.97
O05090,C459,P06,1,402.99,2026-07-01 09:08:47,402.99,402.99
O05091,C262,P39,1,21.99,2024-12-19 01:14:33,21.99,594.97
O05091,C262,P23,1,205.99,2024-12-19 01:14:33,205.99,594.97
O05091,C262,P07,1,366.99,2024-12-19 01:14:33,366.99,594.97
O05092,C143,P49,1,77.99,2026-04-23 13:25:20,77.99,77.99
O05093,C218,P28,1,198.99,2024-12-17 06:48:59,198.99,198.99
O05094,C139,P21,1,196.99,2025-09-17 10:00:27,196.99,196.99
O05095,C148,P42,1,58.99,2024-10-06 22:56:13,58.99,58.99
O05096,C115,P16,1,30.99,2025-11-05 09:41:27,30.99,230.98
O05096,C115,P41,1,199.99,2025-11-05 09:41:27,199.99,230.98
O05097,C485,P31,1,16.99,2025-09-06 19:54:43,16.99,16.99
O05098,C296,P04,1,281.99,2026-06-02 23:20:28,281.99,382.98
O05098,C296,P08,1,100.99,2026-02-06 23:20:28,100.99,382.98
O05099,C117,P41,1,199.99,2026-06-21 08:06:44,199.99,244.98
O05099,C117,P18,1,44.99,2026-06-21 08:06:44,44.99,244.98
O05100,C429,P42,1,58.99,2026-05-16 07:17:44,58.99,58.99
O05101,C439,P03,1,205.99,2026-05-13 07:27:48,205.99,572.98
O05101,C439,P07,1,366.99,2026-05-13 01:57:48,366.99,572.98
O05102,C185,P45,1,110.99,2024-11-10 11:53:15,110.99,110.99
O05103,C442,P31,1,16.99,2025-12-12 08:00:50,16.99,243.98
O05103,C442,P02,1,226.99,2025-12-12 08:00:50,226.99,243.98
O05104,C266,P18,1,44.99,2025-01-28 12:35:36,44.99,103.98
O05104,C266,P42,1,58.99,2025-01-28 12:35:36,58.99,103.98
O05105,C087,P23,1,205.99,2025-09-02 10:46:50,205.99,411.98
O05105,C087,P03,1,205.99,2025-09-02 10:46:50,205.99,411.98
O05106,C293,P10,1,92.99,2024-11-09 02:33:00,92.99,92.99
O05107,C259,P41,1,199.99,2024-08-18 06:47:56,199.99,300.98
O05107,C259,P12,1,100.99,2024-08-18 06:47:56,100.99,300.98
O05108,C326,P45,1,110.99,2024-11-29 19:22:55,110.99,110.99
O05109,C473,P42,2,58.99,2026-05-09 12:11:47,117.98,117.98
O05110,C314,P26,1,87.99,2025-04-28 17:47:47,87.99,162.98
O05110,C314,P33,1,74.99,2025-04-28 17:47:47,74.99,162.98
O05111,C063,P38,1,38.99,2024-11-08 21:52:07,38.99,38.99
O05112,C072,P14,1,70.99,2026-03-16 04:49:52,70.99,504.97
O05112,C072,P16,1,30.99,2026-03-16 04:49:52,30.99,504.97
O05112,C072,P06,1,402.99,2026-03-16 04:49:52,402.99,504.97
O05113,C178,P23,2,205.99,2024-07-06 22:45:53,411.98,411.98
O05114,C457,P08,2,100.99,2025-11-01 13:11:44,201.98,201.98
O05115,C134,P46,1,154.99,2024-09-27 08:50:11,154.99,154.99
O05116,C074,P17,2,22.99,2024-11-26 20:31:14,45.98,146.97
O05116,C074,P12,1,100.99,2024-11-26 20:31:14,100.99,146.97
O05117,C459,P03,1,205.99,2025-05-29 04:00:38,205.99,205.99
O05118,C123,P30,1,236.99,2026-04-02 08:07:23,236.99,666.98
O05118,C123,P05,1,429.99,2026-04-02 08:07:23,429.99,666.98
O05119,C074,P22,1,194.99,2025-02-10 21:21:36,194.99,194.99
O05120,C446,P23,1,205.99,2026-06-13 00:55:49,205.99,316.98
O05120,C446,P45,1,110.99,2026-06-13 00:55:49,110.99,316.98
O05121,C252,P43,1,138.99,2025-06-29 22:38:14,138.99,138.99
O05122,C251,P34,1,53.99,2024-11-30 18:22:29,53.99,53.99
O05123,C051,P38,1,38.99,2025-04-25 21:50:57,38.99,38.99
O05124,C123,P16,1,30.99,2025-01-22 03:42:56,30.99,89.98
O05124,C123,P42,1,58.99,2025-01-22 03:42:56,58.99,89.98
O05125,C244,P17,1,22.99,2025-01-29 11:48:43,22.99,22.99
O05126,C296,P46,1,154.99,2024-12-25 16:53:49,154.99,563.97
O05126,C296,P47,1,41.99,2024-12-25 16:53:49,41.99,563.97
O05126,C296,P07,1,366.99,2024-12-25 16:53:49,366.99,563.97
O05127,C093,P16,1,30.99,2024-12-07 05:58:02,30.99,138.97
O05127,C093,P34,2,53.99,2024-12-07 05:58:02,107.98,138.97
O05128,C441,P37,1,42.99,2026-04-01 01:49:48,42.99,139.98
O05128,C441,P20,1,96.99,2026-04-01 01:49:48,96.99,139.98
O05129,C054,P29,1,199.99,2024-12-14 00:33:22,199.99,253.98
O05129,C054,P34,1,53.99,2024-12-14 00:33:22,53.99,253.98
O05130,C064,P36,1,47.99,2024-12-05 03:27:52,47.99,183.97
O05130,C064,P12,1,100.99,2024-12-05 03:27:52,100.99,183.97
O05130,C064,P09,1,34.99,2024-12-05 03:27:52,34.99,183.97
O05131,C415,P15,1,18.99,2025-11-10 14:04:23,18.99,18.99
O05132,C230,P36,1,47.99,2026-02-12 09:17:45,47.99,239.98
O05132,C230,P50,1,191.99,2026-02-12 09:17:45,191.99,239.98
O05133,C102,P15,1,18.99,2025-05-15 08:41:28,18.99,177.97
O05133,C102,P35,1,57.99,2025-05-15 08:41:28,57.99,177.97
O05133,C102,P08,1,100.99,2025-05-15 08:41:28,100.99,177.97
O05134,C344,P24,1,299.99,2025-02-05 08:25:10,299.99,299.99
O05135,C016,P15,2,18.99,2025-05-11 15:56:00,37.98,37.98
O05136,C165,P17,1,22.99,2025-11-08 16:33:08,22.99,112.97
O05136,C165,P36,1,47.99,2025-11-08 16:33:08,47.99,112.97
O05136,C165,P47,1,41.99,2025-11-08 16:33:08,41.99,112.97
O05137,C342,P34,1,53.99,2025-11-28 05:36:41,53.99,447.97
O05137,C342,P21,2,196.99,2025-11-28 05:36:41,393.98,447.97
O05138,C374,P36,1,47.99,2026-05-30 08:31:30,47.99,125.98
O05138,C374,P49,1,77.99,2026-05-30 08:31:30,77.99,125.98
O05139,C249,P28,1,198.99,2025-12-09 07:29:04,198.99,985.95
O05139,C249,P50,1,191.99,2025-12-09 07:29:04,191.99,985.95
O05139,C249,P19,2,113.99,2025-12-09 07:29:04,227.98,985.95
O05139,C249,P07,1,366.99,2025-12-09 07:29:04,366.99,985.95
O05140,C018,P32,1,24.99,2025-05-17 00:24:00,24.99,24.99
O05141,C456,P06,1,402.99,2026-01-16 12:13:48,402.99,812.97
O05141,C456,P07,1,366.99,2026-01-16 12:13:48,366.99,812.97
O05141,C456,P37,1,42.99,2026-01-16 12:13:48,42.99,812.97
O05142,C048,P02,1,226.99,2026-07-05 18:21:21,226.99,248.98
O05142,C048,P39,1,21.99,2026-07-05 18:21:21,21.99,248.98
O05143,C059,P32,1,24.99,2026-02-10 08:43:03,24.99,24.99
O05144,C498,P14,1,70.99,2025-12-28 06:31:36,70.99,297.98
O05144,C498,P02,1,226.99,2025-12-28 06:31:36,226.99,297.98
O05145,C298,P24,1,299.99,2024-11-03 01:57:00,299.99,299.99
O05146,C024,P29,1,199.99,2025-06-14 03:25:11,199.99,407.97
O05146,C024,P45,1,110.99,2025-06-14 03:25:11,110.99,407.97
O05146,C024,P20,1,96.99,2025-06-14 03:25:11,96.99,407.97
O05147,C245,P04,2,281.99,2024-12-12 11:56:50,563.98,954.96
O05147,C245,P50,1,191.99,2024-12-12 11:56:50,191.99,954.96
O05147,C245,P28,1,198.99,2024-12-12 11:56:50,198.99,954.96
O05148,C311,P29,1,199.99,2024-09-15 22:57:14,199.99,199.99
O05149,C062,P47,1,41.99,2024-10-31 14:10:58,41.99,258.97
O05149,C062,P03,1,205.99,2024-10-31 14:10:58,205.99,258.97
O05149,C062,P40,1,10.99,2024-10-31 14:10:58,10.99,258.97
O05150,C310,P21,1,196.99,2025-03-31 07:20:44,196.99,967.96
O05150,C310,P01,1,345.99,2025-03-31 07:20:44,345.99,967.96
O05150,C310,P35,1,57.99,2025-03-31 07:20:44,57.99,967.96
O05150,C310,P07,1,366.99,2025-03-31 07:20:44,366.99,967.96
O05151,C277,P21,2,196.99,2026-02-28 23:16:17,393.98,393.98
O05152,C229,P06,1,402.99,2026-07-05 23:44:46,402.99,444.98
O05152,C229,P47,1,41.99,2026-07-05 23:44:46,41.99,444.98
O05153,C095,P41,3,199.99,2024-08-04 10:16:03,599.97,2005.93
O05153,C095,P24,2,299.99,2024-08-04 10:16:03,599.98,2005.93
O05153,C095,P06,2,402.99,2024-08-04 10:16:03,805.98,2005.93
O05154,C341,P12,1,100.99,2025-11-13 15:51:17,100.99,100.99
O05155,C374,P39,1,21.99,2025-12-06 15:51:20,21.99,309.97
O05155,C374,P44,2,143.99,2025-12-06 15:51:20,287.98,309.97
O05157,C323,P05,1,429.99,2026-01-09 12:40:30,429.99,429.99
O05158,C402,P01,1,345.99,2026-02-21 13:22:19,345.99,909.97
O05158,C402,P04,2,281.99,2026-02-21 13:22:19,563.98,909.97
O05159,C020,P17,1,22.99,2024-07-25 22:26:16,22.99,270.97
O05159,C020,P40,1,10.99,2024-07-25 22:26:16,10.99,270.97
O05159,C020,P30,1,236.99,2024-07-25 22:26:16,236.99,270.97
O05160,C496,P02,1,226.99,2026-01-07 14:22:10,226.99,226.99
O05161,C459,P28,1,198.99,2025-11-08 19:09:55,198.99,198.99
O05162,C228,P31,1,16.99,2025-04-25 02:12:33,16.99,16.99
O05163,C379,P07,1,366.99,2025-08-04 16:07:10,366.99,392.98
O05163,C379,P25,1,25.99,2025-08-04 16:07:10,25.99,392.98
O05164,C191,P39,1,21.99,2024-08-28 21:07:23,21.99,248.98
O05164,C191,P02,1,226.99,2024-08-28 21:07:23,226.99,248.98
O05165,C482,P41,1,199.99,2024-09-12 02:49:31,199.99,199.99
O05166,C141,P43,1,138.99,2025-06-18 15:54:49,138.99,663.95
O05166,C141,P25,1,25.99,2025-06-18 15:54:49,25.99,663.95
O05166,C141,P13,1,114.99,2025-06-18 15:54:00,114.99,663.95
O05166,C141,P50,2,191.99,2025-06-18 15:54:49,383.98,663.95
O05167,C118,P30,1,236.99,2025-12-24 05:44:15,236.99,236.99
O05168,C030,P17,2,22.99,2024-11-12 09:24:06,45.98,45.98
O05169,C143,P42,1,58.99,2025-03-16 13:18:23,58.99,133.98
O05169,C143,P33,1,74.99,2025-03-16 13:18:23,74.99,133.98
O05170,C129,P33,2,74.99,2025-11-20 02:42:34,149.98,149.98
O05171,C035,P18,1,44.99,2026-03-06 07:55:28,44.99,123.98
O05171,C035,P48,1,78.99,2026-03-06 07:55:28,78.99,123.98
O05172,C253,P38,1,38.99,2026-05-06 19:52:45,38.99,38.99
O05173,C368,P20,3,96.99,2025-11-10 18:05:45,290.97,387.95
O05173,C368,P34,1,53.99,2025-11-10 18:05:45,53.99,387.95
O05173,C368,P37,1,42.99,2025-11-10 18:05:45,42.99,387.95
O05174,C339,P17,2,22.99,2025-11-12 10:54:48,45.98,164.96
O05174,C339,P26,1,87.99,2025-11-12 10:54:48,87.99,164.96
O05174,C339,P16,1,30.99,2025-11-12 10:54:48,30.99,164.96
O05175,C384,P36,1,47.99,2025-01-12 23:53:51,47.99,274.98
O05175,C384,P02,1,226.99,2025-01-12 23:53:51,226.99,274.98
O05176,C125,P27,1,239.99,2025-06-15 21:40:43,239.99,305.97
O05176,C125,P17,1,22.99,2025-06-15 21:40:43,22.99,305.97
O05176,C125,P37,1,42.99,2025-06-15 21:40:43,42.99,305.97
O05177,C165,P35,1,57.99,2024-12-14 04:22:07,57.99,294.98
O05177,C165,P30,1,236.99,2024-12-14 04:22:07,236.99,294.98
O05178,C276,P28,1,198.99,2025-09-08 09:28:27,198.99,397.97
O05178,C276,P45,1,110.99,2025-09-08 09:28:27,110.99,397.97
O05178,C276,P26,1,87.99,2025-09-08 09:28:27,87.99,397.97
O05179,C062,P09,1,34.99,2025-10-05 11:10:24,34.99,272.97
O05179,C062,P22,1,194.99,2025-10-05 11:10:24,194.99,272.97
O05179,C062,P37,1,42.99,2025-10-05 11:10:24,42.99,272.97
O05180,C223,P34,1,53.99,2026-03-04 15:54:59,53.99,499.97
O05180,C223,P23,1,205.99,2026-03-04 15:54:59,205.99,499.97
O05180,C223,P27,1,239.99,2026-03-04 15:54:59,239.99,499.97
O05182,C213,P29,1,199.99,2025-06-21 21:19:54,199.99,199.99
O05183,C247,P29,1,199.99,2026-04-20 03:17:02,199.99,199.99
O05184,C240,P48,1,78.99,2026-05-16 01:08:23,78.99,1046.95
O05184,C240,P02,2,226.99,2026-05-16 01:08:23,453.98,1046.95
O05184,C240,P45,1,110.99,2026-05-16 01:08:23,110.99,1046.95
O05184,C240,P06,1,402.99,2026-05-16 01:08:23,402.99,1046.95
O05185,C328,P21,1,196.99,2026-03-07 19:44:39,196.99,942.95
O05185,C328,P30,3,236.99,2026-03-07 19:44:39,710.97,942.95
O05185,C328,P09,1,34.99,2026-03-07 19:44:39,34.99,942.95
O05186,C133,P23,1,205.99,2026-05-21 08:59:47,205.99,400.98
O05186,C133,P22,1,194.99,2026-05-21 08:59:47,194.99,400.98
O05187,C336,P22,1,194.99,2025-08-28 21:26:13,194.99,194.99
O05188,C498,P37,2,42.99,2025-11-16 22:57:21,85.98,85.98
O05189,C488,P47,1,41.99,2025-11-27 00:43:28,41.99,41.99
O05190,C271,P37,1,42.99,2025-10-27 22:49:09,42.99,42.99
O05191,C260,P18,1,44.99,2026-03-19 15:03:45,44.99,136.98
O05191,C260,P11,1,91.99,2026-03-19 15:03:45,91.99,136.98
O05192,C219,P40,1,10.99,2026-01-19 00:15:26,10.99,295.97
O05192,C219,P35,1,57.99,2026-01-19 00:15:26,57.99,295.97
O05192,C219,P02,1,226.99,2026-01-18 18:45:26,226.99,295.97
O05193,C349,P50,2,191.99,2026-04-10 08:34:11,383.98,405.97
O05193,C349,P39,1,21.99,2026-04-10 08:34:11,21.99,405.97
O05194,C147,P39,1,21.99,2024-11-24 11:02:03,21.99,1042.95
O05194,C147,P26,1,87.99,2024-11-24 11:02:03,87.99,1042.95
O05194,C147,P07,2,366.99,2024-11-24 11:02:03,733.98,1042.95
O05194,C147,P28,1,198.99,2024-11-24 11:02:03,198.99,1042.95
O05195,C270,P19,1,113.99,2024-12-16 08:31:06,113.99,113.99
O05196,C034,P22,1,194.99,2025-09-22 12:12:43,194.99,194.99
O05197,C429,P03,1,205.99,2026-06-04 05:21:38,205.99,205.99
O05198,C311,P31,1,16.99,2024-10-29 08:09:30,16.99,27.98
O05198,C311,P40,1,10.99,2024-10-29 13:39:30,10.99,27.98
O05199,C245,P49,1,77.99,2025-11-15 00:33:04,77.99,77.99
O05200,C158,P50,1,191.99,2026-01-26 18:01:09,191.99,191.99
O05201,C119,P49,1,77.99,2024-11-17 13:36:55,77.99,269.98
O05201,C119,P50,1,191.99,2024-11-17 13:36:55,191.99,269.98
O05202,C283,P23,1,205.99,2024-07-07 22:24:43,205.99,216.98
O05202,C283,P40,1,10.99,2024-07-07 22:24:43,10.99,216.98
O05203,C356,P16,1,30.99,2025-09-02 09:26:57,30.99,30.99
O05204,C055,P17,1,22.99,2025-08-13 17:29:38,22.99,427.97
O05204,C055,P28,1,198.99,2025-08-13 17:29:38,198.99,427.97
O05204,C055,P23,1,205.99,2025-08-13 17:29:38,205.99,427.97
O05205,C075,P48,3,78.99,2024-07-29 06:52:14,236.97,518.96
O05205,C075,P04,1,281.99,2024-07-29 06:52:14,281.99,518.96
O05206,C198,P10,1,92.99,2026-06-21 21:27:41,92.99,234.97
O05206,C198,P14,2,70.99,2026-06-21 21:27:41,141.98,234.97
O05207,C424,P44,1,143.99,2025-01-21 21:13:46,143.99,143.99
O05208,C147,P31,1,16.99,2026-03-24 16:32:19,16.99,16.99
O05209,C124,P48,1,78.99,2025-01-09 17:40:49,78.99,78.99
O05210,C418,P09,1,34.99,2026-06-27 05:55:28,34.99,34.99
O05211,C041,P11,1,91.99,2026-07-02 18:13:52,91.99,91.99
O05212,C486,P40,1,10.99,2026-05-10 11:12:10,10.99,10.99
O05213,C143,P45,1,110.99,2026-03-01 20:40:19,110.99,185.98
O05213,C143,P33,1,74.99,2026-03-01 20:40:19,74.99,185.98
O05214,C203,P38,1,38.99,2026-05-25 22:29:48,38.99,100.97
O05214,C203,P16,2,30.99,2026-05-25 22:29:48,61.98,100.97
O05215,C270,P11,2,91.99,2025-09-07 08:55:38,183.98,183.98
O05216,C496,P32,1,24.99,2025-12-19 05:32:31,24.99,24.99
O05217,C197,P25,1,25.99,2026-04-23 02:03:18,25.99,25.99
O05218,C439,P25,1,25.99,2026-06-06 19:24:55,25.99,222.98
O05218,C439,P21,1,196.99,2026-06-06 19:24:55,196.99,222.98
O05219,C052,P04,1,281.99,2025-12-13 15:14:04,281.99,374.98
O05219,C052,P10,1,92.99,2025-12-13 15:14:04,92.99,374.98
O05220,C040,P05,1,429.99,2025-11-28 00:29:51,429.99,429.99
O05221,C398,P04,3,281.99,2026-05-20 07:50:44,845.97,845.97
O05222,C093,P40,1,10.99,2025-04-25 14:33:59,10.99,10.99
O05223,C410,P14,2,70.99,2025-11-20 00:05:37,141.98,141.98
O05224,C339,P24,1,299.99,2025-08-17 03:46:20,299.99,387.98
O05224,C339,P26,1,87.99,2025-08-17 03:46:20,87.99,387.98
O05225,C449,P47,1,41.99,2024-11-17 07:30:03,41.99,374.96
O05225,C449,P45,3,110.99,2024-11-17 07:30:03,332.97,374.96
O05226,C355,P29,2,199.99,2025-10-26 18:12:05,399.98,1419.94
O05226,C355,P24,1,299.99,2025-10-26 18:12:05,299.99,1419.94
O05226,C355,P27,3,239.99,2025-10-26 18:12:05,719.97,1419.94
O05227,C004,P29,1,199.99,2024-11-20 03:45:59,199.99,270.98
O05227,C004,P14,1,70.99,2024-11-20 03:45:59,70.99,270.98
O05228,C305,P01,1,345.99,2025-12-07 20:42:02,345.99,345.99
O05229,C452,P36,1,47.99,2026-06-30 18:10:26,47.99,47.99
O05230,C081,P01,1,345.99,2026-04-23 05:46:43,345.99,1015.97
O05230,C081,P27,1,239.99,2026-04-23 05:46:43,239.99,1015.97
O05230,C081,P05,1,429.99,2026-04-23 05:46:00,429.99,1015.97
O05231,C355,P21,1,196.99,2025-12-02 12:03:10,196.99,644.97
O05231,C355,P06,1,402.99,2025-12-02 12:03:10,402.99,644.97
O05231,C355,P18,1,44.99,2025-12-02 12:03:10,44.99,644.97
O05232,C142,P02,2,226.99,2026-01-31 02:04:53,453.98,659.97
O05232,C142,P03,1,205.99,2026-01-31 02:04:53,205.99,659.97
O05233,C043,P08,1,100.99,2026-03-31 23:15:59,100.99,100.99
O05234,C168,P10,1,92.99,2025-10-15 20:26:03,92.99,285.96
O05234,C168,P31,1,16.99,2025-10-15 20:26:03,16.99,285.96
O05234,C168,P26,2,87.99,2025-10-15 20:26:03,175.98,285.96
O05235,C442,P04,1,281.99,2025-05-12 15:31:38,281.99,281.99
O05236,C132,P23,1,205.99,2026-04-18 10:24:09,205.99,205.99
O05237,C140,P04,1,281.99,2024-11-15 09:25:55,281.99,281.99
O05238,C449,P08,1,100.99,2025-02-02 23:44:32,100.99,100.99
O05239,C390,P11,1,91.99,2025-07-18 08:56:06,91.99,116.98
O05239,C390,P32,1,24.99,2025-07-18 08:56:00,24.99,116.98
O05240,C060,P04,1,281.99,2025-01-03 17:52:50,281.99,281.99
O05242,C088,P21,1,196.99,2025-04-06 23:35:24,196.99,448.96
O05242,C088,P03,1,205.99,2025-04-06 23:35:24,205.99,448.96
O05242,C088,P17,2,22.99,2025-04-06 23:35:24,45.98,448.96
O05243,C464,P17,1,22.99,2026-07-04 23:08:39,22.99,386.96
O05243,C464,P50,1,191.99,2026-07-04 23:08:39,191.99,386.96
O05243,C464,P10,1,92.99,2026-07-04 23:08:39,92.99,386.96
O05243,C464,P48,1,78.99,2026-07-04 23:08:39,78.99,386.96
O05244,C359,P15,1,18.99,2025-10-11 01:04:21,18.99,357.97
O05244,C359,P29,1,199.99,2025-10-11 01:04:21,199.99,357.97
O05244,C359,P43,1,138.99,2025-10-11 01:04:21,138.99,357.97
O05245,C091,P29,1,199.99,2025-04-14 08:56:39,199.99,519.97
O05245,C091,P03,1,205.99,2025-04-14 08:56:39,205.99,519.97
O05245,C091,P19,1,113.99,2025-04-14 08:56:39,113.99,519.97
O05246,C341,P01,1,345.99,2025-12-15 09:09:55,345.99,571.97
O05246,C341,P29,1,199.99,2025-12-15 09:09:55,199.99,571.97
O05246,C341,P25,1,25.99,2025-12-15 09:09:55,25.99,571.97
O05247,C023,P24,1,299.99,2025-05-02 02:57:16,299.99,299.99
O05248,C079,P30,1,236.99,2025-11-16 07:38:47,236.99,324.98
O05248,C079,P26,1,87.99,2025-11-16 07:38:47,87.99,324.98
O05249,C025,P21,1,196.99,2025-01-15 03:55:29,196.99,402.98
O05249,C025,P03,1,205.99,2025-01-15 03:55:29,205.99,402.98
O05250,C008,P46,1,154.99,2024-09-15 14:22:48,154.99,637.96
O05250,C008,P48,1,78.99,2024-09-15 14:22:48,78.99,637.96
O05250,C008,P35,1,57.99,2024-09-15 14:22:48,57.99,637.96
O05250,C008,P01,1,345.99,2024-09-15 14:22:48,345.99,637.96
O05251,C260,P34,1,53.99,2024-12-27 11:23:29,53.99,53.99
O05252,C472,P45,1,110.99,2025-12-20 01:27:27,110.99,110.99
O05253,C372,P38,2,38.99,2024-11-19 05:35:48,77.98,77.98
O05254,C133,P24,1,299.99,2024-11-28 20:37:50,299.99,299.99
O05255,C488,P13,2,114.99,2025-11-22 11:39:31,229.98,428.97
O05255,C488,P28,1,198.99,2025-11-22 11:39:31,198.99,428.97
O05256,C499,P37,1,42.99,2025-05-28 22:03:57,42.99,409.98
O05256,C499,P07,1,366.99,2025-05-28 22:03:57,366.99,409.98
O05257,C177,P41,1,199.99,2025-09-28 08:51:18,199.99,391.98
O05257,C177,P50,1,191.99,2025-09-28 08:51:18,191.99,391.98
O05258,C274,P50,1,191.99,2026-06-26 17:01:05,191.99,191.99
O05259,C387,P07,1,366.99,2025-09-20 04:03:34,366.99,366.99
O05260,C441,P43,1,138.99,2025-12-19 01:09:22,138.99,138.99
O05261,C036,P42,1,58.99,2026-02-19 20:10:45,58.99,58.99
O05262,C124,P40,1,10.99,2025-05-27 07:57:23,10.99,950.96
O05262,C124,P23,1,205.99,2025-05-27 07:57:23,205.99,950.96
O05262,C124,P07,2,366.99,2025-05-27 07:57:23,733.98,950.96
O05263,C386,P26,1,87.99,2025-05-10 22:26:09,87.99,636.95
O05263,C386,P23,2,205.99,2025-05-10 22:26:09,411.98,636.95
O05263,C386,P35,1,57.99,2025-05-10 22:26:09,57.99,636.95
O05263,C386,P48,1,78.99,2025-05-10 22:26:09,78.99,636.95
O05264,C125,P10,1,92.99,2026-06-19 12:32:31,92.99,92.99
O05265,C317,P36,3,47.99,2025-08-21 10:55:17,143.97,143.97
O05266,C468,P36,1,47.99,2026-02-15 19:17:01,47.99,284.98
O05266,C468,P30,1,236.99,2026-02-15 19:17:01,236.99,284.98
O05267,C464,P35,2,57.99,2026-05-30 17:31:58,115.98,115.98
O05268,C326,P41,1,199.99,2026-04-07 22:18:03,199.99,796.95
O05268,C326,P01,1,345.99,2026-04-08 03:48:03,345.99,796.95
O05268,C326,P28,1,198.99,2026-04-08 03:48:03,198.99,796.95
O05268,C326,P25,2,25.99,2026-04-08 03:48:03,51.98,796.95
O05269,C493,P15,1,18.99,2025-11-23 22:48:51,18.99,245.98
O05269,C493,P02,1,226.99,2025-11-23 22:48:51,226.99,245.98
O05270,C032,P01,1,345.99,2024-12-05 10:53:41,345.99,500.98
O05270,C032,P46,1,154.99,2024-12-05 10:53:41,154.99,500.98
O05271,C488,P44,1,143.99,2026-02-27 01:24:17,143.99,174.98
O05271,C488,P16,1,30.99,2026-02-27 01:24:17,30.99,174.98
O05272,C003,P41,1,199.99,2024-12-27 14:56:39,199.99,523.96
O05272,C003,P21,1,196.99,2024-12-27 14:56:00,196.99,523.96
O05272,C003,P48,1,78.99,2024-12-27 14:56:39,78.99,523.96
O05272,C003,P36,1,47.99,2024-12-27 14:56:39,47.99,523.96
O05273,C336,P17,1,22.99,2025-10-10 00:10:54,22.99,22.99
O05274,C097,P04,2,281.99,2024-07-08 01:20:58,563.98,664.97
O05274,C097,P08,1,100.99,2024-07-08 01:20:58,100.99,664.97
O05275,C487,P35,1,57.99,2025-05-18 15:21:19,57.99,57.99
O05276,C001,P11,1,91.99,2025-08-12 05:31:19,91.99,91.99
O05277,C257,P15,1,18.99,2025-01-26 00:28:10,18.99,18.99
O05278,C190,P24,2,299.99,2025-11-23 17:23:04,599.98,599.98
O05279,C060,P29,1,199.99,2024-11-22 05:16:29,199.99,199.99
O05280,C243,P14,3,70.99,2025-11-16 11:00:46,212.97,212.97
O05281,C319,P06,1,402.99,2026-02-15 03:56:33,402.99,477.98
O05281,C319,P33,1,74.99,2026-02-15 03:56:33,74.99,477.98
O05282,C421,P01,1,345.99,2025-11-19 04:01:45,345.99,393.97
O05282,C421,P32,1,24.99,2025-11-19 04:01:45,24.99,393.97
O05282,C421,P17,1,22.99,2025-11-19 04:01:45,22.99,393.97
O05283,C192,P14,1,70.99,2024-09-04 13:37:38,70.99,355.97
O05283,C192,P50,1,191.99,2024-09-04 13:37:38,191.99,355.97
O05283,C192,P10,1,92.99,2024-09-04 13:37:38,92.99,355.97
O05284,C397,P29,1,199.99,2026-04-28 18:57:58,199.99,218.98
O05284,C397,P15,1,18.99,2026-04-28 18:57:58,18.99,218.98
O05285,C104,P14,1,70.99,2024-08-11 04:43:23,70.99,70.99
O05286,C193,P03,1,205.99,2026-06-16 11:26:12,205.99,205.99
O05287,C077,P20,1,96.99,2025-01-04 03:13:30,96.99,96.99
O05288,C071,P28,1,198.99,2025-11-06 17:52:04,198.99,250.97
O05288,C071,P25,2,25.99,2025-11-06 17:52:04,51.98,250.97
O05289,C221,P06,1,402.99,2025-01-01 13:22:43,402.99,541.98
O05289,C221,P43,1,138.99,2025-01-01 13:22:43,138.99,541.98
O05290,C162,P27,1,239.99,2025-11-23 19:50:17,239.99,239.99
O05291,C061,P19,1,113.99,2025-03-07 17:37:20,113.99,295.95
O05291,C061,P25,2,25.99,2025-03-07 17:37:20,51.98,295.95
O05291,C061,P45,1,110.99,2025-03-07 17:37:20,110.99,295.95
O05291,C061,P15,1,18.99,2025-03-07 17:37:20,18.99,295.95
O05292,C282,P44,1,143.99,2025-09-15 13:49:14,143.99,143.99
O05293,C066,P16,1,30.99,2024-11-25 02:39:51,30.99,160.97
O05293,C066,P15,1,18.99,2024-11-25 08:09:51,18.99,160.97
O05293,C066,P45,1,110.99,2024-11-25 08:09:51,110.99,160.97
O05294,C339,P40,1,10.99,2025-12-28 00:49:09,10.99,10.99
O05295,C338,P20,1,96.99,2025-08-02 00:16:00,96.99,96.99
O05296,C428,P20,1,96.99,2025-11-18 13:59:24,96.99,96.99
O05297,C416,P30,1,236.99,2025-12-03 04:24:02,236.99,433.98
O05297,C416,P21,1,196.99,2025-12-03 04:24:02,196.99,433.98
O05298,C215,P14,3,70.99,2026-05-23 06:26:32,212.97,212.97
O05299,C249,P10,1,92.99,2024-11-24 01:53:35,92.99,322.97
O05299,C249,P13,2,114.99,2024-11-24 01:53:35,229.98,322.97
O05300,C289,P35,1,57.99,2025-05-30 02:38:51,57.99,500.96
O05300,C289,P11,1,91.99,2025-05-30 02:38:51,91.99,500.96
O05300,C289,P19,1,113.99,2025-05-30 02:38:51,113.99,500.96
O05300,C289,P30,1,236.99,2025-05-30 02:38:51,236.99,500.96
O05301,C355,P43,2,138.99,2026-05-17 04:06:00,277.98,477.97
O05301,C355,P41,1,199.99,2026-05-17 04:06:00,199.99,477.97
O05302,C462,P44,1,143.99,2025-11-02 06:25:29,143.99,244.98
O05302,C462,P12,1,100.99,2025-11-02 06:25:29,100.99,244.98
O05303,C451,P50,2,191.99,2026-02-22 18:24:00,383.98,383.98
O05304,C205,P11,1,91.99,2026-02-22 16:43:58,91.99,116.98
O05304,C205,P32,1,24.99,2026-02-22 16:43:58,24.99,116.98
O05305,C444,P21,1,196.99,2025-11-12 05:34:43,196.99,196.99
O05306,C012,P11,1,91.99,2025-04-25 02:43:28,91.99,291.98
O05306,C012,P41,1,199.99,2025-04-25 02:43:28,199.99,291.98
O05307,C313,P03,1,205.99,2026-04-13 19:28:00,205.99,205.99
O05308,C272,P23,1,205.99,2024-11-30 17:46:00,205.99,289.97
O05308,C272,P47,2,41.99,2024-11-30 17:46:00,83.98,289.97
O05309,C234,P35,1,57.99,2025-08-21 01:52:51,57.99,234.96
O05309,C234,P16,2,30.99,2025-08-21 01:52:51,61.98,234.96
O05309,C234,P13,1,114.99,2025-08-21 01:52:51,114.99,234.96
O05310,C194,P25,1,25.99,2026-04-22 14:58:47,25.99,307.98
O05310,C194,P04,1,281.99,2026-04-22 14:58:47,281.99,307.98
O05311,C344,P48,1,78.99,2026-07-03 22:01:27,78.99,120.98
O05311,C344,P47,1,41.99,2026-07-03 22:01:27,41.99,120.98
O05312,C473,P15,1,18.99,2025-12-23 13:00:40,18.99,218.98
O05312,C473,P41,1,199.99,2025-12-23 18:30:40,199.99,218.98
O05314,C124,P34,1,53.99,2025-05-10 04:26:47,53.99,330.96
O05314,C124,P32,2,24.99,2025-05-10 04:26:47,49.98,330.96
O05314,C124,P02,1,226.99,2025-05-10 04:26:47,226.99,330.96
O05315,C489,P47,1,41.99,2026-02-27 17:40:06,41.99,41.99
O05316,C366,P22,1,194.99,2025-03-14 05:07:53,194.99,194.99
O05317,C071,P17,1,22.99,2024-12-22 19:38:17,22.99,269.96
O05317,C071,P16,1,30.99,2024-12-22 19:38:17,30.99,269.96
O05317,C071,P13,1,114.99,2024-12-22 19:38:17,114.99,269.96
O05317,C071,P08,1,100.99,2024-12-22 19:38:17,100.99,269.96
O05318,C020,P03,1,205.99,2025-02-20 19:30:26,205.99,205.99
O05319,C423,P26,2,87.99,2026-01-25 14:33:17,175.98,198.97
O05319,C423,P17,1,22.99,2026-01-25 14:33:17,22.99,198.97
O05320,C171,P39,1,21.99,2025-05-13 09:26:24,21.99,21.99
O05321,C249,P09,1,34.99,2025-07-15 10:53:27,34.99,34.99
O05322,C176,P28,1,198.99,2025-11-13 09:09:16,198.99,198.99
O05323,C090,P11,1,91.99,2025-10-14 18:38:03,91.99,521.96
O05323,C090,P09,1,34.99,2025-10-14 18:38:03,34.99,521.96
O05323,C090,P46,1,154.99,2025-10-14 13:08:03,154.99,521.96
O05323,C090,P27,1,239.99,2025-10-14 18:38:03,239.99,521.96
O05324,C161,P29,2,199.99,2026-06-26 08:06:14,399.98,554.97
O05324,C161,P46,1,154.99,2026-06-26 08:06:14,154.99,554.97
O05326,C200,P42,1,58.99,2024-11-03 11:41:56,58.99,58.99
O05327,C216,P04,1,281.99,2024-11-21 13:57:27,281.99,688.96
O05327,C216,P15,1,18.99,2024-11-21 13:57:27,18.99,688.96
O05327,C216,P24,1,299.99,2024-11-21 13:57:27,299.99,688.96
O05327,C216,P26,1,87.99,2024-11-21 13:57:27,87.99,688.96
O05328,C160,P50,1,191.99,2024-11-26 20:59:05,191.99,230.98
O05328,C160,P38,1,38.99,2024-11-26 20:59:05,38.99,230.98
O05329,C119,P47,1,41.99,2025-10-29 00:41:25,41.99,41.99
O05330,C421,P03,1,205.99,2025-12-12 09:54:24,205.99,244.98
O05330,C421,P38,1,38.99,2025-12-12 09:54:24,38.99,244.98
O05331,C310,P04,1,281.99,2026-03-05 18:58:54,281.99,281.99
O05332,C221,P22,2,194.99,2025-03-29 21:37:55,389.98,389.98
O05333,C479,P34,2,53.99,2026-01-07 01:03:06,107.98,107.98
O05334,C438,P20,2,96.99,2025-12-14 20:47:55,193.98,193.98
O05335,C334,P46,1,154.99,2025-12-18 00:58:41,154.99,154.99
O05336,C341,P44,1,143.99,2026-02-07 18:32:59,143.99,655.96
O05336,C341,P13,2,114.99,2026-02-07 18:32:59,229.98,655.96
O05336,C341,P04,1,281.99,2026-02-07 18:32:59,281.99,655.96
O05337,C211,P37,1,42.99,2026-06-28 11:52:49,42.99,409.98
O05337,C211,P07,1,366.99,2026-06-28 11:52:49,366.99,409.98
O05338,C342,P06,2,402.99,2025-10-09 02:55:07,805.98,1015.96
O05338,C342,P14,1,70.99,2025-10-09 02:55:07,70.99,1015.96
O05338,C342,P43,1,138.99,2025-10-09 02:55:07,138.99,1015.96
O05339,C018,P30,3,236.99,2026-05-22 13:17:11,710.97,710.97
O05340,C465,P20,1,96.99,2026-01-10 07:19:53,96.99,174.98
O05340,C465,P49,1,77.99,2026-01-10 07:19:53,77.99,174.98
O05341,C470,P21,3,196.99,2025-12-07 21:58:22,590.97,590.97
O05342,C146,P06,3,402.99,2025-07-05 15:43:54,1208.97,1208.97
O05343,C008,P13,1,114.99,2024-11-10 11:44:36,114.99,317.97
O05343,C008,P46,1,154.99,2024-11-10 11:44:36,154.99,317.97
O05343,C008,P36,1,47.99,2024-11-10 11:44:36,47.99,317.97
O05344,C328,P48,1,78.99,2026-04-26 15:59:20,78.99,179.98
O05344,C328,P12,1,100.99,2026-04-26 15:59:20,100.99,179.98
O05345,C345,P48,1,78.99,2025-11-15 10:10:50,78.99,378.94
O05345,C345,P11,2,91.99,2025-11-15 10:10:50,183.98,378.94
O05345,C345,P49,1,77.99,2025-11-15 10:10:50,77.99,378.94
O05345,C345,P15,2,18.99,2025-11-15 10:10:50,37.98,378.94
O05346,C374,P09,1,34.99,2025-11-08 21:15:40,34.99,318.96
O05346,C374,P39,1,21.99,2025-11-08 21:15:40,21.99,318.96
O05346,C374,P32,1,24.99,2025-08-11 21:15:40,24.99,318.96
O05346,C374,P30,1,236.99,2025-11-08 21:15:40,236.99,318.96
O05347,C398,P44,1,143.99,2026-04-29 04:37:44,143.99,143.99
O05348,C220,P46,1,154.99,2026-05-20 15:44:41,154.99,718.97
O05348,C220,P04,2,281.99,2026-05-20 15:44:41,563.98,718.97
O05349,C242,P26,1,87.99,2026-05-15 04:16:40,87.99,129.98
O05349,C242,P47,1,41.99,2026-05-15 04:16:40,41.99,129.98
O05350,C077,P50,1,191.99,2025-12-28 23:51:32,191.99,191.99
O05351,C289,P43,1,138.99,2025-12-31 13:28:40,138.99,795.97
O05351,C289,P05,1,429.99,2025-12-31 13:28:40,429.99,795.97
O05351,C289,P02,1,226.99,2025-12-31 13:28:40,226.99,795.97
O05352,C150,P16,1,30.99,2026-06-21 19:32:10,30.99,460.98
O05352,C150,P05,1,429.99,2026-06-21 19:32:10,429.99,460.98
O05353,C063,P39,2,21.99,2024-10-30 04:27:22,43.98,60.97
O05353,C063,P31,1,16.99,2024-10-30 04:27:22,16.99,60.97
O05354,C471,P01,1,345.99,2026-05-30 05:18:33,345.99,540.98
O05354,C471,P22,1,194.99,2026-05-30 05:18:33,194.99,540.98
O05355,C294,P48,1,78.99,2025-09-06 11:49:54,78.99,185.94
O05355,C294,P17,3,22.99,2025-09-06 11:49:54,68.97,185.94
O05355,C294,P15,2,18.99,2025-09-06 11:49:54,37.98,185.94
O05356,C180,P14,2,70.99,2026-05-31 20:09:49,141.98,141.98
O05357,C141,P02,2,226.99,2024-08-24 14:44:01,453.98,693.97
O05357,C141,P27,1,239.99,2024-08-24 14:44:01,239.99,693.97
O05358,C482,P16,2,30.99,2025-12-14 18:21:39,61.98,258.97
O05358,C482,P21,1,196.99,2025-12-14 18:21:39,196.99,258.97
O05359,C402,P48,1,78.99,2025-12-20 08:54:20,78.99,95.98
O05359,C402,P31,1,16.99,2025-12-20 08:54:20,16.99,95.98
O05360,C427,P05,1,429.99,2025-09-20 16:10:04,429.99,530.98
O05360,C427,P12,1,100.99,2025-09-20 16:10:04,100.99,530.98
O05361,C049,P50,1,191.99,2026-06-11 16:05:20,191.99,191.99
O05362,C284,P30,1,236.99,2025-07-10 06:49:29,236.99,518.98
O05362,C284,P04,1,281.99,2025-07-10 06:49:29,281.99,518.98
O05363,C015,P41,2,199.99,2025-05-15 19:23:41,399.98,487.97
O05363,C015,P26,1,87.99,2025-05-15 19:23:41,87.99,487.97
O05364,C112,P43,2,138.99,2024-11-21 12:11:59,277.98,277.98
O05365,C450,P01,2,345.99,2026-06-29 04:27:21,691.98,691.98
O05366,C254,P31,1,16.99,2025-10-11 01:16:47,16.99,16.99
O05367,C406,P34,1,53.99,2025-12-12 20:15:28,53.99,78.98
O05367,C406,P32,1,24.99,2025-12-12 20:15:28,24.99,78.98
O05368,C359,P13,1,114.99,2026-06-20 06:39:37,114.99,140.98
O05368,C359,P25,1,25.99,2026-06-20 06:39:37,25.99,140.98
O05369,C266,P38,1,38.99,2025-01-04 08:17:06,38.99,240.97
O05369,C266,P35,1,57.99,2025-01-04 08:17:06,57.99,240.97
O05369,C266,P44,1,143.99,2025-01-04 08:17:06,143.99,240.97
O05370,C499,P10,1,92.99,2025-12-28 18:09:33,92.99,92.99
O05371,C010,P37,1,42.99,2024-10-05 11:06:20,42.99,436.97
O05371,C010,P21,2,196.99,2024-10-05 11:06:20,393.98,436.97
O05372,C229,P07,1,366.99,2026-02-21 17:53:47,366.99,1310.94
O05372,C229,P24,1,299.99,2026-02-21 17:53:47,299.99,1310.94
O05372,C229,P42,1,58.99,2026-02-21 17:53:47,58.99,1310.94
O05372,C229,P22,3,194.99,2026-02-21 17:53:47,584.97,1310.94
O05373,C229,P42,1,58.99,2025-09-11 07:04:50,58.99,155.98
O05373,C229,P20,1,96.99,2025-09-11 07:04:50,96.99,155.98
O05374,C197,P30,1,236.99,2026-03-18 19:53:27,236.99,262.98
O05374,C197,P25,1,25.99,2026-03-18 19:53:27,25.99,262.98
O05375,C058,P34,1,53.99,2026-01-06 00:50:02,53.99,53.99
O05376,C340,P34,2,53.99,2025-10-31 18:22:56,107.98,324.96
O05376,C340,P43,1,138.99,2025-10-31 18:22:56,138.99,324.96
O05376,C340,P49,1,77.99,2025-10-31 18:22:56,77.99,324.96
O05377,C180,P42,2,58.99,2024-10-23 04:20:14,117.98,399.97
O05377,C180,P04,1,281.99,2024-10-23 04:20:14,281.99,399.97
O05378,C099,P32,1,24.99,2024-09-29 22:00:21,24.99,72.97
O05378,C099,P25,1,25.99,2024-09-29 22:00:21,25.99,72.97
O05378,C099,P39,1,21.99,2024-09-29 22:00:21,21.99,72.97
O05379,C295,P32,1,24.99,2026-04-12 21:10:45,24.99,282.97
O05379,C295,P19,1,113.99,2026-04-12 21:10:45,113.99,282.97
O05379,C295,P44,1,143.99,2026-04-12 21:10:45,143.99,282.97
O05380,C203,P06,1,402.99,2026-04-15 21:39:30,402.99,402.99
O05381,C452,P35,1,57.99,2026-05-03 21:16:48,57.99,82.98
O05381,C452,P32,1,24.99,2026-05-03 21:16:48,24.99,82.98
O05382,C228,P42,1,58.99,2025-01-26 19:12:46,58.99,58.99
O05383,C335,P43,1,138.99,2026-02-05 22:07:45,138.99,183.98
O05383,C335,P18,1,44.99,2026-02-06 03:37:45,44.99,183.98
O05384,C498,P43,1,138.99,2026-06-26 20:24:11,138.99,253.98
O05384,C498,P13,1,114.99,2026-06-26 20:24:11,114.99,253.98
O05385,C295,P29,1,199.99,2026-05-19 22:53:09,199.99,338.98
O05385,C295,P43,1,138.99,2026-05-19 22:53:09,138.99,338.98
O05386,C438,P01,1,345.99,2026-06-07 21:40:26,345.99,404.98
O05386,C438,P42,1,58.99,2026-06-07 21:40:26,58.99,404.98
O05387,C057,P08,2,100.99,2026-04-02 04:22:05,201.98,428.97
O05387,C057,P02,1,226.99,2026-04-02 04:22:05,226.99,428.97
O05388,C273,P07,1,366.99,2025-05-06 04:01:30,366.99,366.99
O05389,C425,P27,1,239.99,2026-01-25 13:27:58,239.99,239.99
O05390,C373,P47,1,41.99,2025-11-01 12:50:00,41.99,673.96
O05390,C373,P22,1,194.99,2025-11-01 12:50:00,194.99,673.96
O05390,C373,P04,1,281.99,2025-11-01 12:50:00,281.99,673.96
O05390,C373,P46,1,154.99,2025-11-01 12:50:00,154.99,673.96
O05391,C095,P20,1,96.99,2025-03-29 11:21:29,96.99,96.99
O05392,C215,P13,1,114.99,2026-02-14 12:23:47,114.99,114.99
O05393,C302,P22,1,194.99,2025-12-29 15:19:05,194.99,540.98
O05393,C302,P01,1,345.99,2025-12-29 15:19:05,345.99,540.98
O05394,C011,P40,1,10.99,2025-12-30 23:09:15,10.99,10.99
O05395,C457,P32,1,24.99,2026-04-21 22:11:07,24.99,24.99
O05396,C443,P22,1,194.99,2025-12-20 03:53:24,194.99,1033.95
O05396,C443,P15,1,18.99,2025-12-20 03:53:24,18.99,1033.95
O05396,C443,P30,2,236.99,2025-12-20 03:53:24,473.98,1033.95
O05396,C443,P01,1,345.99,2025-12-20 03:53:24,345.99,1033.95
O05397,C306,P27,1,239.99,2025-01-29 15:45:33,239.99,239.99
O05398,C104,P23,2,205.99,2024-08-31 18:51:41,411.98,411.98
O05399,C246,P39,1,21.99,2024-10-14 01:27:25,21.99,21.99
O05400,C222,P18,1,44.99,2026-02-16 14:03:21,44.99,145.98
O05400,C222,P08,1,100.99,2026-02-16 14:03:21,100.99,145.98
O05401,C294,P44,1,143.99,2025-11-04 21:30:28,143.99,258.98
O05401,C294,P13,1,114.99,2025-11-04 21:30:28,114.99,258.98
O05402,C146,P44,1,143.99,2025-04-16 01:36:59,143.99,425.98
O05402,C146,P04,1,281.99,2025-04-16 01:36:59,281.99,425.98
O05403,C216,P33,1,74.99,2026-01-29 04:09:38,74.99,320.97
O05403,C216,P15,1,18.99,2026-01-29 04:09:38,18.99,320.97
O05403,C216,P02,1,226.99,2026-01-29 04:09:38,226.99,320.97
O05404,C160,P33,1,74.99,2025-11-30 14:54:36,74.99,167.98
O05404,C160,P10,1,92.99,2025-11-30 14:54:36,92.99,167.98
O05405,C179,P28,1,198.99,2025-10-25 16:47:25,198.99,299.98
O05405,C179,P12,1,100.99,2025-10-25 16:47:25,100.99,299.98
O05406,C258,P03,1,205.99,2024-11-22 22:14:00,205.99,446.96
O05406,C258,P37,2,42.99,2024-11-22 22:14:00,85.98,446.96
O05406,C258,P46,1,154.99,2024-11-22 22:14:00,154.99,446.96
O05407,C417,P13,1,114.99,2026-01-18 11:01:00,114.99,341.96
O05407,C417,P49,2,77.99,2026-01-18 05:31:07,155.98,341.96
O05407,C417,P14,1,70.99,2026-01-18 11:01:07,70.99,341.96
O05408,C045,P34,1,53.99,2024-09-02 10:24:28,53.99,483.98
O05408,C045,P05,1,429.99,2024-09-02 04:54:28,429.99,483.98
O05409,C465,P39,1,21.99,2025-09-09 09:48:53,21.99,21.99
O05410,C427,P27,1,239.99,2026-04-08 03:41:15,239.99,239.99
O05411,C029,P14,1,70.99,2025-09-06 21:40:10,70.99,348.97
O05411,C029,P43,2,138.99,2025-09-06 21:40:10,277.98,348.97
O05412,C210,P08,1,100.99,2025-11-03 15:34:05,100.99,159.98
O05412,C210,P42,1,58.99,2025-11-03 15:34:05,58.99,159.98
O05413,C055,P38,1,38.99,2025-07-17 02:45:15,38.99,38.99
O05415,C307,P22,1,194.99,2025-08-24 11:43:51,194.99,561.98
O05415,C307,P07,1,366.99,2025-08-24 11:43:51,366.99,561.98
O05416,C131,P46,1,154.99,2026-04-12 15:35:36,154.99,784.97
O05416,C131,P41,1,199.99,2026-04-12 15:35:36,199.99,784.97
O05416,C131,P05,1,429.99,2026-04-12 15:35:36,429.99,784.97
O05417,C432,P28,1,198.99,2025-12-30 01:01:39,198.99,342.98
O05417,C432,P44,1,143.99,2025-12-29 19:31:39,143.99,342.98
O05418,C473,P41,1,199.99,2025-11-26 09:19:55,199.99,199.99
O05419,C370,P10,1,92.99,2025-10-11 03:30:48,92.99,92.99
O05420,C143,P04,1,281.99,2024-11-12 00:26:56,281.99,1010.95
O05420,C143,P36,1,47.99,2024-11-12 00:26:56,47.99,1010.95
O05420,C143,P02,3,226.99,2024-11-12 00:26:56,680.97,1010.95
O05421,C284,P31,1,16.99,2024-11-09 15:30:16,16.99,41.98
O05421,C284,P32,1,24.99,2024-11-09 21:00:16,24.99,41.98
O05422,C360,P03,1,205.99,2025-06-28 15:11:18,205.99,736.95
O05422,C360,P15,1,18.99,2025-06-28 15:11:18,18.99,736.95
O05422,C360,P04,1,281.99,2025-06-28 15:11:18,281.99,736.95
O05422,C360,P13,2,114.99,2025-06-28 15:11:18,229.98,736.95
O05423,C048,P50,1,191.99,2025-05-18 18:35:38,191.99,191.99
O05424,C159,P42,2,58.99,2025-10-14 20:59:29,117.98,117.98
O05425,C313,P12,1,100.99,2025-11-22 11:55:32,100.99,830.97
O05425,C313,P24,1,299.99,2025-11-22 11:55:32,299.99,830.97
O05425,C313,P05,1,429.99,2025-11-22 11:55:32,429.99,830.97
O05426,C441,P40,1,10.99,2026-04-28 12:14:13,10.99,10.99
O05427,C075,P35,1,57.99,2025-05-14 15:44:48,57.99,57.99
O05428,C157,P40,1,10.99,2026-02-19 05:27:32,10.99,10.99
O05429,C185,P35,1,57.99,2025-12-12 08:12:44,57.99,57.99
O05430,C047,P42,2,58.99,2024-12-11 20:00:07,117.98,117.98
O05431,C245,P24,1,299.99,2025-04-10 08:49:06,299.99,666.98
O05431,C245,P07,1,366.99,2025-04-10 08:49:06,366.99,666.98
O05433,C008,P30,1,236.99,2025-07-09 06:39:31,236.99,236.99
O05434,C086,P18,1,44.99,2026-01-18 04:43:45,44.99,44.99
O05435,C358,P48,1,78.99,2025-06-06 23:13:36,78.99,78.99
O05436,C295,P32,2,24.99,2026-03-23 10:27:10,49.98,164.97
O05436,C295,P13,1,114.99,2026-03-23 10:27:10,114.99,164.97
O05437,C007,P21,1,196.99,2025-04-23 08:54:44,196.99,196.99
O05438,C023,P19,1,113.99,2026-07-05 09:50:33,113.99,113.99
O05439,C440,P48,1,78.99,2026-05-31 05:33:24,78.99,78.99
O05440,C226,P29,1,199.99,2025-12-14 18:12:55,199.99,653.97
O05440,C226,P02,2,226.99,2025-12-14 18:12:55,453.98,653.97
O05441,C081,P47,1,41.99,2025-11-01 11:55:32,41.99,365.96
O05441,C081,P14,1,70.99,2025-11-01 11:55:32,70.99,365.96
O05441,C081,P25,1,25.99,2025-11-01 11:55:32,25.99,365.96
O05441,C081,P02,1,226.99,2025-11-01 11:55:32,226.99,365.96
O05442,C070,P27,1,239.99,2025-04-21 06:59:45,239.99,476.98
O05442,C070,P30,1,236.99,2025-04-21 06:59:45,236.99,476.98
O05443,C044,P50,1,191.99,2025-03-08 04:40:28,191.99,262.98
O05443,C044,P14,1,70.99,2025-03-08 04:40:28,70.99,262.98
O05444,C425,P22,1,194.99,2026-05-07 09:59:28,194.99,194.99
O05445,C436,P48,1,78.99,2026-01-26 16:44:43,78.99,78.99
O05446,C122,P34,1,53.99,2026-06-24 18:37:34,53.99,53.99
O05447,C415,P38,1,38.99,2025-12-10 10:15:32,38.99,38.99
O05448,C039,P15,2,18.99,2026-01-03 22:09:41,37.98,176.97
O05448,C039,P43,1,138.99,2026-01-03 22:09:41,138.99,176.97
O05449,C424,P49,1,77.99,2025-05-10 22:47:23,77.99,161.97
O05449,C424,P42,1,58.99,2025-05-10 22:47:23,58.99,161.97
O05449,C424,P32,1,24.99,2025-05-10 22:47:23,24.99,161.97
O05450,C171,P11,1,91.99,2024-10-17 20:20:59,91.99,91.99
O05451,C278,P27,1,239.99,2026-06-04 21:13:50,239.99,239.99
O05452,C347,P25,1,25.99,2025-11-17 04:37:36,25.99,126.98
O05452,C347,P08,1,100.99,2025-11-17 04:37:36,100.99,126.98
O05453,C039,P37,1,42.99,2025-08-28 12:02:58,42.99,81.98
O05453,C039,P38,1,38.99,2025-08-28 12:02:58,38.99,81.98
O05454,C307,P34,1,53.99,2025-08-24 02:02:24,53.99,168.98
O05454,C307,P13,1,114.99,2025-08-24 02:02:24,114.99,168.98
O05455,C073,P25,1,25.99,2024-09-07 04:37:33,25.99,579.96
O05455,C073,P01,1,345.99,2024-09-07 04:37:33,345.99,579.96
O05455,C073,P20,1,96.99,2024-09-07 04:37:33,96.99,579.96
O05455,C073,P45,1,110.99,2024-09-07 04:37:33,110.99,579.96
O05456,C055,P01,1,345.99,2025-12-14 07:26:41,345.99,345.99
O05457,C307,P21,1,196.99,2025-10-02 20:48:26,196.99,602.97
O05457,C307,P41,1,199.99,2025-10-02 20:48:26,199.99,602.97
O05457,C307,P03,1,205.99,2025-10-02 20:48:26,205.99,602.97
O05458,C072,P38,1,38.99,2024-12-01 05:35:33,38.99,182.98
O05458,C072,P44,1,143.99,2024-12-01 05:35:33,143.99,182.98
O05459,C495,P25,1,25.99,2026-06-21 16:48:48,25.99,103.98
O05459,C495,P49,1,77.99,2026-06-21 16:48:48,77.99,103.98
O05460,C453,P12,1,100.99,2026-05-17 14:06:18,100.99,171.98
O05460,C453,P14,1,70.99,2026-05-17 14:06:18,70.99,171.98
O05461,C400,P36,1,47.99,2026-06-25 16:01:32,47.99,186.98
O05461,C400,P43,1,138.99,2026-06-25 16:01:32,138.99,186.98
O05462,C395,P13,1,114.99,2025-10-05 15:08:49,114.99,114.99
O05463,C440,P14,1,70.99,2026-06-13 22:31:31,70.99,137.97
O05463,C440,P36,1,47.99,2026-06-13 22:31:31,47.99,137.97
O05463,C440,P15,1,18.99,2026-06-13 22:31:31,18.99,137.97
O05464,C351,P20,1,96.99,2026-05-14 01:51:19,96.99,96.99
O05465,C024,P50,1,191.99,2025-12-22 15:36:31,191.99,191.99
O05466,C367,P49,2,77.99,2026-04-22 05:07:35,155.98,155.98
O05467,C034,P39,1,21.99,2026-01-14 23:30:17,21.99,21.99
O05468,C489,P25,1,25.99,2026-05-09 07:06:07,25.99,25.99
O05469,C355,P44,1,143.99,2025-10-12 12:00:13,143.99,143.99
O05470,C069,P02,1,226.99,2024-09-08 16:07:28,226.99,323.98
O05470,C069,P20,1,96.99,2024-09-08 16:07:28,96.99,323.98
O05471,C072,P06,1,402.99,2025-06-29 10:33:34,402.99,460.98
O05471,C072,P35,1,57.99,2025-06-29 10:33:34,57.99,460.98
O05473,C233,P07,1,366.99,2024-11-14 12:05:35,366.99,755.97
O05473,C233,P01,1,345.99,2024-11-14 12:05:35,345.99,755.97
O05473,C233,P37,1,42.99,2024-11-14 12:05:35,42.99,755.97
O05474,C499,P12,1,100.99,2026-04-27 02:29:38,100.99,178.98
O05474,C499,P49,1,77.99,2026-04-27 02:29:38,77.99,178.98
O05475,C445,P05,1,429.99,2025-12-18 04:12:34,429.99,571.97
O05475,C445,P14,2,70.99,2025-12-18 04:12:34,141.98,571.97
O05476,C091,P06,1,402.99,2024-08-01 18:41:56,402.99,424.98
O05476,C091,P39,1,21.99,2024-08-01 18:41:56,21.99,424.98
O05477,C469,P46,1,154.99,2026-02-03 12:39:24,154.99,154.99
O05478,C207,P11,1,91.99,2024-08-06 14:31:09,91.99,497.97
O05478,C207,P03,1,205.99,2024-08-06 14:31:09,205.99,497.97
O05478,C207,P41,1,199.99,2024-08-06 14:31:09,199.99,497.97
O05479,C293,P14,2,70.99,2026-05-27 00:27:47,141.98,396.96
O05479,C293,P45,1,110.99,2026-05-27 00:27:47,110.99,396.96
O05479,C293,P44,1,143.99,2026-05-27 00:27:47,143.99,396.96
O05480,C106,P09,1,34.99,2025-03-01 03:25:45,34.99,34.99
O05481,C035,P32,2,24.99,2024-08-06 18:17:24,49.98,286.96
O05481,C035,P16,1,30.99,2024-08-06 18:17:24,30.99,286.96
O05481,C035,P03,1,205.99,2024-08-06 18:17:24,205.99,286.96
O05482,C374,P02,1,226.99,2026-06-14 03:13:14,226.99,265.98
O05482,C374,P38,1,38.99,2026-06-14 03:13:14,38.99,265.98
O05483,C443,P10,1,92.99,2026-05-17 18:53:59,92.99,552.97
O05483,C443,P19,1,113.99,2026-05-17 18:53:59,113.99,552.97
O05483,C443,P01,1,345.99,2026-05-17 18:53:59,345.99,552.97
O05484,C174,P16,1,30.99,2025-09-05 21:26:26,30.99,30.99
O05485,C114,P31,1,16.99,2025-12-31 02:12:33,16.99,176.97
O05485,C114,P18,1,44.99,2025-12-31 07:42:33,44.99,176.97
O05485,C114,P13,1,114.99,2025-12-31 07:42:33,114.99,176.97
O05486,C360,P44,1,143.99,2024-12-18 17:19:06,143.99,143.99
O05487,C185,P42,1,58.99,2024-08-13 22:19:27,58.99,159.98
O05487,C185,P08,1,100.99,2024-08-13 22:19:27,100.99,159.98
O05488,C495,P41,2,199.99,2026-05-23 00:14:36,399.98,399.98
O05489,C190,P46,1,154.99,2026-03-07 11:32:45,154.99,268.98
O05489,C190,P19,1,113.99,2026-03-07 11:32:45,113.99,268.98
O05490,C330,P39,1,21.99,2024-11-24 03:32:06,21.99,248.98
O05490,C330,P02,1,226.99,2024-11-24 03:32:06,226.99,248.98
O05491,C049,P39,1,21.99,2025-03-13 11:06:38,21.99,367.98
O05491,C049,P01,1,345.99,2025-03-13 11:06:38,345.99,367.98
O05492,C305,P22,1,194.99,2025-08-12 15:49:22,194.99,194.99
O05493,C381,P31,1,16.99,2026-01-12 05:24:52,16.99,422.97
O05493,C381,P41,1,199.99,2026-01-12 05:24:52,199.99,422.97
O05493,C381,P23,1,205.99,2026-01-12 05:24:52,205.99,422.97
O05494,C201,P33,2,74.99,2025-11-07 21:09:43,149.98,749.95
O05494,C201,P41,3,199.99,2025-11-07 21:09:43,599.97,749.95
O05495,C376,P48,1,78.99,2025-12-21 13:22:27,78.99,278.98
O05495,C376,P41,1,199.99,2025-12-21 13:22:27,199.99,278.98
O05496,C256,P17,1,22.99,2025-12-27 05:00:09,22.99,95.97
O05496,C256,P36,1,47.99,2025-12-27 05:00:09,47.99,95.97
O05496,C256,P32,1,24.99,2025-12-27 05:00:09,24.99,95.97
O05497,C401,P19,1,113.99,2026-05-21 07:18:31,113.99,113.99
O05498,C150,P08,2,100.99,2025-12-27 23:45:55,201.98,489.96
O05498,C150,P44,2,143.99,2025-12-27 23:45:55,287.98,489.96
O05499,C481,P38,1,38.99,2025-12-07 06:04:55,38.99,38.99
O05500,C008,P02,1,226.99,2026-05-28 01:03:09,226.99,425.98
O05500,C008,P28,1,198.99,2026-05-28 01:03:09,198.99,425.98
O05501,C241,P09,1,34.99,2024-11-24 10:27:58,34.99,345.97
O05501,C241,P29,1,199.99,2024-11-24 10:27:58,199.99,345.97
O05501,C241,P45,1,110.99,2024-11-24 10:27:58,110.99,345.97
O05502,C048,P11,1,91.99,2024-08-08 19:01:36,91.99,114.98
O05502,C048,P17,1,22.99,2024-08-08 19:01:36,22.99,114.98
O05503,C060,P10,1,92.99,2024-12-20 13:42:19,92.99,92.99
O05504,C215,P28,1,198.99,2024-07-10 09:07:31,198.99,198.99
O05505,C089,P43,1,138.99,2025-03-02 10:20:58,138.99,656.97
O05505,C089,P06,1,402.99,2025-03-02 10:20:58,402.99,656.97
O05505,C089,P13,1,114.99,2025-03-02 10:20:58,114.99,656.97
O05506,C096,P32,1,24.99,2025-08-16 18:22:19,24.99,369.97
O05506,C096,P24,1,299.99,2025-08-16 18:22:19,299.99,369.97
O05506,C096,P18,1,44.99,2025-08-16 18:22:19,44.99,369.97
O05507,C230,P11,1,91.99,2025-10-18 11:49:35,91.99,91.99
O05508,C229,P48,1,78.99,2024-11-22 06:13:48,78.99,177.97
O05508,C229,P26,1,87.99,2024-11-22 06:13:48,87.99,177.97
O05508,C229,P40,1,10.99,2024-11-22 06:13:48,10.99,177.97
O05509,C492,P42,3,58.99,2026-09-03 17:10:51,176.97,315.96
O05509,C492,P43,1,138.99,2026-03-09 17:10:51,138.99,315.96
O05510,C056,P19,1,113.99,2024-11-03 01:50:53,113.99,274.95
O05510,C056,P25,1,25.99,2024-11-03 01:50:53,25.99,274.95
O05510,C056,P18,3,44.99,2024-11-03 01:50:53,134.97,274.95
O05511,C193,P22,2,194.99,2024-12-18 17:52:22,389.98,389.98
O05513,C495,P01,2,345.99,2026-03-18 18:09:22,691.98,691.98
O05514,C297,P34,1,53.99,2026-03-22 16:27:07,53.99,53.99
O05515,C172,P10,1,92.99,2025-12-20 03:16:15,92.99,289.98
O05515,C172,P21,1,196.99,2025-12-20 03:16:15,196.99,289.98
O05516,C127,P27,1,239.99,2024-11-21 21:55:46,239.99,434.98
O05516,C127,P22,1,194.99,2024-11-21 21:55:46,194.99,434.98
O05517,C391,P50,1,191.99,2026-06-07 18:50:54,191.99,603.97
O05517,C391,P23,2,205.99,2026-06-07 18:50:54,411.98,603.97
O05518,C415,P01,3,345.99,2025-11-13 01:54:55,1037.97,1037.97
O05519,C251,P04,1,281.99,2024-12-03 00:46:00,281.99,300.98
O05519,C251,P15,1,18.99,2024-12-03 00:46:42,18.99,300.98
O05520,C010,P26,1,87.99,2024-10-08 13:40:30,87.99,87.99
O05521,C357,P48,1,78.99,2026-03-02 02:37:55,78.99,305.98
O05521,C357,P02,1,226.99,2026-03-02 02:37:55,226.99,305.98
O05522,C452,P32,1,24.99,2026-04-10 14:02:38,24.99,24.99
O05524,C060,P31,1,16.99,2026-03-27 07:32:29,16.99,87.98
O05524,C060,P14,1,70.99,2026-03-27 07:32:29,70.99,87.98
O05525,C060,P27,1,239.99,2025-12-22 20:20:47,239.99,463.97
O05525,C060,P32,1,24.99,2025-12-22 20:20:47,24.99,463.97
O05525,C060,P28,1,198.99,2025-12-22 20:20:47,198.99,463.97
O05526,C084,P46,1,154.99,2025-09-01 05:47:26,154.99,154.99
O05527,C086,P44,2,143.99,2026-06-02 07:31:48,287.98,287.98
O05528,C316,P49,1,77.99,2024-09-18 21:02:20,77.99,77.99
O05529,C413,P13,1,114.99,2026-06-24 08:04:43,114.99,114.99
O05530,C230,P37,1,42.99,2025-04-02 20:54:14,42.99,42.99
O05531,C228,P48,1,78.99,2025-03-22 22:35:05,78.99,277.98
O05531,C228,P28,1,198.99,2025-03-22 22:35:05,198.99,277.98
O05532,C370,P11,1,91.99,2025-12-18 18:06:30,91.99,379.97
O05532,C370,P44,2,143.99,2025-12-18 18:06:30,287.98,379.97
O05533,C220,P30,1,236.99,2025-12-14 14:16:46,236.99,267.98
O05533,C220,P16,1,30.99,2025-12-14 14:16:46,30.99,267.98
O05534,C497,P23,2,205.99,2026-01-29 08:12:18,411.98,411.98
O05535,C247,P08,1,100.99,2025-12-02 13:47:35,100.99,100.99
O05536,C380,P02,1,226.99,2026-07-05 14:24:59,226.99,568.96
O05536,C380,P29,1,199.99,2026-07-05 14:24:59,199.99,568.96
O05536,C380,P14,2,70.99,2026-07-05 14:24:59,141.98,568.96
O05537,C385,P21,2,196.99,2025-01-29 11:19:07,393.98,393.98
O05538,C407,P13,1,114.99,2026-06-21 09:28:57,114.99,603.97
O05538,C407,P05,1,429.99,2026-06-21 09:28:57,429.99,603.97
O05538,C407,P42,1,58.99,2026-06-21 09:28:57,58.99,603.97
O05539,C304,P02,1,226.99,2025-05-23 12:14:30,226.99,572.98
O05539,C304,P01,1,345.99,2025-05-23 12:14:30,345.99,572.98
O05540,C455,P20,1,96.99,2025-12-14 07:35:12,96.99,96.99
O05541,C188,P28,1,198.99,2025-06-11 23:56:06,198.99,198.99
O05542,C272,P33,1,74.99,2026-06-07 21:50:16,74.99,373.96
O05542,C272,P44,2,143.99,2026-06-07 21:50:16,287.98,373.96
O05542,C272,P40,1,10.99,2026-06-07 21:50:16,10.99,373.96
O05543,C146,P11,1,91.99,2026-05-19 22:11:35,91.99,290.98
O05543,C146,P28,1,198.99,2026-05-19 22:11:35,198.99,290.98
O05544,C355,P28,1,198.99,2025-09-02 17:29:13,198.99,313.98
O05544,C355,P13,1,114.99,2025-09-02 17:29:13,114.99,313.98
O05545,C354,P49,1,77.99,2024-10-21 02:12:28,77.99,287.95
O05545,C354,P10,1,92.99,2024-10-21 02:12:28,92.99,287.95
O05545,C354,P38,3,38.99,2024-10-21 02:12:28,116.97,287.95
O05546,C157,P42,1,58.99,2025-02-08 20:14:00,58.99,112.98
O05546,C157,P34,1,53.99,2025-02-08 20:14:00,53.99,112.98
O05547,C291,P17,1,22.99,2024-10-14 02:25:18,22.99,22.99
O05548,C372,P07,2,366.99,2025-06-28 17:44:26,733.98,875.96
O05548,C372,P14,2,70.99,2025-06-28 17:44:26,141.98,875.96
O05549,C244,P45,1,110.99,2025-11-08 22:10:40,110.99,110.99
O05550,C053,P38,1,38.99,2025-08-28 11:22:57,38.99,38.99
O05551,C353,P13,1,114.99,2025-12-27 07:02:59,114.99,114.99
O05552,C033,P05,1,429.99,2025-04-12 20:15:15,429.99,471.98
O05552,C033,P47,1,41.99,2025-12-04 20:15:15,41.99,471.98
O05553,C207,P01,1,345.99,2024-07-16 16:31:19,345.99,379.97
O05553,C207,P31,2,16.99,2024-07-16 16:31:19,33.98,379.97
O05554,C352,P02,1,226.99,2025-06-12 16:04:00,226.99,226.99
O05555,C046,P43,1,138.99,2025-04-20 17:04:11,138.99,169.98
O05555,C046,P16,1,30.99,2025-04-20 17:04:11,30.99,169.98
O05556,C309,P49,1,77.99,2026-03-23 10:57:40,77.99,641.97
O05556,C309,P04,2,281.99,2026-03-23 10:57:40,563.98,641.97
O05557,C495,P34,1,53.99,2026-06-26 05:50:28,53.99,420.98
O05557,C495,P07,1,366.99,2026-06-26 05:50:28,366.99,420.98
O05558,C128,P34,1,53.99,2025-09-28 07:52:49,53.99,53.99
O05559,C125,P20,1,96.99,2026-05-17 05:02:28,96.99,96.99
O05560,C213,P44,1,143.99,2024-10-03 21:05:21,143.99,143.99
O05561,C400,P32,1,24.99,2026-03-22 07:03:52,24.99,72.98
O05561,C400,P36,1,47.99,2026-03-22 07:03:52,47.99,72.98
O05562,C144,P05,1,429.99,2025-03-22 01:05:17,429.99,708.96
O05562,C144,P10,3,92.99,2025-03-22 01:05:17,278.97,708.96
O05563,C131,P36,1,47.99,2024-12-30 03:56:55,47.99,47.99
O05564,C215,P26,1,87.99,2024-10-30 17:28:19,87.99,188.98
O05564,C215,P12,1,100.99,2024-10-30 17:28:19,100.99,188.98
O05565,C332,P15,1,18.99,2026-07-03 13:44:04,18.99,18.99
O05566,C067,P49,1,77.99,2026-01-02 14:26:01,77.99,192.98
O05566,C067,P13,1,114.99,2026-01-02 14:26:01,114.99,192.98
O05567,C170,P38,1,38.99,2025-11-04 22:15:26,38.99,320.98
O05567,C170,P04,1,281.99,2025-11-04 22:15:26,281.99,320.98
O05568,C150,P15,2,18.99,2024-09-10 13:37:35,37.98,37.98
O05569,C213,P48,1,78.99,2025-04-09 22:15:43,78.99,78.99
O05570,C191,P23,1,205.99,2025-04-20 02:57:55,205.99,224.98
O05570,C191,P15,1,18.99,2025-04-20 02:57:55,18.99,224.98
O05571,C366,P40,1,10.99,2025-11-11 16:23:36,10.99,10.99
O05572,C174,P33,1,74.99,2025-07-10 13:04:34,74.99,500.96
O05572,C174,P45,1,110.99,2025-07-10 13:04:34,110.99,500.96
O05572,C174,P13,1,114.99,2025-07-10 13:04:34,114.99,500.96
O05572,C174,P29,1,199.99,2025-07-10 13:04:34,199.99,500.96
O05573,C389,P18,1,44.99,2025-12-21 12:02:18,44.99,44.99
O05574,C094,P08,3,100.99,2025-02-19 12:31:40,302.97,302.97
O05575,C416,P36,1,47.99,2025-12-06 19:21:50,47.99,1053.95
O05575,C416,P35,1,57.99,2025-12-06 19:21:50,57.99,1053.95
O05575,C416,P05,2,429.99,2025-12-06 19:21:50,859.98,1053.95
O05575,C416,P26,1,87.99,2025-12-06 19:21:50,87.99,1053.95
O05576,C211,P33,3,74.99,2024-11-29 05:37:18,224.97,224.97
O05577,C372,P41,1,199.99,2026-05-29 09:13:31,199.99,199.99
O05578,C313,P21,1,196.99,2026-05-24 17:00:32,196.99,297.98
O05578,C313,P08,1,100.99,2026-05-24 17:00:32,100.99,297.98
O05579,C437,P32,1,24.99,2025-04-07 18:29:58,24.99,220.96
O05579,C437,P47,1,41.99,2025-04-07 18:29:58,41.99,220.96
O05579,C437,P48,1,78.99,2025-04-07 18:29:58,78.99,220.96
O05579,C437,P33,1,74.99,2025-04-07 18:29:58,74.99,220.96
O05580,C319,P38,1,38.99,2025-09-14 05:43:30,38.99,266.97
O05580,C319,P19,2,113.99,2025-09-14 05:43:30,227.98,266.97
O05581,C034,P21,1,196.99,2026-03-25 12:23:28,196.99,196.99
O05582,C267,P01,1,345.99,2025-03-15 20:09:35,345.99,345.99
O05583,C342,P26,2,87.99,2025-11-14 23:48:00,175.98,457.97
O05583,C342,P04,1,281.99,2025-11-14 23:48:00,281.99,457.97
O05584,C162,P19,1,113.99,2025-06-15 16:45:40,113.99,214.98
O05584,C162,P08,1,100.99,2025-06-15 16:45:40,100.99,214.98
O05585,C399,P27,1,239.99,2024-11-09 13:59:24,239.99,813.97
O05585,C399,P44,1,143.99,2024-11-09 13:59:24,143.99,813.97
O05585,C399,P05,1,429.99,2024-11-09 13:59:24,429.99,813.97
O05586,C194,P24,1,299.99,2025-04-10 22:10:18,299.99,299.99
O05587,C238,P15,1,18.99,2025-11-27 02:32:05,18.99,18.99
O05588,C459,P22,1,194.99,2026-04-10 12:55:39,194.99,754.96
O05588,C459,P30,1,236.99,2026-04-10 12:55:39,236.99,754.96
O05588,C459,P24,1,299.99,2026-04-10 12:55:39,299.99,754.96
O05588,C459,P17,1,22.99,2026-04-10 12:55:39,22.99,754.96
O05589,C093,P35,1,57.99,2025-04-20 11:12:15,57.99,549.96
O05589,C093,P11,1,91.99,2025-04-20 11:12:15,91.99,549.96
O05589,C093,P41,2,199.99,2025-04-20 11:12:15,399.98,549.96
O05590,C302,P47,1,41.99,2025-11-08 23:03:34,41.99,185.98
O05590,C302,P44,1,143.99,2025-11-08 23:03:00,143.99,185.98
O05591,C164,P02,1,226.99,2025-07-21 01:18:06,226.99,226.99
O05592,C115,P09,1,34.99,2026-05-10 16:28:16,34.99,34.99
O05593,C200,P40,1,10.99,2024-10-23 18:56:15,10.99,384.97
O05593,C200,P04,1,281.99,2024-10-23 18:56:15,281.99,384.97
O05593,C200,P11,1,91.99,2024-10-23 18:56:15,91.99,384.97
O05594,C451,P05,1,429.99,2025-12-15 20:44:18,429.99,429.99
O05595,C044,P29,1,199.99,2025-12-29 08:54:45,199.99,199.99
O05596,C306,P25,1,25.99,2025-02-16 01:30:11,25.99,25.99
O05597,C437,P42,1,58.99,2026-02-07 15:08:15,58.99,58.99
O05598,C215,P42,1,58.99,2025-02-16 16:12:28,58.99,346.97
O05598,C215,P44,2,143.99,2025-02-16 16:12:28,287.98,346.97
O05599,C027,P25,3,25.99,2024-12-27 07:25:31,77.97,77.97
O05600,C311,P09,1,34.99,2025-04-03 18:42:44,34.99,34.99
O05601,C446,P27,1,239.99,2026-04-01 15:13:29,239.99,239.99
O05602,C169,P39,1,21.99,2025-12-26 18:07:51,21.99,21.99
O05603,C136,P45,2,110.99,2025-11-15 05:34:45,221.98,266.97
O05603,C136,P18,1,44.99,2025-11-15 05:34:45,44.99,266.97
O05604,C474,P26,1,87.99,2025-12-31 04:24:53,87.99,130.98
O05604,C474,P37,1,42.99,2025-12-30 22:54:53,42.99,130.98
O05605,C346,P28,1,198.99,2026-03-31 15:17:49,198.99,273.98
O05605,C346,P33,1,74.99,2026-03-31 15:17:49,74.99,273.98
O05606,C309,P15,2,18.99,2026-05-29 16:49:30,37.98,166.95
O05606,C309,P37,3,42.99,2026-05-29 16:49:30,128.97,166.95
O05607,C153,P48,2,78.99,2024-10-24 22:15:20,157.98,199.97
O05607,C153,P47,1,41.99,2024-10-24 22:15:20,41.99,199.97
O05608,C028,P30,1,236.99,2025-11-22 09:16:29,236.99,236.99
O05609,C071,P36,1,47.99,2025-03-01 08:21:46,47.99,47.99
O05610,C032,P36,1,47.99,2025-10-06 08:29:52,47.99,64.98
O05610,C032,P31,1,16.99,2025-10-06 08:29:52,16.99,64.98
O05611,C163,P17,1,22.99,2026-06-18 19:15:39,22.99,22.99
O05612,C004,P02,1,226.99,2024-12-10 17:10:35,226.99,461.96
O05612,C004,P15,2,18.99,2024-12-10 17:10:35,37.98,461.96
O05612,C004,P21,1,196.99,2024-12-10 17:10:35,196.99,461.96
O05613,C059,P35,1,57.99,2025-11-17 00:35:41,57.99,82.98
O05613,C059,P32,1,24.99,2025-11-17 00:35:41,24.99,82.98
O05614,C369,P44,1,143.99,2025-11-28 00:06:12,143.99,154.98
O05614,C369,P40,1,10.99,2025-11-28 00:06:12,10.99,154.98
O05615,C322,P31,1,16.99,2026-02-18 10:25:28,16.99,319.97
O05615,C322,P45,1,110.99,2026-02-18 10:25:28,110.99,319.97
O05615,C322,P50,1,191.99,2026-02-18 10:25:28,191.99,319.97
O05616,C126,P26,1,87.99,2024-09-27 15:49:30,87.99,87.99
O05618,C392,P01,2,345.99,2026-05-14 06:50:34,691.98,691.98
O05619,C073,P40,1,10.99,2025-12-13 13:08:19,10.99,64.98
O05619,C073,P34,1,53.99,2025-12-13 13:08:19,53.99,64.98
O05620,C130,P32,1,24.99,2025-04-06 11:51:52,24.99,24.99
O05621,C399,P16,1,30.99,2025-04-06 12:19:17,30.99,155.96
O05621,C399,P17,1,22.99,2025-04-06 12:19:17,22.99,155.96
O05621,C399,P37,1,42.99,2025-04-06 12:19:17,42.99,155.96
O05621,C399,P42,1,58.99,2025-04-06 12:19:17,58.99,155.96
O05622,C088,P45,1,110.99,2024-08-18 17:41:02,110.99,420.95
O05622,C088,P12,2,100.99,2024-08-18 17:41:02,201.98,420.95
O05622,C088,P34,2,53.99,2024-08-18 17:41:02,107.98,420.95
O05623,C084,P02,1,226.99,2025-08-04 00:50:43,226.99,432.98
O05623,C084,P23,1,205.99,2025-08-04 00:50:43,205.99,432.98
O05625,C020,P06,1,402.99,2026-05-01 19:10:56,402.99,402.99
O05626,C162,P08,1,100.99,2024-11-02 09:00:17,100.99,497.97
O05626,C162,P21,1,196.99,2024-11-02 09:00:17,196.99,497.97
O05626,C162,P41,1,199.99,2024-11-02 09:00:17,199.99,497.97
O05627,C411,P06,1,402.99,2025-11-05 13:33:26,402.99,739.94
O05627,C411,P42,2,58.99,2025-11-05 13:33:26,117.98,739.94
O05627,C411,P12,2,100.99,2025-11-05 13:33:26,201.98,739.94
O05627,C411,P31,1,16.99,2025-11-05 13:33:26,16.99,739.94
O05628,C436,P28,2,198.99,2025-08-06 07:14:15,397.98,505.96
O05628,C436,P40,1,10.99,2025-08-06 07:14:15,10.99,505.96
O05628,C436,P20,1,96.99,2025-08-06 07:14:15,96.99,505.96
O05629,C132,P46,1,154.99,2026-01-01 14:25:24,154.99,154.99
O05630,C090,P27,1,239.99,2026-03-22 22:49:23,239.99,239.99
O05631,C008,P32,1,24.99,2024-12-01 17:19:04,24.99,55.98
O05631,C008,P16,1,30.99,2024-12-01 17:19:04,30.99,55.98
O05632,C189,P24,1,299.99,2026-01-28 06:16:40,299.99,723.96
O05632,C189,P45,1,110.99,2026-01-28 06:16:40,110.99,723.96
O05632,C189,P19,1,113.99,2026-01-28 06:16:40,113.99,723.96
O05632,C189,P28,1,198.99,2026-01-28 06:16:40,198.99,723.96
O05633,C390,P12,1,100.99,2025-12-21 08:47:26,100.99,100.99
O05634,C155,P49,1,77.99,2025-11-16 02:55:38,77.99,324.94
O05634,C155,P33,3,74.99,2025-11-16 02:55:38,224.97,324.94
O05634,C155,P40,2,10.99,2025-11-16 02:55:38,21.98,324.94
O05635,C059,P14,1,70.99,2026-03-29 21:13:52,70.99,70.99
O05636,C418,P28,1,198.99,2026-01-04 05:21:40,198.99,233.98
O05636,C418,P09,1,34.99,2026-01-03 23:51:40,34.99,233.98
O05637,C443,P33,1,74.99,2025-12-20 23:41:00,74.99,74.99
O05638,C389,P22,1,194.99,2025-08-17 16:18:45,194.99,194.99
O05639,C126,P18,1,44.99,2025-12-10 08:49:02,44.99,44.99
O05640,C258,P35,1,57.99,2026-03-08 10:01:23,57.99,92.98
O05640,C258,P09,1,34.99,2026-03-08 10:01:23,34.99,92.98
O05641,C178,P23,1,205.99,2025-11-16 10:49:17,205.99,205.99
O05642,C031,P07,2,366.99,2025-04-06 00:42:40,733.98,744.97
O05642,C031,P40,1,10.99,2025-04-06 00:42:40,10.99,744.97
O05643,C395,P16,1,30.99,2025-12-24 06:40:28,30.99,30.99
O05644,C119,P49,1,77.99,2024-10-21 17:17:24,77.99,77.99
O05645,C129,P17,1,22.99,2024-12-22 04:35:01,22.99,166.98
O05645,C129,P44,1,143.99,2024-12-22 04:35:01,143.99,166.98
O05646,C085,P23,2,205.99,2025-12-26 23:48:13,411.98,411.98
O05647,C025,P22,1,194.99,2026-05-26 17:31:15,194.99,194.99
O05648,C298,P47,1,41.99,2024-07-28 01:15:48,41.99,41.99
O05649,C108,P10,1,92.99,2026-05-17 23:39:10,92.99,514.97
O05649,C108,P02,1,226.99,2026-05-17 23:39:10,226.99,514.97
O05649,C108,P22,1,194.99,2026-05-17 23:39:10,194.99,514.97
O05650,C178,P33,1,74.99,2026-05-11 23:24:52,74.99,74.99
O05651,C255,P45,1,110.99,2025-03-09 11:46:59,110.99,110.99
O05652,C415,P05,1,429.99,2025-02-15 07:38:37,429.99,429.99
O05653,C041,P36,1,47.99,2026-06-09 16:32:22,47.99,247.98
O05653,C041,P29,1,199.99,2026-06-09 16:32:22,199.99,247.98
O05654,C451,P31,1,16.99,2026-03-19 00:43:54,16.99,117.98
O05654,C451,P12,1,100.99,2026-03-19 00:43:54,100.99,117.98
O05655,C125,P05,1,429.99,2025-10-08 16:12:00,429.99,477.98
O05655,C125,P36,1,47.99,2025-10-08 16:12:00,47.99,477.98
O05656,C186,P19,1,113.99,2025-11-01 18:54:49,113.99,201.98
O05656,C186,P26,1,87.99,2025-11-01 18:54:49,87.99,201.98
O05657,C375,P27,1,239.99,2025-06-14 14:48:00,239.99,239.99
O05658,C164,P14,2,70.99,2025-11-18 12:40:29,141.98,141.98
O05659,C230,P23,1,205.99,2024-10-04 17:51:40,205.99,259.98
O05659,C230,P34,1,53.99,2024-10-04 17:51:40,53.99,259.98
O05660,C407,P22,2,194.99,2026-04-05 01:42:08,389.98,389.98
O05661,C340,P38,2,38.99,2026-04-15 01:16:25,77.98,923.95
O05661,C340,P04,3,281.99,2026-04-15 01:16:25,845.97,923.95
O05662,C107,P35,1,57.99,2025-09-17 20:25:52,57.99,57.99
O05663,C254,P17,1,22.99,2024-11-23 05:02:09,22.99,22.99
O05664,C399,P37,1,42.99,2025-03-02 21:30:15,42.99,59.98
O05664,C399,P31,1,16.99,2025-03-02 21:30:15,16.99,59.98
O05665,C320,P49,1,77.99,2026-01-17 00:07:04,77.99,77.99
O05666,C204,P05,1,429.99,2025-06-24 05:39:43,429.99,607.96
O05666,C204,P48,1,78.99,2025-06-24 05:39:43,78.99,607.96
O05666,C204,P26,1,87.99,2025-06-24 05:39:43,87.99,607.96
O05666,C204,P40,1,10.99,2025-06-24 05:39:43,10.99,607.96
O05667,C327,P31,1,16.99,2025-12-31 12:26:42,16.99,16.99
O05668,C015,P22,1,194.99,2025-06-25 18:14:22,194.99,194.99
O05669,C070,P44,2,143.99,2026-06-26 22:01:34,287.98,287.98
O05670,C391,P25,1,25.99,2025-12-26 00:41:00,25.99,25.99
O05671,C444,P37,2,42.99,2026-01-11 05:05:21,85.98,85.98
O05672,C031,P25,1,25.99,2026-02-08 15:18:04,25.99,446.96
O05672,C031,P46,2,154.99,2026-02-08 15:18:00,309.98,446.96
O05672,C031,P45,1,110.99,2026-02-08 15:18:04,110.99,446.96
O05674,C436,P18,1,44.99,2026-07-01 12:53:47,44.99,44.99
O05675,C020,P42,1,58.99,2025-03-18 12:03:27,58.99,58.99
O05676,C465,P17,1,22.99,2025-07-03 17:56:39,22.99,22.99
O05677,C061,P33,1,74.99,2024-08-10 14:10:51,74.99,213.98
O05677,C061,P43,1,138.99,2024-08-10 14:10:51,138.99,213.98
O05678,C484,P07,1,366.99,2026-04-01 23:02:46,366.99,366.99
O05679,C377,P44,1,143.99,2025-03-31 12:17:29,143.99,342.98
O05679,C377,P28,1,198.99,2025-03-31 12:17:29,198.99,342.98
O05680,C190,P15,1,18.99,2025-05-24 11:28:37,18.99,18.99
O05681,C116,P38,1,38.99,2025-04-03 14:55:46,38.99,38.99
O05682,C472,P02,1,226.99,2025-11-16 15:59:38,226.99,354.96
O05682,C472,P38,1,38.99,2025-11-16 15:59:38,38.99,354.96
O05682,C472,P49,1,77.99,2025-11-16 15:59:38,77.99,354.96
O05682,C472,P40,1,10.99,2025-11-16 15:59:38,10.99,354.96
O05683,C483,P21,1,196.99,2026-04-13 09:34:45,196.99,359.97
O05683,C483,P11,1,91.99,2026-04-13 09:34:45,91.99,359.97
O05683,C483,P14,1,70.99,2026-04-13 09:34:45,70.99,359.97
O05684,C430,P40,1,10.99,2026-03-10 08:56:13,10.99,10.99
O05685,C090,P10,1,92.99,2024-07-28 14:54:02,92.99,92.99
O05686,C394,P46,1,154.99,2025-12-06 10:16:28,154.99,154.99
O05687,C223,P09,1,34.99,2026-01-09 22:05:27,34.99,34.99
O05688,C054,P13,1,114.99,2025-06-08 04:52:40,114.99,114.99
O05689,C179,P25,2,25.99,2025-07-12 02:30:51,51.98,389.94
O05689,C179,P15,1,18.99,2025-07-12 02:30:51,18.99,389.94
O05689,C179,P44,2,143.99,2025-07-12 02:30:51,287.98,389.94
O05689,C179,P16,1,30.99,2025-07-12 02:30:51,30.99,389.94
O05690,C384,P41,2,199.99,2026-04-25 17:59:53,399.98,803.96
O05690,C384,P01,1,345.99,2026-04-25 17:59:53,345.99,803.96
O05690,C384,P35,1,57.99,2026-04-25 17:59:53,57.99,803.96
O05691,C356,P20,2,96.99,2025-07-18 05:49:23,193.98,304.97
O05691,C356,P45,1,110.99,2025-07-18 05:49:23,110.99,304.97
O05692,C164,P07,1,366.99,2025-11-19 14:59:00,366.99,366.99
O05693,C055,P07,2,366.99,2025-11-27 10:36:00,733.98,1150.95
O05693,C055,P43,3,138.99,2025-11-27 16:06:00,416.97,1150.95
O05694,C461,P22,1,194.99,2025-05-28 07:58:23,194.99,194.99
O05695,C215,P29,1,199.99,2025-06-21 20:28:07,199.99,199.99
O05696,C480,P27,3,239.99,2026-02-21 13:33:41,719.97,719.97
O05697,C426,P39,1,21.99,2025-11-27 09:30:56,21.99,21.99
O05698,C219,P12,1,100.99,2025-08-19 10:12:40,100.99,100.99
O05699,C163,P41,1,199.99,2025-05-29 12:34:37,199.99,335.97
O05699,C163,P45,1,110.99,2025-05-29 12:34:37,110.99,335.97
O05699,C163,P32,1,24.99,2025-05-29 12:34:37,24.99,335.97
O05700,C425,P03,1,205.99,2025-11-29 02:24:40,205.99,266.97
O05700,C425,P15,1,18.99,2025-11-29 02:24:40,18.99,266.97
O05700,C425,P47,1,41.99,2025-11-29 02:24:40,41.99,266.97
O05701,C246,P02,1,226.99,2025-12-11 00:06:16,226.99,237.98
O05701,C246,P40,1,10.99,2025-12-11 00:06:16,10.99,237.98
O05702,C032,P50,1,191.99,2025-11-18 20:51:04,191.99,191.99
O05703,C313,P10,1,92.99,2026-06-14 23:42:40,92.99,111.98
O05703,C313,P15,1,18.99,2026-06-14 18:12:40,18.99,111.98
O05705,C327,P41,1,199.99,2026-06-06 19:45:22,199.99,218.98
O05705,C327,P15,1,18.99,2026-06-06 19:45:22,18.99,218.98
O05706,C397,P44,1,143.99,2026-04-18 12:08:59,143.99,221.97
O05706,C397,P38,2,38.99,2026-04-18 12:08:59,77.98,221.97
O05707,C397,P06,1,402.99,2026-03-19 05:35:47,402.99,599.98
O05707,C397,P21,1,196.99,2026-03-19 05:35:47,196.99,599.98
O05708,C204,P04,2,281.99,2024-08-23 06:01:59,563.98,769.97
O05708,C204,P23,1,205.99,2024-08-23 06:01:59,205.99,769.97
O05709,C111,P27,1,239.99,2024-12-19 06:17:52,239.99,270.98
O05709,C111,P16,1,30.99,2024-12-19 06:17:52,30.99,270.98
O05710,C355,P49,1,77.99,2026-07-04 16:31:28,77.99,108.98
O05710,C355,P16,1,30.99,2026-07-04 16:31:28,30.99,108.98
O05711,C462,P10,1,92.99,2026-01-16 03:45:27,92.99,92.99
O05712,C275,P19,1,113.99,2025-06-27 09:15:01,113.99,138.98
O05712,C275,P32,1,24.99,2025-06-27 09:15:01,24.99,138.98
O05713,C103,P31,1,16.99,2024-11-03 16:15:46,16.99,16.99
O05714,C369,P27,1,239.99,2026-06-10 05:37:54,239.99,239.99
O05715,C287,P34,1,53.99,2025-11-30 01:35:19,53.99,53.99
O05716,C194,P12,1,100.99,2024-11-03 15:57:13,100.99,100.99
O05717,C050,P26,1,87.99,2024-11-01 17:58:29,87.99,87.99
O05718,C004,P48,1,78.99,2024-12-16 03:39:28,78.99,537.96
O05718,C004,P17,1,22.99,2024-12-16 03:39:28,22.99,537.96
O05718,C004,P30,1,236.99,2024-12-16 03:39:28,236.99,537.96
O05718,C004,P28,1,198.99,2024-12-16 03:39:28,198.99,537.96
O05719,C433,P08,1,100.99,2026-05-01 16:51:21,100.99,379.97
O05719,C433,P27,1,239.99,2026-05-01 16:51:21,239.99,379.97
O05719,C433,P38,1,38.99,2026-05-01 16:51:21,38.99,379.97
O05720,C054,P20,1,96.99,2024-12-14 22:42:09,96.99,293.98
O05720,C054,P21,1,196.99,2024-12-14 22:42:09,196.99,293.98
O05721,C365,P29,1,199.99,2025-12-17 10:00:40,199.99,199.99
O05722,C171,P35,1,57.99,2025-11-30 01:31:26,57.99,57.99
O05723,C153,P30,1,236.99,2024-10-18 17:42:15,236.99,236.99
O05724,C254,P35,1,57.99,2025-08-07 07:12:22,57.99,259.97
O05724,C254,P12,2,100.99,2025-08-07 07:12:22,201.98,259.97
O05725,C066,P49,1,77.99,2026-04-24 11:08:18,77.99,236.97
O05725,C066,P35,1,57.99,2026-04-24 11:08:18,57.99,236.97
O05725,C066,P08,1,100.99,2026-04-24 11:08:18,100.99,236.97
O05726,C187,P23,1,205.99,2026-01-10 09:06:31,205.99,205.99
O05727,C055,P42,1,58.99,2026-01-11 03:06:41,58.99,425.98
O05727,C055,P07,1,366.99,2026-01-11 03:06:41,366.99,425.98
O05728,C345,P06,1,402.99,2026-03-24 07:36:41,402.99,602.98
O05728,C345,P41,1,199.99,2026-03-24 07:36:41,199.99,602.98
O05729,C420,P46,1,154.99,2026-01-17 10:33:16,154.99,154.99
O05730,C051,P32,2,24.99,2024-11-02 15:04:08,49.98,527.96
O05730,C051,P45,1,110.99,2024-11-02 09:34:08,110.99,527.96
O05730,C051,P07,1,366.99,2024-11-02 15:04:08,366.99,527.96
O05731,C174,P44,1,143.99,2024-11-24 19:00:53,143.99,343.98
O05731,C174,P29,1,199.99,2024-11-24 19:00:53,199.99,343.98
O05732,C466,P13,1,114.99,2026-06-16 00:58:33,114.99,114.99
O05733,C411,P37,1,42.99,2026-06-25 17:38:46,42.99,42.99
O05734,C442,P21,1,196.99,2025-12-23 03:38:39,196.99,244.98
O05734,C442,P36,1,47.99,2025-12-23 03:38:39,47.99,244.98
O05735,C356,P27,1,239.99,2025-12-21 14:26:16,239.99,239.99
O05737,C007,P08,2,100.99,2025-08-24 11:37:34,201.98,201.98
O05738,C394,P01,1,345.99,2025-12-21 00:00:44,345.99,345.99
O05739,C100,P48,1,78.99,2025-05-25 04:34:25,78.99,295.97
O05739,C100,P31,1,16.99,2025-05-25 04:34:25,16.99,295.97
O05739,C100,P41,1,199.99,2025-05-25 04:34:25,199.99,295.97
O05740,C080,P35,1,57.99,2024-08-20 06:00:29,57.99,57.99
O05741,C391,P46,1,154.99,2025-06-29 23:10:10,154.99,154.99
O05742,C194,P05,1,429.99,2026-05-16 12:10:07,429.99,429.99
O05743,C357,P50,1,191.99,2025-09-26 18:35:03,191.99,191.99
O05744,C065,P45,1,110.99,2025-05-24 04:39:42,110.99,110.99
O05745,C435,P22,1,194.99,2026-04-05 04:42:35,194.99,194.99
O05746,C437,P13,1,114.99,2025-06-29 18:10:45,114.99,201.97
O05746,C437,P36,1,47.99,2025-06-29 18:10:45,47.99,201.97
O05746,C437,P38,1,38.99,2025-06-29 18:10:45,38.99,201.97
O05748,C118,P23,1,205.99,2026-05-12 11:23:54,205.99,442.98
O05748,C118,P30,1,236.99,2026-05-12 11:23:54,236.99,442.98
O05749,C264,P34,1,53.99,2025-11-08 08:25:41,53.99,53.99
O05750,C050,P21,2,196.99,2026-03-25 02:42:38,393.98,393.98
O05752,C308,P40,1,10.99,2026-04-12 01:50:56,10.99,107.98
O05752,C308,P20,1,96.99,2026-04-12 01:50:56,96.99,107.98
O05753,C168,P39,1,21.99,2025-10-30 05:41:02,21.99,21.99
O05754,C261,P17,2,22.99,2025-10-19 23:44:06,45.98,45.98
O05755,C042,P11,1,91.99,2026-01-12 17:39:07,91.99,91.99
O05756,C173,P38,1,38.99,2025-12-27 09:34:47,38.99,38.99
O05757,C431,P50,3,191.99,2025-05-31 05:26:11,575.97,629.96
O05757,C431,P34,1,53.99,2025-05-31 05:26:11,53.99,629.96
O05758,C277,P04,1,281.99,2026-02-09 15:42:11,281.99,668.96
O05758,C277,P36,1,47.99,2026-02-09 15:42:11,47.99,668.96
O05758,C277,P41,1,199.99,2026-02-09 15:42:11,199.99,668.96
O05758,C277,P43,1,138.99,2026-02-09 15:42:11,138.99,668.96
O05759,C255,P21,1,196.99,2024-12-28 06:48:42,196.99,396.98
O05759,C255,P29,1,199.99,2024-12-28 06:48:42,199.99,396.98
O05760,C465,P49,1,77.99,2025-11-08 10:22:52,77.99,577.97
O05760,C465,P24,1,299.99,2025-11-08 10:22:52,299.99,577.97
O05760,C465,P41,1,199.99,2025-11-08 10:22:52,199.99,577.97
O05761,C138,P22,1,194.99,2025-04-27 19:46:00,194.99,194.99
O05762,C288,P46,1,154.99,2024-10-14 06:24:54,154.99,154.99
O05763,C318,P03,1,205.99,2025-11-28 21:18:50,205.99,205.99
O05764,C499,P42,1,58.99,2026-05-06 03:36:44,58.99,58.99
O05765,C072,P24,1,299.99,2025-01-11 08:49:27,299.99,299.99
O05766,C243,P32,1,24.99,2025-11-22 05:53:18,24.99,138.98
O05766,C243,P19,1,113.99,2025-11-22 05:53:18,113.99,138.98
O05767,C460,P09,1,34.99,2026-05-29 21:34:13,34.99,34.99
O05768,C309,P04,1,281.99,2025-11-21 19:06:54,281.99,487.98
O05768,C309,P03,1,205.99,2025-11-21 19:06:54,205.99,487.98
O05769,C128,P06,1,402.99,2024-12-21 14:19:40,402.99,477.98
O05769,C128,P33,1,74.99,2024-12-21 14:19:40,74.99,477.98
O05770,C397,P21,1,196.99,2026-04-01 21:09:10,196.99,196.99
O05771,C289,P50,1,191.99,2025-06-14 11:29:15,191.99,191.99
O05773,C261,P02,2,226.99,2025-04-17 10:24:56,453.98,495.97
O05773,C261,P47,1,41.99,2025-04-17 10:24:56,41.99,495.97
O05774,C137,P26,1,87.99,2026-06-23 16:30:33,87.99,87.99
O05775,C499,P12,1,100.99,2025-11-01 03:14:00,100.99,100.99
O05776,C134,P19,1,113.99,2025-04-09 08:21:54,113.99,113.99
O05777,C261,P33,1,74.99,2025-02-16 18:16:40,74.99,188.98
O05777,C261,P19,1,113.99,2025-02-16 18:16:40,113.99,188.98
O05778,C419,P43,1,138.99,2025-10-13 22:19:23,138.99,138.99
O05779,C109,P22,1,194.99,2025-12-20 15:02:27,194.99,253.98
O05779,C109,P42,1,58.99,2025-12-20 15:02:27,58.99,253.98
O05780,C054,P29,1,199.99,2025-09-26 20:07:12,199.99,499.98
O05780,C054,P24,1,299.99,2025-09-26 20:07:12,299.99,499.98
O05781,C289,P43,2,138.99,2024-12-25 05:36:33,277.98,423.96
O05781,C289,P13,1,114.99,2024-12-25 05:36:33,114.99,423.96
O05781,C289,P16,1,30.99,2024-12-25 05:36:33,30.99,423.96
O05782,C316,P06,1,402.99,2025-11-15 14:54:56,402.99,402.99
O05783,C003,P30,1,236.99,2026-02-28 22:44:24,236.99,236.99
O05784,C419,P01,1,345.99,2025-11-05 01:53:16,345.99,384.98
O05784,C419,P38,1,38.99,2025-11-05 01:53:16,38.99,384.98
O05785,C225,P50,1,191.99,2024-10-04 08:14:43,191.99,191.99
O05786,C130,P25,2,25.99,2026-07-05 06:40:19,51.98,162.97
O05786,C130,P45,1,110.99,2026-07-05 06:40:19,110.99,162.97
O05787,C109,P06,2,402.99,2025-12-01 13:05:25,805.98,916.97
O05787,C109,P45,1,110.99,2025-12-01 13:05:25,110.99,916.97
O05788,C413,P04,1,281.99,2025-12-01 09:46:20,281.99,339.98
O05788,C413,P35,1,57.99,2025-12-01 09:46:20,57.99,339.98
O05789,C317,P45,1,110.99,2025-11-23 10:10:46,110.99,110.99
O05790,C289,P13,1,114.99,2025-12-09 20:50:01,114.99,683.97
O05790,C289,P43,1,138.99,2025-12-09 20:50:01,138.99,683.97
O05790,C289,P05,1,429.99,2025-12-09 20:50:01,429.99,683.97
O05791,C357,P35,2,57.99,2026-05-05 09:03:08,115.98,290.96
O05791,C357,P49,1,77.99,2026-05-05 09:03:08,77.99,290.96
O05791,C357,P20,1,96.99,2026-05-05 09:03:08,96.99,290.96
O05792,C496,P07,1,366.99,2026-06-14 13:36:20,366.99,366.99
O05793,C213,P29,1,199.99,2025-07-20 07:02:31,199.99,270.98
O05793,C213,P14,1,70.99,2025-07-20 07:02:31,70.99,270.98
O05794,C354,P48,1,78.99,2024-12-19 18:58:19,78.99,78.99
O05795,C381,P12,1,100.99,2026-07-02 10:37:45,100.99,100.99
O05796,C355,P32,1,24.99,2025-11-12 23:11:18,24.99,24.99
O05797,C053,P50,1,191.99,2025-12-20 05:51:44,191.99,191.99
O05798,C053,P27,1,239.99,2026-04-15 09:38:08,239.99,354.98
O05798,C053,P13,1,114.99,2026-04-15 09:38:08,114.99,354.98
O05799,C079,P03,1,205.99,2024-11-28 14:16:40,205.99,294.97
O05799,C079,P09,1,34.99,2024-11-28 14:16:40,34.99,294.97
O05799,C079,P34,1,53.99,2024-11-28 14:16:40,53.99,294.97
O05800,C400,P18,1,44.99,2026-01-29 15:24:14,44.99,547.95
O05800,C400,P14,1,70.99,2026-01-29 15:24:14,70.99,547.95
O05800,C400,P44,3,143.99,2026-01-29 15:24:14,431.97,547.95
O05801,C454,P18,1,44.99,2025-12-23 06:15:00,44.99,44.99
O05802,C207,P32,1,24.99,2025-11-03 18:51:35,24.99,230.98
O05802,C207,P03,1,205.99,2025-11-03 18:51:35,205.99,230.98
O05803,C049,P41,2,199.99,2025-02-27 23:56:05,399.98,399.98
O05804,C117,P43,2,138.99,2026-05-18 03:30:08,277.98,303.97
O05804,C117,P25,1,25.99,2026-05-18 03:30:08,25.99,303.97
O05805,C135,P25,1,25.99,2025-12-07 21:19:34,25.99,25.99
O05806,C453,P31,1,16.99,2026-03-08 23:15:21,16.99,16.99
O05807,C087,P16,1,30.99,2024-12-16 10:59:46,30.99,314.97
O05807,C087,P03,1,205.99,2024-12-16 10:59:46,205.99,314.97
O05807,C087,P49,1,77.99,2024-12-16 10:59:46,77.99,314.97
O05808,C116,P39,1,21.99,2025-10-17 00:17:23,21.99,56.98
O05808,C116,P09,1,34.99,2025-10-17 00:17:23,34.99,56.98
O05809,C085,P24,1,299.99,2024-11-24 01:32:31,299.99,299.99
O05810,C407,P23,1,205.99,2026-06-14 21:14:14,205.99,205.99
O05811,C261,P36,2,47.99,2025-03-09 17:04:33,95.98,118.97
O05811,C261,P17,1,22.99,2025-09-03 17:04:33,22.99,118.97
O05812,C399,P03,1,205.99,2025-07-15 16:50:24,205.99,411.98
O05812,C399,P23,1,205.99,2025-07-15 16:50:24,205.99,411.98
O05813,C492,P40,3,10.99,2025-09-06 06:58:33,32.97,32.97
O05814,C497,P19,1,113.99,2026-02-07 20:24:00,113.99,459.98
O05814,C497,P01,1,345.99,2026-02-07 20:24:00,345.99,459.98
O05815,C466,P22,1,194.99,2025-12-16 03:29:51,194.99,194.99
O05816,C430,P41,1,199.99,2026-05-04 10:33:38,199.99,278.98
O05816,C430,P48,1,78.99,2026-04-05 10:33:38,78.99,278.98
O05817,C274,P46,1,154.99,2026-05-06 18:31:55,154.99,189.98
O05817,C274,P09,1,34.99,2026-06-05 18:31:55,34.99,189.98
O05818,C094,P45,1,110.99,2024-08-11 07:01:03,110.99,110.99
O05819,C054,P07,1,366.99,2026-03-07 13:54:36,366.99,366.99
O05820,C127,P43,1,138.99,2025-03-19 07:21:37,138.99,138.99
O05821,C047,P10,1,92.99,2026-02-14 22:09:53,92.99,92.99
O05822,C056,P44,1,143.99,2024-11-02 04:13:10,143.99,221.98
O05822,C056,P49,1,77.99,2024-11-02 04:13:10,77.99,221.98
O05823,C395,P10,1,92.99,2025-07-27 09:59:21,92.99,92.99
O05824,C305,P45,1,110.99,2025-09-02 09:15:00,110.99,110.99
O05825,C360,P34,2,53.99,2024-12-29 00:06:12,107.98,107.98
O05826,C088,P22,1,194.99,2025-08-15 21:10:16,194.99,476.98
O05826,C088,P04,1,281.99,2025-08-15 21:10:16,281.99,476.98
O05827,C291,P39,3,21.99,2024-09-30 07:21:14,65.97,262.96
O05827,C291,P21,1,196.99,2024-09-30 07:21:14,196.99,262.96
O05828,C482,P48,1,78.99,2025-07-18 13:11:37,78.99,78.99
O05829,C141,P50,1,191.99,2025-04-12 15:51:24,191.99,191.99
O05830,C495,P24,1,299.99,2026-06-10 19:55:29,299.99,299.99
O05831,C036,P30,1,236.99,2026-04-11 00:35:12,236.99,236.99
O05832,C028,P13,2,114.99,2025-03-29 07:24:03,229.98,229.98
O05833,C370,P27,1,239.99,2026-06-18 13:30:53,239.99,1099.97
O05833,C370,P05,2,429.99,2026-06-18 13:30:53,859.98,1099.97
O05834,C400,P39,1,21.99,2025-10-26 05:37:09,21.99,21.99
O05835,C293,P47,1,41.99,2025-06-08 14:55:29,41.99,41.99
O05836,C354,P11,1,91.99,2025-01-21 16:09:04,91.99,91.99
O05837,C085,P34,1,53.99,2024-11-21 05:33:54,53.99,53.99
O05838,C043,P22,1,194.99,2024-11-24 10:11:46,194.99,194.99
O05839,C015,P46,2,154.99,2025-03-22 15:43:01,309.98,423.97
O05839,C015,P19,1,113.99,2025-03-22 15:43:01,113.99,423.97
O05840,C022,P11,1,91.99,2026-03-15 21:06:17,91.99,91.99
O05841,C474,P25,1,25.99,2025-02-12 18:09:16,25.99,369.97
O05841,C474,P29,1,199.99,2025-02-12 18:09:16,199.99,369.97
O05841,C474,P44,1,143.99,2025-02-12 18:09:16,143.99,369.97
O05842,C113,P23,1,205.99,2025-09-13 07:57:55,205.99,617.97
O05842,C113,P03,2,205.99,2025-09-13 07:57:55,411.98,617.97
O05843,C356,P30,1,236.99,2026-06-20 22:12:12,236.99,326.97
O05843,C356,P18,2,44.99,2026-06-20 22:12:12,89.98,326.97
O05844,C440,P14,1,70.99,2026-04-25 23:56:59,70.99,279.97
O05844,C440,P46,1,154.99,2026-04-25 23:56:59,154.99,279.97
O05844,C440,P34,1,53.99,2026-04-25 23:56:59,53.99,279.97
O05845,C404,P02,1,226.99,2025-11-05 23:57:51,226.99,452.97
O05845,C404,P22,1,194.99,2025-11-05 23:57:51,194.99,452.97
O05845,C404,P16,1,30.99,2025-11-05 23:57:51,30.99,452.97
O05846,C175,P45,3,110.99,2025-08-30 11:36:22,332.97,332.97
O05847,C177,P45,1,110.99,2026-01-11 15:08:14,110.99,110.99
O05848,C008,P05,1,429.99,2024-07-09 00:35:26,429.99,676.97
O05848,C008,P36,1,47.99,2024-07-09 00:35:26,47.99,676.97
O05848,C008,P28,1,198.99,2024-07-09 00:35:26,198.99,676.97
O05849,C202,P23,1,205.99,2025-11-19 09:29:46,205.99,297.98
O05849,C202,P11,1,91.99,2025-11-19 09:29:46,91.99,297.98
O05850,C281,P36,1,47.99,2024-12-14 11:41:24,47.99,247.98
O05850,C281,P41,1,199.99,2024-12-14 11:41:24,199.99,247.98
O05851,C072,P09,1,34.99,2025-05-28 21:00:47,34.99,34.99
O05852,C189,P41,1,199.99,2026-01-06 20:42:45,199.99,199.99
O05853,C057,P23,1,205.99,2025-12-13 01:57:48,205.99,524.97
O05853,C057,P48,1,78.99,2025-12-13 01:57:48,78.99,524.97
O05853,C057,P27,1,239.99,2025-12-13 01:57:48,239.99,524.97
O05854,C217,P02,2,226.99,2025-11-11 14:26:57,453.98,512.97
O05854,C217,P42,1,58.99,2025-11-11 14:26:57,58.99,512.97
O05855,C487,P03,1,205.99,2024-12-03 10:36:25,205.99,205.99
O05856,C218,P21,3,196.99,2026-01-24 05:53:18,590.97,783.95
O05856,C218,P49,1,77.99,2026-01-24 05:53:18,77.99,783.95
O05856,C218,P13,1,114.99,2026-01-24 05:53:18,114.99,783.95
O05857,C139,P41,1,199.99,2026-02-19 23:14:08,199.99,781.95
O05857,C139,P05,1,429.99,2026-02-19 23:14:08,429.99,781.95
O05857,C139,P19,1,113.99,2026-02-19 23:14:00,113.99,781.95
O05857,C139,P15,2,18.99,2026-02-19 23:14:08,37.98,781.95
O05858,C393,P46,1,154.99,2026-07-04 06:30:04,154.99,154.99
O05859,C407,P27,1,239.99,2025-12-28 19:04:21,239.99,355.97
O05859,C407,P35,2,57.99,2025-12-28 19:04:21,115.98,355.97
O05860,C317,P05,3,429.99,2026-05-25 23:23:15,1289.97,1368.96
O05860,C317,P48,1,78.99,2026-05-25 23:23:15,78.99,1368.96
O05861,C187,P29,1,199.99,2024-11-12 12:17:37,199.99,199.99
O05862,C032,P19,1,113.99,2025-05-06 20:40:42,113.99,113.99
O05863,C212,P48,1,78.99,2025-10-30 07:02:29,78.99,596.96
O05863,C212,P02,1,226.99,2025-10-30 07:02:29,226.99,596.96
O05863,C212,P30,1,236.99,2025-10-30 07:02:29,236.99,596.96
O05863,C212,P34,1,53.99,2025-10-30 07:02:29,53.99,596.96
O05864,C070,P26,1,87.99,2024-12-30 09:33:49,87.99,87.99
O05865,C153,P20,1,96.99,2026-05-14 21:37:47,96.99,251.98
O05865,C153,P46,1,154.99,2026-05-15 03:07:47,154.99,251.98
O05866,C144,P50,1,191.99,2024-12-16 02:52:03,191.99,233.98
O05866,C144,P47,1,41.99,2024-12-16 02:52:03,41.99,233.98
O05867,C099,P37,1,42.99,2025-11-22 23:53:51,42.99,42.99
O05868,C016,P27,1,239.99,2024-12-27 19:13:01,239.99,353.98
O05868,C016,P19,1,113.99,2024-12-27 19:13:01,113.99,353.98
O05869,C067,P44,1,143.99,2024-09-09 14:02:42,143.99,644.97
O05869,C067,P14,1,70.99,2024-09-09 14:02:42,70.99,644.97
O05869,C067,P05,1,429.99,2024-09-09 14:02:42,429.99,644.97
O05870,C112,P21,1,196.99,2024-09-23 23:33:32,196.99,196.99
O05871,C213,P08,1,100.99,2024-07-19 13:28:51,100.99,100.99
O05872,C136,P02,1,226.99,2025-07-26 11:59:04,226.99,226.99
O05873,C062,P44,1,143.99,2024-12-20 04:59:29,143.99,143.99
O05874,C176,P22,1,194.99,2025-12-25 17:24:07,194.99,194.99
O05875,C041,P07,1,366.99,2026-04-12 13:11:55,366.99,389.98
O05875,C041,P17,1,22.99,2026-04-12 13:11:55,22.99,389.98
O05876,C099,P27,1,239.99,2024-12-19 01:25:06,239.99,436.98
O05876,C099,P21,1,196.99,2024-12-19 01:25:06,196.99,436.98
O05877,C358,P45,1,110.99,2026-04-25 05:20:22,110.99,110.99
O05878,C103,P10,1,92.99,2025-07-05 02:11:09,92.99,92.99
O05879,C017,P12,2,100.99,2025-08-16 09:20:52,201.98,298.97
O05879,C017,P20,1,96.99,2025-08-16 09:20:52,96.99,298.97
O05880,C224,P38,1,38.99,2025-12-03 01:47:39,38.99,38.99
O05881,C393,P01,2,345.99,2026-06-15 07:26:02,691.98,691.98
O05882,C299,P38,2,38.99,2025-12-09 19:36:15,77.98,444.97
O05882,C299,P07,1,366.99,2025-12-09 19:36:15,366.99,444.97
O05883,C138,P33,1,74.99,2025-12-21 19:21:38,74.99,175.98
O05883,C138,P08,1,100.99,2025-12-22 00:51:38,100.99,175.98
O05884,C320,P43,1,138.99,2025-09-28 22:07:50,138.99,249.98
O05884,C320,P45,1,110.99,2025-09-28 22:07:50,110.99,249.98
O05885,C265,P38,2,38.99,2025-07-24 09:46:04,77.98,77.98
O05886,C132,P46,1,154.99,2025-10-25 11:16:40,154.99,154.99
O05887,C023,P16,1,30.99,2024-11-07 13:16:41,30.99,30.99
O05888,C364,P18,2,44.99,2025-12-28 19:54:25,89.98,567.96
O05888,C364,P36,1,47.99,2025-12-28 19:54:25,47.99,567.96
O05888,C364,P05,1,429.99,2025-12-28 19:54:25,429.99,567.96
O05889,C393,P30,1,236.99,2025-11-10 20:46:08,236.99,329.98
O05889,C393,P10,1,92.99,2025-11-10 20:46:08,92.99,329.98
O05890,C377,P43,1,138.99,2025-06-08 15:31:39,138.99,164.98
O05890,C377,P25,1,25.99,2025-08-06 15:31:39,25.99,164.98
O05891,C006,P04,1,281.99,2025-06-29 16:44:57,281.99,281.99
O05892,C406,P15,1,18.99,2024-12-05 11:05:45,18.99,133.98
O05892,C406,P13,1,114.99,2024-12-05 11:05:45,114.99,133.98
O05893,C182,P16,1,30.99,2025-05-24 05:03:35,30.99,30.99
O05894,C198,P06,1,402.99,2024-09-19 22:24:41,402.99,402.99
O05895,C499,P44,1,143.99,2026-05-10 18:51:20,143.99,178.98
O05895,C499,P09,1,34.99,2026-05-10 18:51:20,34.99,178.98
O05896,C206,P38,1,38.99,2024-08-26 21:35:58,38.99,621.96
O05896,C206,P28,1,198.99,2024-08-26 21:35:58,198.99,621.96
O05896,C206,P50,2,191.99,2024-08-26 21:35:58,383.98,621.96
O05897,C284,P37,1,42.99,2024-12-22 21:15:39,42.99,42.99
O05898,C336,P49,1,77.99,2025-12-06 15:25:57,77.99,77.99
O05899,C397,P38,1,38.99,2026-05-15 07:56:51,38.99,38.99
O05900,C497,P32,1,24.99,2026-03-16 12:25:44,24.99,24.99
O05901,C406,P42,1,58.99,2025-12-02 11:01:33,58.99,470.97
O05901,C406,P03,2,205.99,2025-12-02 11:01:33,411.98,470.97
O05902,C348,P40,1,10.99,2026-05-30 17:13:02,10.99,10.99
O05903,C025,P23,2,205.99,2025-11-23 18:48:32,411.98,910.96
O05903,C025,P24,1,299.99,2025-11-23 13:18:32,299.99,910.96
O05903,C025,P28,1,198.99,2025-11-23 18:48:32,198.99,910.96
O05904,C294,P27,1,239.99,2025-12-14 02:54:08,239.99,239.99
O05905,C025,P38,2,38.99,2025-03-09 22:11:38,77.98,77.98
O05906,C048,P20,2,96.99,2025-09-18 20:32:07,193.98,204.97
O05906,C048,P40,1,10.99,2025-09-18 20:32:07,10.99,204.97
O05907,C253,P06,1,402.99,2025-07-26 19:00:15,402.99,402.99
O05908,C143,P28,1,198.99,2025-09-01 22:05:07,198.99,398.98
O05908,C143,P29,1,199.99,2025-09-01 22:05:07,199.99,398.98
O05909,C355,P22,1,194.99,2026-07-04 01:17:12,194.99,368.97
O05909,C355,P42,1,58.99,2026-07-04 01:17:12,58.99,368.97
O05909,C355,P13,1,114.99,2026-07-04 01:17:12,114.99,368.97
O05910,C182,P40,1,10.99,2025-11-06 21:55:08,10.99,489.97
O05910,C182,P21,1,196.99,2025-11-06 21:55:08,196.99,489.97
O05910,C182,P04,1,281.99,2025-11-06 21:55:08,281.99,489.97
O05911,C019,P19,1,113.99,2026-04-12 18:03:13,113.99,113.99
O05912,C227,P50,2,191.99,2026-02-19 12:30:23,383.98,1010.96
O05912,C227,P21,1,196.99,2026-02-19 12:30:23,196.99,1010.96
O05912,C227,P05,1,429.99,2026-02-19 12:30:23,429.99,1010.96
O05914,C030,P14,1,70.99,2025-05-28 01:48:52,70.99,120.97
O05914,C030,P32,2,24.99,2025-05-28 01:48:52,49.98,120.97
O05915,C060,P33,1,74.99,2024-07-07 20:09:51,74.99,167.98
O05915,C060,P10,1,92.99,2024-07-07 20:09:51,92.99,167.98
O05916,C005,P32,1,24.99,2025-10-02 19:01:36,24.99,24.99
O05917,C274,P06,1,402.99,2026-01-10 11:07:56,402.99,402.99
O05918,C256,P04,1,281.99,2026-03-18 08:19:17,281.99,345.97
O05918,C256,P18,1,44.99,2026-03-18 08:19:17,44.99,345.97
O05918,C256,P15,1,18.99,2026-03-18 08:19:17,18.99,345.97
O05919,C457,P10,3,92.99,2026-04-30 22:04:27,278.97,627.93
O05919,C457,P09,1,34.99,2026-04-30 22:04:27,34.99,627.93
O05919,C457,P45,2,110.99,2026-04-30 22:04:27,221.98,627.93
O05919,C457,P11,1,91.99,2026-04-30 22:04:27,91.99,627.93
O05920,C054,P03,1,205.99,2024-07-21 08:49:41,205.99,297.98
O05920,C054,P11,1,91.99,2024-07-21 08:49:41,91.99,297.98
O05921,C435,P23,1,205.99,2025-08-12 20:19:54,205.99,247.98
O05921,C435,P47,1,41.99,2025-08-12 20:19:54,41.99,247.98
O05922,C047,P26,2,87.99,2025-11-29 18:20:24,175.98,198.97
O05922,C047,P17,1,22.99,2025-11-29 18:20:24,22.99,198.97
O05923,C460,P18,1,44.99,2024-12-10 06:42:37,44.99,44.99
O05924,C449,P35,1,57.99,2025-11-06 02:34:02,57.99,57.99
O05925,C226,P47,1,41.99,2025-04-14 20:19:19,41.99,41.99
O05926,C115,P42,1,58.99,2025-11-15 14:57:14,58.99,58.99
O05927,C318,P15,1,18.99,2026-06-13 01:32:21,18.99,18.99
O05928,C240,P34,1,53.99,2025-10-07 14:25:48,53.99,53.99
O05929,C335,P19,2,113.99,2025-11-22 22:36:01,227.98,227.98
O05930,C085,P13,1,114.99,2025-11-05 17:59:50,114.99,114.99
O05931,C371,P11,1,91.99,2026-06-07 02:20:04,91.99,192.98
O05931,C371,P08,1,100.99,2026-06-07 02:20:04,100.99,192.98
O05932,C207,P06,1,402.99,2025-12-09 16:59:38,402.99,402.99
O05933,C485,P33,1,74.99,2026-04-12 10:32:56,74.99,218.98
O05933,C485,P44,1,143.99,2026-04-12 10:32:56,143.99,218.98
O05934,C377,P37,1,42.99,2025-04-21 13:23:35,42.99,42.99
O05935,C419,P43,1,138.99,2025-11-28 22:40:58,138.99,138.99
O05936,C151,P36,1,47.99,2025-10-28 00:44:14,47.99,338.96
O05936,C151,P26,2,87.99,2025-10-28 00:44:14,175.98,338.96
O05936,C151,P13,1,114.99,2025-10-28 00:44:14,114.99,338.96
O05937,C194,P08,3,100.99,2026-06-18 12:38:00,302.97,302.97
O05938,C151,P26,3,87.99,2025-10-11 12:02:08,263.97,458.96
O05938,C151,P22,1,194.99,2025-10-11 12:02:08,194.99,458.96
O05940,C009,P19,1,113.99,2025-06-04 19:51:06,113.99,268.98
O05940,C009,P46,1,154.99,2025-06-04 19:51:06,154.99,268.98
O05941,C218,P49,1,77.99,2026-05-16 02:22:03,77.99,477.97
O05941,C218,P41,2,199.99,2026-05-16 02:22:03,399.98,477.97
O05942,C123,P39,1,21.99,2026-05-03 08:51:20,21.99,21.99
O05943,C309,P06,1,402.99,2026-07-04 23:16:22,402.99,402.99
O05944,C103,P32,1,24.99,2025-12-25 12:03:06,24.99,24.99
O05945,C363,P20,1,96.99,2025-02-07 11:01:29,96.99,169.97
O05945,C363,P15,1,18.99,2025-02-07 11:01:29,18.99,169.97
O05945,C363,P34,1,53.99,2025-02-07 11:01:29,53.99,169.97
O05946,C183,P29,1,199.99,2026-01-28 01:41:45,199.99,548.96
O05946,C183,P33,2,74.99,2026-01-28 01:41:45,149.98,548.96
O05946,C183,P28,1,198.99,2026-01-28 01:41:45,198.99,548.96
O05947,C018,P41,1,199.99,2025-12-25 06:47:20,199.99,199.99
O05948,C420,P29,1,199.99,2025-11-15 01:41:14,199.99,199.99
O05949,C200,P23,1,205.99,2024-09-05 05:16:30,205.99,205.99
O05950,C048,P28,1,198.99,2026-02-01 23:14:09,198.99,438.98
O05950,C048,P27,1,239.99,2026-01-02 23:14:09,239.99,438.98
O05951,C261,P16,1,30.99,2026-03-19 22:10:44,30.99,30.99
O05952,C280,P44,1,143.99,2025-02-10 14:33:10,143.99,443.98
O05952,C280,P24,1,299.99,2025-02-10 14:33:10,299.99,443.98
O05953,C031,P02,1,226.99,2025-12-19 02:16:55,226.99,654.97
O05953,C031,P06,1,402.99,2025-12-19 02:16:55,402.99,654.97
O05953,C031,P32,1,24.99,2025-12-19 02:16:55,24.99,654.97
O05954,C157,P38,1,38.99,2024-07-28 23:03:03,38.99,328.97
O05954,C157,P10,1,92.99,2024-07-28 17:33:03,92.99,328.97
O05954,C157,P21,1,196.99,2024-07-28 23:03:03,196.99,328.97
O05955,C435,P09,1,34.99,2026-01-22 19:41:58,34.99,34.99
O05956,C128,P22,1,194.99,2025-10-28 17:30:00,194.99,194.99
O05957,C069,P08,2,100.99,2024-12-05 15:48:00,201.98,201.98
O05958,C232,P11,1,91.99,2024-12-22 00:49:08,91.99,331.98
O05958,C232,P27,1,239.99,2024-12-22 00:49:08,239.99,331.98
O05960,C186,P44,1,143.99,2025-03-25 14:23:48,143.99,143.99
O05961,C008,P49,1,77.99,2024-12-08 09:37:40,77.99,151.97
O05961,C008,P37,1,42.99,2024-12-08 09:37:40,42.99,151.97
O05961,C008,P16,1,30.99,2024-12-08 09:37:40,30.99,151.97
O05962,C153,P38,1,38.99,2025-10-31 05:11:43,38.99,38.99
O05963,C018,P33,2,74.99,2025-02-01 08:31:00,149.98,149.98
O05964,C358,P01,1,345.99,2025-07-08 21:49:45,345.99,823.97
O05964,C358,P05,1,429.99,2025-07-08 21:49:45,429.99,823.97
O05964,C358,P36,1,47.99,2025-07-08 21:49:45,47.99,823.97
O05965,C448,P33,2,74.99,2025-12-02 14:03:17,149.98,597.95
O05965,C448,P35,1,57.99,2025-12-02 14:03:17,57.99,597.95
O05965,C448,P22,2,194.99,2025-12-02 14:03:17,389.98,597.95
O05966,C231,P18,3,44.99,2024-08-31 11:49:44,134.97,193.96
O05966,C231,P42,1,58.99,2024-08-31 11:49:44,58.99,193.96
O05967,C116,P46,1,154.99,2024-07-27 18:39:44,154.99,185.98
O05967,C116,P16,1,30.99,2024-07-27 18:39:44,30.99,185.98
O05968,C447,P50,1,191.99,2026-05-15 08:03:09,191.99,214.98
O05968,C447,P17,1,22.99,2026-05-15 08:03:09,22.99,214.98
O05969,C004,P47,2,41.99,2025-01-04 13:32:33,83.98,83.98
O05970,C318,P46,1,154.99,2025-12-18 17:40:39,154.99,154.99
O05971,C103,P20,1,96.99,2026-03-26 08:42:11,96.99,96.99
O05972,C239,P31,1,16.99,2024-10-07 11:28:35,16.99,16.99
O05973,C275,P11,1,91.99,2024-09-21 13:07:53,91.99,600.97
O05973,C275,P05,1,429.99,2024-09-21 13:07:53,429.99,600.97
O05973,C275,P48,1,78.99,2024-09-21 13:07:53,78.99,600.97
O05974,C044,P19,1,113.99,2024-12-08 16:46:31,113.99,113.99
O05975,C328,P26,2,87.99,2026-06-22 02:36:44,175.98,614.96
O05975,C328,P28,1,198.99,2026-06-22 02:36:44,198.99,614.96
O05975,C328,P27,1,239.99,2026-06-22 02:36:44,239.99,614.96
O05976,C160,P34,1,53.99,2025-12-13 21:25:39,53.99,95.98
O05976,C160,P47,1,41.99,2025-12-13 21:25:39,41.99,95.98
O05977,C246,P33,1,74.99,2026-03-18 12:11:59,74.99,109.98
O05977,C246,P09,1,34.99,2026-03-18 12:11:59,34.99,109.98
O05978,C499,P42,3,58.99,2025-12-04 05:08:16,176.97,176.97
O05979,C476,P26,1,87.99,2025-10-10 14:02:43,87.99,87.99
O05980,C048,P40,1,10.99,2025-11-03 16:42:36,10.99,10.99
O05981,C234,P10,3,92.99,2025-08-08 22:11:12,278.97,657.94
O05981,C234,P39,1,21.99,2025-08-08 22:11:12,21.99,657.94
O05981,C234,P33,1,74.99,2025-08-08 22:11:12,74.99,657.94
O05981,C234,P04,1,281.99,2025-08-08 22:11:12,281.99,657.94
O05982,C036,P09,3,34.99,2024-12-04 14:15:16,104.97,104.97
O05983,C245,P34,1,53.99,2026-02-02 03:04:22,53.99,584.97
O05983,C245,P12,1,100.99,2026-02-02 03:04:22,100.99,584.97
O05983,C245,P05,1,429.99,2026-02-02 03:04:22,429.99,584.97
O05984,C228,P28,1,198.99,2024-09-27 19:00:28,198.99,926.95
O05984,C228,P30,3,236.99,2024-09-27 19:00:28,710.97,926.95
O05984,C228,P31,1,16.99,2024-09-27 19:00:28,16.99,926.95
O05985,C424,P20,1,96.99,2026-03-29 06:06:50,96.99,355.96
O05985,C424,P21,1,196.99,2026-03-29 06:06:50,196.99,355.96
O05985,C424,P16,2,30.99,2026-03-29 06:06:50,61.98,355.96
O05986,C083,P16,2,30.99,2025-02-16 00:54:14,61.98,293.95
O05986,C083,P45,1,110.99,2025-02-16 00:54:14,110.99,293.95
O05986,C083,P48,1,78.99,2025-02-16 00:54:14,78.99,293.95
O05986,C083,P47,1,41.99,2025-02-16 00:54:14,41.99,293.95
O05987,C173,P39,1,21.99,2026-05-19 22:25:28,21.99,21.99
O05988,C297,P49,1,77.99,2025-09-24 19:22:54,77.99,277.98
O05988,C297,P29,1,199.99,2025-09-24 19:22:54,199.99,277.98
O05989,C360,P47,1,41.99,2026-02-22 00:23:27,41.99,76.98
O05989,C360,P09,1,34.99,2026-02-22 00:23:27,34.99,76.98
O05991,C412,P40,1,10.99,2026-04-25 06:50:25,10.99,379.95
O05991,C412,P33,3,74.99,2026-04-25 06:50:25,224.97,379.95
O05991,C412,P44,1,143.99,2026-04-25 06:50:25,143.99,379.95
O05992,C222,P43,1,138.99,2024-12-08 20:54:53,138.99,138.99
O05993,C159,P26,2,87.99,2026-04-04 16:56:07,175.98,175.98
O05994,C100,P37,1,42.99,2025-12-15 13:55:28,42.99,77.98
O05994,C100,P09,1,34.99,2025-12-15 13:55:28,34.99,77.98
O05995,C364,P19,1,113.99,2026-04-23 08:08:55,113.99,252.96
O05995,C364,P10,1,92.99,2026-04-23 08:08:55,92.99,252.96
O05995,C364,P40,1,10.99,2026-04-23 08:08:55,10.99,252.96
O05995,C364,P09,1,34.99,2026-04-23 08:08:55,34.99,252.96
O05996,C135,P04,1,281.99,2026-05-28 20:48:50,281.99,480.98
O05996,C135,P28,1,198.99,2026-05-28 20:48:50,198.99,480.98
O05997,C461,P31,1,16.99,2024-11-30 18:37:47,16.99,16.99
O05998,C061,P38,1,38.99,2024-09-29 00:13:32,38.99,38.99
O05999,C099,P07,1,366.99,2025-09-23 19:56:53,366.99,1312.96
O05999,C099,P24,2,299.99,2025-09-23 19:56:53,599.98,1312.96
O05999,C099,P01,1,345.99,2025-09-23 19:56:53,345.99,1312.96
O06000,C189,P36,3,47.99,2025-10-25 09:31:27,143.97,143.97
O06001,C032,P03,1,205.99,2025-12-05 12:32:02,205.99,765.94
O06001,C032,P20,3,96.99,2025-12-05 12:32:02,290.97,765.94
O06001,C032,P47,1,41.99,2025-12-05 12:32:02,41.99,765.94
O06001,C032,P02,1,226.99,2025-12-05 12:32:02,226.99,765.94
O06002,C446,P13,1,114.99,2026-02-16 00:05:51,114.99,316.97
O06002,C446,P08,2,100.99,2026-02-16 00:05:00,201.98,316.97
O06003,C109,P17,1,22.99,2026-04-21 13:00:58,22.99,22.99
O06004,C053,P18,1,44.99,2025-12-09 03:07:58,44.99,293.96
O06004,C053,P37,1,42.99,2025-12-09 03:07:58,42.99,293.96
O06004,C053,P22,1,194.99,2025-12-09 03:07:58,194.99,293.96
O06004,C053,P40,1,10.99,2025-12-09 03:07:58,10.99,293.96
O06005,C389,P40,1,10.99,2026-01-12 19:47:06,10.99,288.97
O06005,C389,P43,2,138.99,2026-01-12 19:47:06,277.98,288.97
O06006,C121,P45,1,110.99,2025-03-16 02:31:41,110.99,110.99
O06007,C010,P14,1,70.99,2026-04-13 11:36:19,70.99,158.98
O06007,C010,P26,1,87.99,2026-04-13 11:36:19,87.99,158.98
O06009,C422,P19,1,113.99,2026-01-10 23:26:01,113.99,184.98
O06009,C422,P14,1,70.99,2026-01-10 23:26:01,70.99,184.98
O06010,C433,P14,1,70.99,2026-07-04 20:17:57,70.99,140.97
O06010,C433,P09,2,34.99,2026-07-04 20:17:57,69.98,140.97
O06011,C212,P41,3,199.99,2024-08-03 21:53:12,599.97,599.97
O06012,C406,P28,1,198.99,2024-08-01 07:11:50,198.99,277.98
O06012,C406,P48,1,78.99,2024-08-01 07:11:50,78.99,277.98
O06013,C288,P35,3,57.99,2025-08-17 17:41:44,173.97,497.95
O06013,C288,P02,1,226.99,2025-08-17 17:41:44,226.99,497.95
O06013,C288,P20,1,96.99,2025-08-17 17:41:44,96.99,497.95
O06014,C142,P07,1,366.99,2025-08-21 22:21:20,366.99,366.99
O06015,C292,P22,2,194.99,2025-12-07 05:45:18,389.98,389.98
O06016,C327,P41,1,199.99,2026-04-07 21:50:18,199.99,199.99
O06017,C190,P42,1,58.99,2024-11-25 03:40:00,58.99,58.99
O06018,C038,P40,3,10.99,2025-11-23 12:31:28,32.97,176.96
O06018,C038,P44,1,143.99,2025-11-23 12:31:28,143.99,176.96
O06019,C260,P25,1,25.99,2026-04-18 10:43:32,25.99,234.97
O06019,C260,P34,1,53.99,2026-04-18 10:43:32,53.99,234.97
O06019,C260,P46,1,154.99,2026-04-18 10:43:32,154.99,234.97
O06020,C134,P43,1,138.99,2024-11-05 00:02:50,138.99,192.98
O06020,C134,P34,1,53.99,2024-11-05 00:02:50,53.99,192.98
O06021,C397,P33,1,74.99,2026-06-27 17:53:40,74.99,74.99
O06022,C312,P14,1,70.99,2025-12-13 17:02:12,70.99,70.99
O06023,C106,P36,1,47.99,2025-12-15 04:03:23,47.99,389.96
O06023,C106,P27,1,239.99,2025-12-15 04:03:23,239.99,389.96
O06023,C106,P37,1,42.99,2025-12-15 04:03:23,42.99,389.96
O06023,C106,P42,1,58.99,2025-12-15 04:03:23,58.99,389.96
O06024,C130,P02,1,226.99,2025-07-24 17:04:51,226.99,226.99
O06025,C179,P04,1,281.99,2025-11-23 03:59:17,281.99,281.99
O06026,C284,P32,2,24.99,2024-10-05 22:54:45,49.98,49.98
O06027,C002,P47,1,41.99,2024-08-07 08:32:52,41.99,41.99
O06028,C371,P17,1,22.99,2026-04-08 23:08:43,22.99,22.99
O06029,C054,P11,1,91.99,2024-07-12 23:37:18,91.99,288.98
O06029,C054,P21,1,196.99,2024-07-12 23:37:18,196.99,288.98
O06030,C293,P18,1,44.99,2025-03-22 10:53:23,44.99,44.99
O06031,C480,P37,1,42.99,2025-12-30 22:48:44,42.99,100.98
O06031,C480,P35,1,57.99,2025-12-30 22:48:44,57.99,100.98
O06032,C431,P10,1,92.99,2025-06-07 06:42:08,92.99,92.99
O06033,C056,P20,1,96.99,2025-07-02 13:07:07,96.99,96.99
O06034,C120,P22,2,194.99,2024-11-10 22:02:38,389.98,389.98
O06035,C070,P25,1,25.99,2026-05-04 13:52:04,25.99,25.99
O06036,C212,P45,1,110.99,2026-07-03 18:19:33,110.99,110.99
O06037,C031,P45,1,110.99,2024-07-06 02:10:45,110.99,110.99
O06038,C215,P25,1,25.99,2025-05-25 12:21:23,25.99,84.98
O06038,C215,P42,1,58.99,2025-05-25 12:21:23,58.99,84.98
O06039,C114,P20,1,96.99,2025-08-18 20:51:12,96.99,96.99
O06040,C124,P33,1,74.99,2025-01-10 12:57:10,74.99,74.99
O06041,C250,P13,1,114.99,2024-12-20 19:41:03,114.99,114.99
O06042,C441,P24,1,299.99,2026-02-22 20:00:21,299.99,991.97
O06042,C441,P01,2,345.99,2026-02-22 20:00:21,691.98,991.97
O06043,C374,P35,1,57.99,2026-06-23 05:33:41,57.99,57.99
O06044,C079,P45,1,110.99,2025-02-01 14:31:11,110.99,110.99
O06045,C095,P38,1,38.99,2025-06-05 03:03:53,38.99,1050.96
O06045,C095,P06,2,402.99,2025-06-05 03:03:53,805.98,1050.96
O06045,C095,P23,1,205.99,2025-06-05 03:03:53,205.99,1050.96
O06046,C383,P36,1,47.99,2026-04-18 02:23:21,47.99,47.99
O06047,C183,P16,1,30.99,2025-12-03 11:10:39,30.99,30.99
O06048,C072,P10,1,92.99,2024-11-03 15:12:08,92.99,115.98
O06048,C072,P17,1,22.99,2024-11-03 15:12:08,22.99,115.98
O06049,C330,P02,1,226.99,2025-11-20 18:34:03,226.99,319.98
O06049,C330,P10,1,92.99,2025-11-20 18:34:03,92.99,319.98
O06050,C235,P42,1,58.99,2026-06-26 12:20:49,58.99,58.99
O06051,C135,P34,3,53.99,2024-11-06 09:40:21,161.97,340.95
O06051,C135,P49,1,77.99,2024-11-06 09:40:00,77.99,340.95
O06051,C135,P08,1,100.99,2024-11-06 09:40:21,100.99,340.95
O06052,C491,P04,1,281.99,2026-06-07 12:08:46,281.99,281.99
O06053,C453,P08,1,100.99,2025-08-17 02:14:01,100.99,100.99
O06054,C145,P30,1,236.99,2025-04-27 09:11:05,236.99,236.99
O06055,C258,P43,2,138.99,2025-11-18 21:01:54,277.98,277.98
O06056,C071,P28,1,198.99,2025-12-11 15:30:01,198.99,480.98
O06056,C071,P04,1,281.99,2025-12-11 15:30:01,281.99,480.98
O06057,C479,P29,1,199.99,2025-12-16 19:37:47,199.99,617.96
O06057,C479,P45,1,110.99,2025-12-16 19:37:47,110.99,617.96
O06057,C479,P12,1,100.99,2025-12-16 19:37:47,100.99,617.96
O06057,C479,P23,1,205.99,2025-12-16 14:07:47,205.99,617.96
O06058,C033,P19,1,113.99,2024-11-30 00:54:28,113.99,124.98
O06058,C033,P40,1,10.99,2024-11-30 00:54:28,10.99,124.98
O06059,C359,P33,2,74.99,2025-11-15 12:12:13,149.98,376.97
O06059,C359,P02,1,226.99,2025-11-15 12:12:13,226.99,376.97
O06061,C095,P31,1,16.99,2024-10-29 03:04:09,16.99,404.97
O06061,C095,P01,1,345.99,2024-10-29 03:04:09,345.99,404.97
O06061,C095,P47,1,41.99,2024-10-29 03:04:09,41.99,404.97
O06062,C478,P09,1,34.99,2025-12-03 07:15:41,34.99,105.98
O06062,C478,P14,1,70.99,2025-12-03 07:15:41,70.99,105.98
O06063,C156,P05,2,429.99,2024-12-08 03:26:57,859.98,1424.94
O06063,C156,P28,2,198.99,2024-12-08 03:26:57,397.98,1424.94
O06063,C156,P26,1,87.99,2024-12-08 03:26:57,87.99,1424.94
O06063,C156,P48,1,78.99,2024-12-08 03:26:57,78.99,1424.94
O06065,C270,P08,1,100.99,2026-01-10 18:21:57,100.99,100.99
O06066,C253,P13,1,114.99,2025-08-16 14:08:15,114.99,139.98
O06066,C253,P32,1,24.99,2025-08-16 14:08:15,24.99,139.98
O06067,C480,P09,1,34.99,2026-06-19 12:00:11,34.99,34.99
O06068,C446,P47,1,41.99,2025-12-27 09:21:51,41.99,155.98
O06068,C446,P19,1,113.99,2025-12-27 09:21:51,113.99,155.98
O06069,C436,P36,1,47.99,2025-08-11 02:51:17,47.99,47.99
O06070,C443,P30,1,236.99,2025-10-10 21:01:22,236.99,636.97
O06070,C443,P41,2,199.99,2025-10-10 21:01:22,399.98,636.97
O06071,C420,P04,1,281.99,2026-04-21 16:16:40,281.99,281.99
O06072,C376,P11,1,91.99,2025-11-26 08:49:32,91.99,136.98
O06072,C376,P18,1,44.99,2025-11-26 08:49:32,44.99,136.98
O06073,C312,P19,1,113.99,2026-02-13 12:24:27,113.99,540.94
O06073,C312,P20,3,96.99,2026-02-13 12:24:00,290.97,540.94
O06073,C312,P35,1,57.99,2026-02-13 12:24:27,57.99,540.94
O06073,C312,P49,1,77.99,2026-02-13 12:24:27,77.99,540.94
O06074,C269,P46,1,154.99,2024-09-12 02:33:10,154.99,354.98
O06074,C269,P29,1,199.99,2024-09-12 02:33:10,199.99,354.98
O06075,C229,P48,1,78.99,2025-06-01 18:26:28,78.99,717.95
O06075,C229,P19,2,113.99,2025-06-01 18:26:28,227.98,717.95
O06075,C229,P24,1,299.99,2025-06-01 18:26:28,299.99,717.95
O06075,C229,P45,1,110.99,2025-06-01 18:26:28,110.99,717.95
O06076,C325,P34,1,53.99,2025-11-06 20:33:53,53.99,617.97
O06076,C325,P07,1,366.99,2025-11-06 20:33:53,366.99,617.97
O06076,C325,P21,1,196.99,2025-11-06 20:33:53,196.99,617.97
O06077,C420,P41,1,199.99,2025-09-16 10:17:40,199.99,405.98
O06077,C420,P23,1,205.99,2025-09-16 10:17:40,205.99,405.98
O06078,C234,P47,1,41.99,2025-11-02 00:46:29,41.99,323.98
O06078,C234,P04,1,281.99,2025-11-02 00:46:29,281.99,323.98
O06079,C029,P14,1,70.99,2026-02-02 20:40:23,70.99,70.99
O06080,C011,P07,1,366.99,2024-09-07 06:06:49,366.99,476.97
O06080,C011,P10,1,92.99,2024-09-07 06:06:49,92.99,476.97
O06080,C011,P31,1,16.99,2024-09-07 06:06:49,16.99,476.97
O06081,C327,P45,1,110.99,2024-12-15 20:35:00,110.99,110.99
O06082,C027,P11,1,91.99,2025-03-05 10:50:41,91.99,655.97
O06082,C027,P21,1,196.99,2025-03-05 10:50:41,196.99,655.97
O06082,C027,P07,1,366.99,2025-03-05 10:50:41,366.99,655.97
O06083,C221,P49,1,77.99,2025-01-22 20:25:19,77.99,201.97
O06083,C221,P48,1,78.99,2025-01-22 20:25:19,78.99,201.97
O06083,C221,P18,1,44.99,2025-01-22 20:25:19,44.99,201.97
O06084,C070,P05,1,429.99,2025-12-27 00:11:08,429.99,429.99
O06085,C150,P22,1,194.99,2026-04-10 12:02:29,194.99,194.99
O06086,C032,P30,1,236.99,2026-05-24 21:06:46,236.99,236.99
O06087,C319,P04,1,281.99,2025-11-05 07:28:10,281.99,281.99
O06088,C083,P40,1,10.99,2026-06-13 23:36:21,10.99,10.99
O06089,C092,P03,2,205.99,2024-08-27 23:00:27,411.98,499.97
O06089,C092,P26,1,87.99,2024-08-27 23:00:27,87.99,499.97
O06090,C322,P34,1,53.99,2026-02-08 23:49:21,53.99,121.97
O06090,C322,P17,1,22.99,2026-02-08 23:49:21,22.99,121.97
O06090,C322,P18,1,44.99,2026-02-08 23:49:21,44.99,121.97
O06091,C298,P03,1,205.99,2026-04-12 02:06:57,205.99,349.98
O06091,C298,P44,1,143.99,2026-04-12 02:06:57,143.99,349.98
O06092,C193,P27,1,239.99,2025-06-28 23:02:19,239.99,239.99
O06093,C485,P30,1,236.99,2025-01-06 11:07:44,236.99,556.96
O06093,C485,P21,1,196.99,2025-01-06 11:07:44,196.99,556.96
O06093,C485,P08,1,100.99,2025-01-06 11:07:44,100.99,556.96
O06093,C485,P39,1,21.99,2025-01-06 11:07:44,21.99,556.96
O06094,C015,P18,1,44.99,2025-02-06 13:22:14,44.99,44.99
O06095,C109,P03,2,205.99,2024-12-22 05:11:02,411.98,411.98
O06096,C112,P11,1,91.99,2024-09-14 21:02:59,91.99,91.99
O06097,C288,P33,1,74.99,2025-06-05 19:59:38,74.99,232.97
O06097,C288,P37,1,42.99,2025-06-05 19:59:38,42.99,232.97
O06097,C288,P13,1,114.99,2025-06-05 19:59:38,114.99,232.97
O06098,C277,P45,1,110.99,2025-12-06 01:05:31,110.99,228.97
O06098,C277,P42,2,58.99,2025-12-06 01:05:31,117.98,228.97
O06099,C231,P08,1,100.99,2026-05-26 16:48:56,100.99,467.98
O06099,C231,P07,1,366.99,2026-05-26 16:48:56,366.99,467.98
O06100,C335,P14,1,70.99,2025-12-06 21:59:37,70.99,70.99
O06101,C187,P22,1,194.99,2026-04-27 05:09:13,194.99,194.99
O06102,C147,P12,1,100.99,2025-12-31 00:25:41,100.99,100.99
O06103,C282,P18,1,44.99,2025-11-19 12:35:16,44.99,44.99
O06105,C324,P38,1,38.99,2026-03-20 14:37:15,38.99,38.99
O06106,C029,P25,1,25.99,2024-11-02 09:42:24,25.99,25.99
O06107,C382,P04,1,281.99,2026-05-23 09:30:42,281.99,281.99
O06108,C313,P24,1,299.99,2026-05-11 21:48:41,299.99,322.98
O06108,C313,P17,1,22.99,2026-05-11 21:48:41,22.99,322.98
O06109,C023,P03,1,205.99,2025-12-17 08:12:31,205.99,205.99
O06110,C339,P27,1,239.99,2025-11-30 01:21:00,239.99,239.99
O06111,C426,P18,1,44.99,2025-11-05 14:52:11,44.99,639.94
O06111,C426,P26,3,87.99,2025-11-05 09:22:11,263.97,639.94
O06111,C426,P43,1,138.99,2025-11-05 14:52:11,138.99,639.94
O06111,C426,P50,1,191.99,2025-11-05 14:52:11,191.99,639.94
O06112,C390,P38,1,38.99,2026-04-07 11:55:05,38.99,38.99
O06113,C208,P12,1,100.99,2025-01-21 12:46:15,100.99,100.99
O06114,C249,P22,1,194.99,2025-10-10 03:04:52,194.99,194.99
O06115,C178,P38,1,38.99,2025-10-07 05:43:29,38.99,38.99
O06116,C306,P39,1,21.99,2025-07-27 04:48:09,21.99,21.99
O06117,C179,P31,2,16.99,2024-12-13 08:04:35,33.98,33.98
O06118,C200,P11,1,91.99,2024-09-22 12:23:43,91.99,91.99
O06119,C442,P34,1,53.99,2026-06-06 11:53:33,53.99,283.97
O06119,C442,P16,1,30.99,2026-06-06 11:53:33,30.99,283.97
O06119,C442,P28,1,198.99,2026-06-06 11:53:33,198.99,283.97
O06120,C121,P13,1,114.99,2026-07-04 09:03:32,114.99,114.99
O06121,C112,P37,1,42.99,2025-03-29 20:07:22,42.99,169.97
O06121,C112,P12,1,100.99,2025-03-29 20:07:22,100.99,169.97
O06121,C112,P25,1,25.99,2025-03-29 20:07:22,25.99,169.97
O06124,C338,P10,1,92.99,2026-04-03 08:30:55,92.99,92.99
O06125,C121,P44,1,143.99,2026-04-01 14:51:05,143.99,143.99
O06126,C412,P37,1,42.99,2025-07-17 14:52:11,42.99,42.99
O06127,C090,P40,2,10.99,2025-11-01 21:26:46,21.98,66.97
O06127,C090,P18,1,44.99,2025-11-01 21:26:46,44.99,66.97
O06128,C081,P16,1,30.99,2025-07-04 13:47:56,30.99,30.99
O06129,C390,P33,1,74.99,2024-12-25 07:16:36,74.99,238.97
O06129,C390,P14,1,70.99,2024-12-25 12:46:36,70.99,238.97
O06129,C390,P10,1,92.99,2024-12-25 12:46:36,92.99,238.97
O06130,C409,P40,1,10.99,2026-05-15 02:50:39,10.99,819.96
O06130,C409,P33,1,74.99,2026-05-15 02:50:39,74.99,819.96
O06130,C409,P07,2,366.99,2026-05-15 02:50:39,733.98,819.96
O06131,C341,P02,1,226.99,2025-12-14 18:51:32,226.99,306.97
O06131,C341,P39,1,21.99,2025-12-14 18:51:32,21.99,306.97
O06131,C341,P35,1,57.99,2025-12-14 18:51:32,57.99,306.97
O06132,C107,P18,1,44.99,2024-12-07 23:11:28,44.99,44.99
O06133,C169,P09,1,34.99,2026-01-31 05:30:23,34.99,60.98
O06133,C169,P25,1,25.99,2026-01-31 05:30:23,25.99,60.98
O06134,C354,P10,1,92.99,2025-11-30 17:00:11,92.99,92.99
O06135,C162,P07,1,366.99,2026-07-03 07:09:20,366.99,366.99
O06136,C443,P17,1,22.99,2026-01-31 05:36:59,22.99,689.97
O06136,C443,P24,1,299.99,2026-01-31 05:36:59,299.99,689.97
O06136,C443,P07,1,366.99,2026-01-31 05:36:59,366.99,689.97
O06137,C360,P12,2,100.99,2026-06-28 02:27:00,201.98,393.97
O06137,C360,P50,1,191.99,2026-06-28 02:27:00,191.99,393.97
O06138,C402,P28,1,198.99,2025-08-07 03:14:12,198.99,240.98
O06138,C402,P47,1,41.99,2025-08-07 03:14:12,41.99,240.98
O06139,C175,P26,1,87.99,2026-01-30 10:54:09,87.99,245.97
O06139,C175,P48,2,78.99,2026-01-30 05:24:09,157.98,245.97
O06140,C034,P09,1,34.99,2026-06-14 02:32:05,34.99,34.99
O06141,C233,P06,1,402.99,2024-11-09 23:36:07,402.99,460.98
O06141,C233,P35,1,57.99,2024-11-09 23:36:07,57.99,460.98
O06143,C404,P27,2,239.99,2024-10-13 12:29:56,479.98,538.97
O06143,C404,P42,1,58.99,2024-10-13 06:59:56,58.99,538.97
O06144,C317,P27,1,239.99,2026-06-07 18:04:38,239.99,239.99
O06145,C208,P20,1,96.99,2024-08-30 05:08:12,96.99,96.99
O06146,C294,P16,1,30.99,2025-12-30 11:43:06,30.99,508.96
O06146,C294,P29,1,199.99,2025-12-30 11:43:06,199.99,508.96
O06146,C294,P43,2,138.99,2025-12-30 11:43:06,277.98,508.96
O06147,C129,P10,1,92.99,2026-06-12 09:38:06,92.99,406.97
O06147,C129,P28,1,198.99,2026-06-12 09:38:06,198.99,406.97
O06147,C129,P13,1,114.99,2026-06-12 09:38:06,114.99,406.97
O06148,C363,P12,1,100.99,2026-04-10 04:11:09,100.99,100.99
O06149,C068,P31,3,16.99,2026-06-06 03:51:45,50.97,165.96
O06149,C068,P13,1,114.99,2026-06-06 03:51:45,114.99,165.96
O06150,C376,P17,1,22.99,2026-04-29 21:36:01,22.99,293.97
O06150,C376,P29,1,199.99,2026-04-29 21:36:01,199.99,293.97
O06150,C376,P14,1,70.99,2026-04-29 21:36:01,70.99,293.97
O06151,C091,P21,1,196.99,2025-09-27 11:34:15,196.99,542.98
O06151,C091,P01,1,345.99,2025-09-27 11:34:15,345.99,542.98
O06152,C087,P21,1,196.99,2025-06-11 00:19:20,196.99,196.99
O06153,C112,P46,1,154.99,2025-01-19 13:46:12,154.99,1261.94
O06153,C112,P19,2,113.99,2025-01-19 13:46:12,227.98,1261.94
O06153,C112,P15,1,18.99,2025-01-19 13:46:12,18.99,1261.94
O06153,C112,P05,2,429.99,2025-01-19 13:46:12,859.98,1261.94
O06154,C495,P49,1,77.99,2025-12-09 12:14:59,77.99,306.97
O06154,C495,P23,1,205.99,2025-12-09 12:14:59,205.99,306.97
O06154,C495,P17,1,22.99,2025-12-09 12:14:59,22.99,306.97
O06155,C134,P33,1,74.99,2026-03-05 06:15:59,74.99,166.98
O06155,C134,P11,1,91.99,2026-03-05 06:15:59,91.99,166.98
O06156,C411,P03,2,205.99,2025-12-15 18:09:00,411.98,499.97
O06156,C411,P26,1,87.99,2025-12-15 18:09:44,87.99,499.97
O06157,C485,P45,1,110.99,2025-11-24 23:16:21,110.99,316.98
O06157,C485,P03,1,205.99,2025-11-24 23:16:21,205.99,316.98
O06158,C156,P44,3,143.99,2025-02-15 03:43:35,431.97,431.97
O06159,C388,P12,1,100.99,2026-05-07 20:32:05,100.99,100.99
O06160,C151,P16,1,30.99,2025-10-02 06:06:58,30.99,30.99
O06161,C174,P08,1,100.99,2024-10-04 06:58:33,100.99,596.96
O06161,C174,P15,1,18.99,2024-10-04 06:58:33,18.99,596.96
O06161,C174,P27,1,239.99,2024-10-04 06:58:33,239.99,596.96
O06161,C174,P30,1,236.99,2024-10-04 06:58:33,236.99,596.96
O06162,C423,P02,1,226.99,2026-01-24 08:15:14,226.99,226.99
O06163,C343,P32,1,24.99,2026-03-10 07:24:30,24.99,24.99
O06164,C248,P16,1,30.99,2024-07-07 19:48:58,30.99,561.97
O06164,C248,P05,1,429.99,2024-07-07 19:48:58,429.99,561.97
O06164,C248,P12,1,100.99,2024-07-07 19:48:58,100.99,561.97
O06165,C305,P50,1,191.99,2025-11-04 00:42:43,191.99,191.99
O06166,C305,P36,1,47.99,2025-11-28 04:54:03,47.99,47.99
O06167,C314,P29,2,199.99,2025-07-28 19:48:06,399.98,447.97
O06167,C314,P36,1,47.99,2025-07-28 19:48:06,47.99,447.97
O06168,C161,P17,1,22.99,2025-12-12 17:24:44,22.99,22.99
O06169,C399,P23,2,205.99,2026-04-04 19:52:09,411.98,442.97
O06169,C399,P16,1,30.99,2026-04-04 19:52:09,30.99,442.97
O06170,C172,P28,1,198.99,2025-01-26 00:16:25,198.99,413.97
O06170,C172,P08,1,100.99,2025-01-26 00:16:25,100.99,413.97
O06170,C172,P19,1,113.99,2025-01-26 00:16:25,113.99,413.97
O06171,C477,P25,1,25.99,2025-11-23 07:38:55,25.99,25.99
O06172,C145,P38,1,38.99,2025-02-14 13:52:37,38.99,152.98
O06172,C145,P19,1,113.99,2025-02-14 13:52:37,113.99,152.98
O06173,C479,P27,1,239.99,2025-12-19 01:39:22,239.99,239.99
O06174,C029,P49,1,77.99,2024-12-02 10:41:20,77.99,77.99
O06175,C098,P28,1,198.99,2024-10-19 06:09:39,198.99,248.97
O06175,C098,P32,2,24.99,2024-10-19 06:09:39,49.98,248.97
O06176,C441,P24,1,299.99,2025-10-29 11:34:44,299.99,321.97
O06176,C441,P40,2,10.99,2025-10-29 11:34:44,21.98,321.97
O06177,C238,P33,1,74.99,2026-03-20 14:26:15,74.99,162.98
O06177,C238,P26,1,87.99,2026-03-20 14:26:15,87.99,162.98
O06178,C076,P15,1,18.99,2024-11-04 22:41:44,18.99,394.96
O06178,C076,P32,1,24.99,2024-11-04 22:41:00,24.99,394.96
O06178,C076,P45,1,110.99,2024-11-04 22:41:44,110.99,394.96
O06178,C076,P27,1,239.99,2024-11-04 22:41:44,239.99,394.96
O06179,C237,P41,1,199.99,2026-01-15 13:23:55,199.99,199.99
O06180,C388,P04,1,281.99,2026-04-05 06:38:17,281.99,619.97
O06180,C388,P28,1,198.99,2026-04-05 06:38:17,198.99,619.97
O06180,C388,P43,1,138.99,2026-04-05 06:38:17,138.99,619.97
O06181,C337,P04,1,281.99,2024-11-15 08:34:26,281.99,281.99
O06182,C375,P41,1,199.99,2025-12-01 04:33:21,199.99,199.99
O06183,C229,P15,1,18.99,2025-09-17 22:53:49,18.99,421.98
O06183,C229,P06,1,402.99,2025-09-17 22:53:49,402.99,421.98
O06184,C061,P03,1,205.99,2024-12-19 02:22:16,205.99,205.99
O06185,C237,P24,1,299.99,2026-02-12 04:19:58,299.99,299.99
O06186,C017,P32,1,24.99,2025-01-11 11:10:47,24.99,624.96
O06186,C017,P41,3,199.99,2025-01-11 11:10:47,599.97,624.96
O06187,C405,P25,2,25.99,2025-10-01 11:16:58,51.98,51.98
O06188,C410,P29,1,199.99,2026-04-13 01:28:50,199.99,289.96
O06188,C410,P37,1,42.99,2026-04-13 01:28:50,42.99,289.96
O06188,C410,P39,1,21.99,2026-04-13 01:28:50,21.99,289.96
O06188,C410,P32,1,24.99,2026-04-13 01:28:50,24.99,289.96
O06189,C361,P32,1,24.99,2025-11-25 03:39:54,24.99,24.99
O06190,C410,P47,1,41.99,2026-06-21 08:51:26,41.99,41.99
O06191,C061,P37,1,42.99,2025-11-30 02:31:03,42.99,135.98
O06191,C061,P10,1,92.99,2025-11-30 02:31:03,92.99,135.98
O06192,C422,P12,1,100.99,2025-10-15 22:13:39,100.99,100.99
O06193,C183,P44,1,143.99,2024-08-14 23:05:19,143.99,143.99
O06194,C229,P24,1,299.99,2024-11-17 18:03:45,299.99,299.99
O06195,C124,P40,2,10.99,2025-06-18 06:44:39,21.98,21.98
O06196,C254,P35,1,57.99,2025-02-13 22:49:18,57.99,57.99
O06197,C070,P16,1,30.99,2026-01-26 07:12:13,30.99,814.95
O06197,C070,P50,2,191.99,2026-01-26 07:12:13,383.98,814.95
O06197,C070,P41,2,199.99,2026-01-26 07:12:13,399.98,814.95
O06198,C444,P46,1,154.99,2025-12-20 02:36:58,154.99,154.99
O06199,C103,P03,1,205.99,2025-12-30 17:08:18,205.99,205.99
O06200,C407,P48,1,78.99,2025-12-22 21:49:50,78.99,78.99
O06201,C298,P19,2,113.99,2024-08-11 11:40:47,227.98,328.97
O06201,C298,P08,1,100.99,2024-08-11 11:40:47,100.99,328.97
O06202,C379,P42,2,58.99,2026-05-13 06:13:18,117.98,136.97
O06202,C379,P15,1,18.99,2026-05-13 06:13:18,18.99,136.97
O06203,C022,P08,1,100.99,2026-05-28 22:53:58,100.99,190.97
O06203,C022,P36,1,47.99,2026-05-28 22:53:58,47.99,190.97
O06203,C022,P47,1,41.99,2026-05-28 22:53:58,41.99,190.97
O06204,C436,P28,1,198.99,2025-12-07 02:51:24,198.99,337.98
O06204,C436,P43,1,138.99,2025-12-07 02:51:24,138.99,337.98
O06205,C113,P08,1,100.99,2024-09-04 12:29:40,100.99,244.98
O06205,C113,P44,1,143.99,2024-09-04 12:29:40,143.99,244.98
O06207,C466,P23,2,205.99,2025-10-16 21:08:51,411.98,633.96
O06207,C466,P29,1,199.99,2025-10-16 21:08:51,199.99,633.96
O06207,C466,P39,1,21.99,2025-10-16 21:08:51,21.99,633.96
O06208,C159,P44,1,143.99,2024-12-22 02:57:04,143.99,373.97
O06208,C159,P13,2,114.99,2024-12-22 02:57:04,229.98,373.97
O06209,C232,P37,1,42.99,2025-11-23 16:25:15,42.99,153.98
O06209,C232,P45,1,110.99,2025-11-23 16:25:15,110.99,153.98
O06210,C009,P40,1,10.99,2025-11-13 07:32:44,10.99,10.99
O06211,C116,P21,1,196.99,2024-09-07 20:22:39,196.99,196.99
O06212,C023,P24,1,299.99,2025-10-06 00:41:12,299.99,491.98
O06212,C023,P50,1,191.99,2025-10-06 00:41:12,191.99,491.98
O06213,C193,P41,1,199.99,2025-10-19 19:21:15,199.99,1005.97
O06213,C193,P06,2,402.99,2025-10-19 19:21:15,805.98,1005.97
O06214,C247,P25,3,25.99,2024-12-06 06:58:33,77.97,77.97
O06215,C164,P12,1,100.99,2026-01-22 09:34:42,100.99,100.99
O06216,C296,P16,1,30.99,2025-03-26 16:39:36,30.99,78.98
O06216,C296,P36,1,47.99,2025-03-26 16:39:36,47.99,78.98
O06217,C170,P08,1,100.99,2025-12-11 00:04:00,100.99,500.97
O06217,C170,P41,2,199.99,2025-12-11 00:04:00,399.98,500.97
O06218,C474,P20,1,96.99,2026-02-21 11:43:19,96.99,96.99
O06219,C159,P24,1,299.99,2025-06-28 04:00:28,299.99,299.99
O06220,C373,P13,1,114.99,2026-03-17 17:54:29,114.99,114.99
O06221,C088,P40,1,10.99,2024-10-06 20:28:29,10.99,10.99
O06222,C177,P34,1,53.99,2025-12-25 23:57:40,53.99,84.98
O06222,C177,P16,1,30.99,2025-12-25 18:27:40,30.99,84.98
O06223,C107,P15,1,18.99,2024-11-17 22:17:06,18.99,218.98
O06223,C107,P41,1,199.99,2024-11-17 22:17:06,199.99,218.98
O06224,C035,P30,1,236.99,2024-08-24 04:58:48,236.99,359.97
O06224,C035,P12,1,100.99,2024-08-24 04:58:48,100.99,359.97
O06224,C035,P39,1,21.99,2024-08-24 04:58:48,21.99,359.97
O06225,C183,P04,1,281.99,2026-03-22 03:09:27,281.99,281.99
O06226,C253,P48,1,78.99,2025-12-20 13:49:59,78.99,260.97
O06226,C253,P14,1,70.99,2025-12-20 13:49:59,70.99,260.97
O06226,C253,P45,1,110.99,2025-12-20 13:49:59,110.99,260.97
O06227,C240,P12,2,100.99,2025-03-23 13:53:34,201.98,302.97
O06227,C240,P08,1,100.99,2025-03-23 13:53:34,100.99,302.97
O06228,C214,P46,1,154.99,2024-11-11 06:13:19,154.99,154.99
O06229,C091,P11,1,91.99,2025-11-03 11:25:59,91.99,91.99
O06230,C489,P38,1,38.99,2026-01-29 23:20:54,38.99,122.97
O06230,C489,P47,2,41.99,2026-01-29 23:20:54,83.98,122.97
O06231,C039,P29,1,199.99,2025-12-14 15:23:58,199.99,199.99
O06232,C101,P12,1,100.99,2025-12-16 17:58:45,100.99,660.96
O06232,C101,P23,1,205.99,2025-12-16 17:58:45,205.99,660.96
O06232,C101,P27,1,239.99,2025-12-16 17:58:45,239.99,660.96
O06232,C101,P19,1,113.99,2025-12-16 17:58:45,113.99,660.96
O06233,C255,P44,1,143.99,2025-05-09 18:22:57,143.99,168.98
O06233,C255,P32,1,24.99,2025-05-09 18:22:57,24.99,168.98
O06234,C061,P39,1,21.99,2025-08-30 11:53:03,21.99,21.99
O06235,C298,P24,1,299.99,2025-04-17 08:55:21,299.99,299.99
O06236,C003,P33,1,74.99,2025-01-15 04:55:53,74.99,74.99
O06237,C159,P32,1,24.99,2026-03-11 13:16:24,24.99,447.96
O06237,C159,P40,1,10.99,2026-03-11 13:16:24,10.99,447.96
O06237,C159,P23,1,205.99,2026-03-11 13:16:24,205.99,447.96
O06237,C159,P03,1,205.99,2026-03-11 13:16:24,205.99,447.96
O06238,C204,P33,1,74.99,2025-04-12 00:44:40,74.99,74.99
O06239,C420,P07,1,366.99,2026-04-13 16:23:00,366.99,606.98
O06239,C420,P27,1,239.99,2026-04-13 16:23:02,239.99,606.98
O06240,C001,P40,1,10.99,2026-02-27 20:40:10,10.99,10.99
O06241,C172,P36,1,47.99,2024-11-17 05:49:49,47.99,494.97
O06241,C172,P01,1,345.99,2024-11-17 05:49:49,345.99,494.97
O06241,C172,P12,1,100.99,2024-11-17 05:49:49,100.99,494.97
O06242,C359,P21,2,196.99,2026-03-29 04:57:31,393.98,393.98
O06243,C050,P31,1,16.99,2026-03-24 09:32:29,16.99,16.99
O06244,C162,P18,1,44.99,2025-11-15 04:43:38,44.99,422.97
O06244,C162,P24,1,299.99,2025-11-15 04:43:38,299.99,422.97
O06244,C162,P49,1,77.99,2025-11-15 04:43:38,77.99,422.97
O06245,C280,P43,1,138.99,2025-01-15 20:55:14,138.99,138.99
O06246,C312,P05,1,429.99,2025-11-14 19:43:39,429.99,905.95
O06246,C312,P28,2,198.99,2025-11-14 19:43:39,397.98,905.95
O06246,C312,P38,2,38.99,2025-11-14 19:43:39,77.98,905.95
O06248,C348,P05,1,429.99,2026-05-02 04:00:36,429.99,477.98
O06248,C348,P36,1,47.99,2026-05-02 04:00:36,47.99,477.98
O06249,C387,P19,2,113.99,2025-11-27 07:49:04,227.98,227.98
O06250,C217,P40,1,10.99,2024-12-10 13:54:01,10.99,320.97
O06250,C217,P46,2,154.99,2024-12-10 13:54:01,309.98,320.97
O06251,C162,P49,1,77.99,2025-11-15 09:43:48,77.99,77.99
O06252,C435,P18,1,44.99,2025-07-03 20:28:57,44.99,326.98
O06252,C435,P04,1,281.99,2025-07-03 20:28:57,281.99,326.98
O06253,C316,P19,1,113.99,2025-06-29 16:13:16,113.99,341.97
O06253,C316,P23,1,205.99,2025-06-29 16:13:16,205.99,341.97
O06253,C316,P39,1,21.99,2025-06-29 16:13:16,21.99,341.97
O06254,C154,P06,2,402.99,2024-11-12 21:32:57,805.98,805.98
O06255,C096,P30,1,236.99,2025-08-16 13:20:17,236.99,284.98
O06255,C096,P36,1,47.99,2025-08-16 13:20:17,47.99,284.98
O06256,C018,P08,1,100.99,2025-11-29 09:07:21,100.99,447.96
O06256,C018,P39,1,21.99,2025-11-29 09:07:21,21.99,447.96
O06256,C018,P04,1,281.99,2025-11-29 09:07:21,281.99,447.96
O06256,C018,P37,1,42.99,2025-11-29 09:07:21,42.99,447.96
O06257,C002,P25,2,25.99,2026-06-20 14:53:50,51.98,468.95
O06257,C002,P43,3,138.99,2026-06-20 14:53:50,416.97,468.95
O06258,C350,P14,1,70.99,2025-10-24 21:27:37,70.99,70.99
O06259,C418,P14,1,70.99,2025-07-06 17:16:00,70.99,118.97
O06259,C418,P25,1,25.99,2025-07-06 17:16:50,25.99,118.97
O06259,C418,P39,1,21.99,2025-07-06 17:16:50,21.99,118.97
O06260,C425,P45,1,110.99,2025-09-02 05:31:29,110.99,350.98
O06260,C425,P27,1,239.99,2025-09-02 05:31:29,239.99,350.98
O06261,C454,P24,1,299.99,2024-12-06 19:53:42,299.99,299.99
O06262,C345,P02,2,226.99,2026-02-04 08:38:01,453.98,453.98
O06264,C417,P17,3,22.99,2025-12-13 04:01:00,68.97,368.96
O06264,C417,P24,1,299.99,2025-12-13 04:01:59,299.99,368.96
O06265,C197,P17,1,22.99,2025-09-20 10:49:30,22.99,22.99
O06266,C451,P13,1,114.99,2026-01-01 11:59:40,114.99,185.98
O06266,C451,P14,1,70.99,2026-01-01 11:59:40,70.99,185.98
O06267,C263,P47,1,41.99,2025-11-24 08:37:44,41.99,41.99
O06268,C243,P36,1,47.99,2026-03-28 16:31:55,47.99,47.99
O06269,C323,P08,1,100.99,2026-04-13 22:54:45,100.99,142.98
O06269,C323,P47,1,41.99,2026-04-13 22:54:45,41.99,142.98
O06270,C313,P07,1,366.99,2025-11-30 21:59:10,366.99,366.99
O06271,C086,P30,2,236.99,2024-12-23 20:57:28,473.98,473.98
O06272,C391,P27,1,239.99,2024-11-29 15:32:31,239.99,270.98
O06272,C391,P16,1,30.99,2024-11-29 15:32:31,30.99,270.98
O06273,C389,P05,1,429.99,2026-03-25 20:02:53,429.99,544.98
O06273,C389,P13,1,114.99,2026-03-25 20:02:53,114.99,544.98
O06274,C378,P20,1,96.99,2025-05-13 16:09:11,96.99,264.97
O06274,C378,P19,1,113.99,2025-05-13 16:09:11,113.99,264.97
O06274,C378,P34,1,53.99,2025-05-13 16:09:11,53.99,264.97
O06275,C163,P36,2,47.99,2024-10-15 15:32:49,95.98,702.96
O06275,C163,P07,1,366.99,2024-10-15 15:32:49,366.99,702.96
O06275,C163,P27,1,239.99,2024-10-15 15:32:49,239.99,702.96
O06276,C412,P40,1,10.99,2025-12-25 09:09:42,10.99,276.97
O06276,C412,P38,1,38.99,2025-12-25 09:09:42,38.99,276.97
O06276,C412,P02,1,226.99,2025-12-25 09:09:42,226.99,276.97
O06277,C262,P03,1,205.99,2024-12-30 04:17:48,205.99,205.99
O06278,C277,P07,1,366.99,2026-01-04 20:53:14,366.99,422.97
O06278,C277,P16,1,30.99,2026-01-04 20:53:14,30.99,422.97
O06278,C277,P32,1,24.99,2026-01-04 20:53:14,24.99,422.97
O06279,C115,P31,1,16.99,2026-06-24 01:53:21,16.99,59.98
O06279,C115,P37,1,42.99,2026-06-24 01:53:21,42.99,59.98
O06280,C328,P34,1,53.99,2024-12-29 07:14:15,53.99,173.97
O06280,C328,P08,1,100.99,2024-12-29 07:14:15,100.99,173.97
O06280,C328,P15,1,18.99,2024-12-29 07:14:15,18.99,173.97
O06281,C042,P45,1,110.99,2025-10-31 10:54:09,110.99,135.98
O06281,C042,P32,1,24.99,2025-10-31 10:54:09,24.99,135.98
O06282,C148,P01,1,345.99,2025-04-08 02:05:24,345.99,1349.95
O06282,C148,P41,1,199.99,2025-04-08 02:05:24,199.99,1349.95
O06282,C148,P04,2,281.99,2025-04-08 02:05:24,563.98,1349.95
O06282,C148,P27,1,239.99,2025-04-08 02:05:24,239.99,1349.95
O06283,C138,P41,1,199.99,2024-07-13 21:24:27,199.99,199.99
O06284,C342,P08,1,100.99,2026-03-16 12:09:53,100.99,256.97
O06284,C342,P49,2,77.99,2026-03-16 12:09:53,155.98,256.97
O06285,C171,P39,1,21.99,2024-08-13 03:06:15,21.99,21.99
O06286,C471,P37,1,42.99,2026-04-09 18:20:01,42.99,445.98
O06286,C471,P06,1,402.99,2026-04-09 18:20:01,402.99,445.98
O06287,C261,P47,1,41.99,2026-05-12 18:16:22,41.99,41.99
O06288,C377,P10,1,92.99,2025-10-27 04:22:18,92.99,92.99
O06289,C391,P09,1,34.99,2024-11-15 15:16:50,34.99,545.97
O06289,C391,P44,1,143.99,2024-11-15 15:16:50,143.99,545.97
O06289,C391,P07,1,366.99,2024-11-15 15:16:50,366.99,545.97
O06290,C132,P19,1,113.99,2025-09-22 08:52:24,113.99,113.99
O06291,C157,P19,1,113.99,2025-04-24 11:31:19,113.99,192.98
O06291,C157,P48,1,78.99,2025-04-24 11:31:19,78.99,192.98
O06292,C361,P20,1,96.99,2026-04-06 16:34:42,96.99,122.98
O06292,C361,P25,1,25.99,2026-04-06 16:34:42,25.99,122.98
O06293,C287,P31,1,16.99,2025-10-14 00:16:15,16.99,319.95
O06293,C287,P36,2,47.99,2025-10-14 00:16:15,95.98,319.95
O06293,C287,P19,1,113.99,2025-10-14 00:16:15,113.99,319.95
O06293,C287,P10,1,92.99,2025-10-14 00:16:15,92.99,319.95
O06294,C360,P40,1,10.99,2025-11-29 15:21:16,10.99,81.98
O06294,C360,P14,1,70.99,2025-11-29 15:21:16,70.99,81.98
O06295,C068,P17,1,22.99,2025-12-14 14:47:07,22.99,308.96
O06295,C068,P10,1,92.99,2025-12-14 14:47:07,92.99,308.96
O06295,C068,P11,1,91.99,2025-12-14 14:47:07,91.99,308.96
O06295,C068,P08,1,100.99,2025-12-14 14:47:07,100.99,308.96
O06296,C367,P07,1,366.99,2025-11-23 16:43:13,366.99,366.99
O06297,C244,P10,1,92.99,2024-11-03 07:55:54,92.99,92.99
O06298,C153,P31,1,16.99,2026-04-18 19:30:22,16.99,16.99
O06299,C346,P39,1,21.99,2026-02-06 13:15:10,21.99,21.99
O06300,C322,P24,1,299.99,2026-04-23 15:29:13,299.99,299.99
O06301,C001,P23,1,205.99,2025-08-02 16:12:40,205.99,205.99
O06302,C280,P06,1,402.99,2026-03-29 05:26:14,402.99,402.99
O06303,C144,P36,1,47.99,2026-01-04 11:56:06,47.99,101.98
O06303,C144,P34,1,53.99,2026-04-01 11:56:06,53.99,101.98
O06304,C362,P08,2,100.99,2026-02-21 16:45:42,201.98,201.98
O06305,C410,P32,1,24.99,2026-06-15 19:17:11,24.99,179.98
O06305,C410,P46,1,154.99,2026-06-15 19:17:11,154.99,179.98
O06306,C400,P38,1,38.99,2026-02-02 13:16:12,38.99,38.99
O06308,C347,P41,1,199.99,2025-12-17 03:49:38,199.99,199.99
O06309,C026,P10,1,92.99,2026-01-30 18:43:13,92.99,92.99
O06310,C101,P06,1,402.99,2026-01-30 01:55:01,402.99,546.98
O06310,C101,P44,1,143.99,2026-01-30 01:55:01,143.99,546.98
O06311,C116,P15,1,18.99,2024-10-14 06:14:08,18.99,18.99
O06312,C265,P20,1,96.99,2025-11-09 21:31:48,96.99,211.96
O06312,C265,P17,1,22.99,2025-11-09 21:31:48,22.99,211.96
O06312,C265,P31,1,16.99,2025-11-09 21:31:48,16.99,211.96
O06312,C265,P33,1,74.99,2025-11-09 21:31:48,74.99,211.96
O06313,C459,P35,1,57.99,2025-01-24 05:23:31,57.99,96.98
O06313,C459,P38,1,38.99,2025-01-24 05:23:31,38.99,96.98
O06314,C040,P33,1,74.99,2024-08-18 09:54:07,74.99,213.98
O06314,C040,P43,1,138.99,2024-08-18 09:54:07,138.99,213.98
O06315,C144,P29,1,199.99,2024-12-29 19:23:11,199.99,346.95
O06315,C144,P25,1,25.99,2024-12-29 19:23:11,25.99,346.95
O06315,C144,P37,1,42.99,2024-12-29 19:23:11,42.99,346.95
O06315,C144,P38,2,38.99,2024-12-29 19:23:11,77.98,346.95
O06316,C108,P23,1,205.99,2024-09-21 18:29:31,205.99,572.98
O06316,C108,P07,1,366.99,2024-09-21 18:29:31,366.99,572.98
O06317,C469,P24,1,299.99,2025-02-24 03:56:34,299.99,299.99
O06318,C499,P08,1,100.99,2024-12-19 04:29:28,100.99,100.99
O06319,C065,P24,3,299.99,2024-12-04 12:08:21,899.97,1529.95
O06319,C065,P06,1,402.99,2024-12-04 12:08:21,402.99,1529.95
O06319,C065,P02,1,226.99,2024-12-04 12:08:21,226.99,1529.95
O06320,C211,P38,1,38.99,2025-12-14 11:30:55,38.99,38.99
O06321,C244,P29,1,199.99,2026-06-30 07:35:17,199.99,802.97
O06321,C244,P41,1,199.99,2026-06-30 07:35:17,199.99,802.97
O06321,C244,P06,1,402.99,2026-06-30 07:35:17,402.99,802.97
O06322,C188,P12,1,100.99,2025-07-07 12:14:55,100.99,100.99
O06323,C304,P31,3,16.99,2026-03-09 17:10:12,50.97,50.97
O06324,C170,P03,2,205.99,2026-01-27 02:08:38,411.98,569.96
O06324,C170,P48,2,78.99,2026-01-27 02:08:38,157.98,569.96
O06325,C369,P02,1,226.99,2025-06-26 04:24:09,226.99,226.99
O06326,C197,P12,1,100.99,2025-12-27 21:18:35,100.99,388.97
O06326,C197,P44,2,143.99,2025-12-27 21:18:35,287.98,388.97
O06327,C079,P26,1,87.99,2025-09-13 10:18:54,87.99,360.97
O06327,C079,P22,1,194.99,2025-09-13 10:18:54,194.99,360.97
O06327,C079,P49,1,77.99,2025-09-13 10:18:54,77.99,360.97
O06328,C416,P39,2,21.99,2025-06-16 19:05:19,43.98,43.98
O06329,C028,P19,1,113.99,2024-11-28 10:14:22,113.99,384.97
O06329,C028,P14,1,70.99,2024-11-28 10:14:22,70.99,384.97
O06329,C028,P29,1,199.99,2024-11-28 10:14:22,199.99,384.97
O06330,C197,P31,1,16.99,2025-12-13 04:10:26,16.99,472.97
O06330,C197,P25,1,25.99,2025-12-13 04:10:26,25.99,472.97
O06330,C197,P05,1,429.99,2025-12-13 04:10:26,429.99,472.97
O06331,C143,P47,1,41.99,2026-01-08 10:10:48,41.99,41.99
O06332,C355,P10,1,92.99,2025-01-31 19:50:27,92.99,92.99
O06333,C310,P06,1,402.99,2025-11-11 01:24:17,402.99,402.99
O06334,C483,P19,1,113.99,2026-06-29 12:02:44,113.99,191.98
O06334,C483,P49,1,77.99,2026-06-29 12:02:44,77.99,191.98
O06335,C468,P23,1,205.99,2026-06-28 02:06:27,205.99,205.99
O06336,C176,P06,1,402.99,2024-12-08 18:38:23,402.99,402.99
O06337,C380,P17,1,22.99,2026-04-09 21:20:17,22.99,771.97
O06337,C380,P01,1,345.99,2026-04-09 21:20:17,345.99,771.97
O06337,C380,P06,1,402.99,2026-04-09 21:20:17,402.99,771.97
O06338,C431,P27,1,239.99,2026-01-01 19:50:03,239.99,287.98
O06338,C431,P36,1,47.99,2026-01-01 19:50:03,47.99,287.98
O06339,C124,P33,1,74.99,2025-02-08 22:47:23,74.99,152.97
O06339,C124,P42,1,58.99,2025-02-08 22:47:23,58.99,152.97
O06339,C124,P15,1,18.99,2025-02-08 22:47:23,18.99,152.97
O06340,C230,P49,1,77.99,2025-03-11 19:28:36,77.99,232.98
O06340,C230,P46,1,154.99,2025-03-11 19:28:36,154.99,232.98
O06341,C376,P04,1,281.99,2025-09-20 05:40:37,281.99,323.98
O06341,C376,P47,1,41.99,2025-09-20 05:40:37,41.99,323.98
O06342,C197,P38,2,38.99,2025-08-02 15:20:25,77.98,102.97
O06342,C197,P32,1,24.99,2025-08-02 15:20:25,24.99,102.97
O06343,C032,P28,2,198.99,2026-01-10 14:33:55,397.98,414.97
O06343,C032,P31,1,16.99,2026-01-10 14:33:55,16.99,414.97
O06344,C120,P35,2,57.99,2024-08-25 16:06:21,115.98,203.97
O06344,C120,P26,1,87.99,2024-08-25 16:06:21,87.99,203.97
O06345,C399,P39,2,21.99,2026-05-07 19:16:23,43.98,43.98
O06346,C348,P05,1,429.99,2026-06-27 05:51:18,429.99,429.99
O06347,C329,P14,1,70.99,2026-04-21 18:09:29,70.99,70.99
O06348,C055,P40,2,10.99,2024-07-23 00:46:09,21.98,321.97
O06348,C055,P24,1,299.99,2024-07-22 19:16:09,299.99,321.97
O06349,C098,P04,1,281.99,2025-01-19 17:54:31,281.99,281.99
O06350,C418,P15,1,18.99,2025-08-16 18:45:15,18.99,18.99
O06351,C011,P07,1,366.99,2024-09-01 09:51:26,366.99,366.99
O06352,C247,P43,1,138.99,2024-11-10 18:53:42,138.99,138.99
O06353,C219,P47,1,41.99,2025-06-29 16:00:24,41.99,60.98
O06353,C219,P15,1,18.99,2025-06-29 16:00:00,18.99,60.98
O06354,C396,P06,1,402.99,2026-03-23 18:17:02,402.99,402.99
O06355,C427,P32,1,24.99,2025-10-18 01:48:15,24.99,262.97
O06355,C427,P02,1,226.99,2025-10-18 01:48:15,226.99,262.97
O06355,C427,P40,1,10.99,2025-10-18 01:48:15,10.99,262.97
O06356,C235,P15,1,18.99,2025-09-27 17:29:30,18.99,35.98
O06356,C235,P31,1,16.99,2025-09-27 17:29:30,16.99,35.98
O06357,C500,P40,1,10.99,2025-12-28 18:50:09,10.99,10.99
O06358,C159,P26,1,87.99,2025-04-17 01:05:02,87.99,87.99
O06360,C029,P45,1,110.99,2024-08-31 06:08:23,110.99,286.97
O06360,C029,P26,2,87.99,2024-08-31 06:08:23,175.98,286.97
O06361,C279,P16,1,30.99,2024-07-13 03:00:33,30.99,473.97
O06361,C279,P30,1,236.99,2024-07-13 03:00:33,236.99,473.97
O06361,C279,P03,1,205.99,2024-07-13 03:00:33,205.99,473.97
O06362,C004,P45,1,110.99,2026-04-23 04:08:46,110.99,110.99
O06363,C425,P48,1,78.99,2025-06-02 19:02:20,78.99,78.99
O06364,C473,P05,1,429.99,2026-06-17 02:48:58,429.99,497.97
O06364,C473,P47,1,41.99,2026-06-17 02:48:58,41.99,497.97
O06364,C473,P25,1,25.99,2026-06-17 02:48:58,25.99,497.97
O06365,C058,P34,2,53.99,2024-07-09 12:58:29,107.98,107.98
O06366,C432,P06,1,402.99,2025-09-19 03:18:39,402.99,402.99
O06367,C482,P10,1,92.99,2025-12-28 13:14:53,92.99,92.99
O06368,C186,P38,2,38.99,2024-10-15 12:16:49,77.98,77.98
O06369,C260,P05,2,429.99,2025-11-01 03:27:28,859.98,859.98
O06370,C249,P20,1,96.99,2024-07-22 04:52:00,96.99,96.99
O06371,C305,P48,2,78.99,2025-11-21 10:02:10,157.98,249.97
O06371,C305,P11,1,91.99,2025-11-21 10:02:10,91.99,249.97
O06372,C266,P17,1,22.99,2025-11-13 04:58:20,22.99,330.96
O06372,C266,P41,1,199.99,2025-11-13 04:58:20,199.99,330.96
O06372,C266,P34,2,53.99,2025-11-13 04:58:20,107.98,330.96
O06373,C317,P10,2,92.99,2026-04-18 10:00:56,185.98,185.98
O06374,C334,P12,1,100.99,2026-01-20 13:13:00,100.99,359.96
O06374,C334,P15,1,18.99,2026-01-20 13:13:15,18.99,359.96
O06374,C334,P08,1,100.99,2026-01-20 13:13:15,100.99,359.96
O06374,C334,P43,1,138.99,2026-01-20 13:13:15,138.99,359.96
O06375,C064,P26,1,87.99,2026-02-13 06:09:00,87.99,87.99
O06376,C106,P50,1,191.99,2025-10-19 20:08:00,191.99,191.99
O06377,C231,P20,1,96.99,2025-04-27 23:50:52,96.99,96.99
O06378,C086,P13,1,114.99,2024-11-17 23:31:35,114.99,114.99
O06379,C023,P45,1,110.99,2026-04-25 09:39:27,110.99,110.99
O06380,C198,P37,1,42.99,2025-04-20 14:48:53,42.99,42.99
O06381,C324,P42,1,58.99,2026-02-22 22:38:54,58.99,58.99
O06382,C313,P32,3,24.99,2026-01-30 20:02:16,74.97,175.96
O06382,C313,P08,1,100.99,2026-01-30 20:02:16,100.99,175.96
O06383,C305,P17,1,22.99,2025-11-09 08:53:20,22.99,64.98
O06383,C305,P47,1,41.99,2025-11-09 08:53:20,41.99,64.98
O06384,C240,P41,1,199.99,2025-05-31 03:15:44,199.99,500.97
O06384,C240,P29,1,199.99,2025-05-31 03:15:44,199.99,500.97
O06384,C240,P08,1,100.99,2025-05-31 03:15:44,100.99,500.97
O06385,C383,P30,1,236.99,2025-12-25 20:53:11,236.99,620.97
O06385,C383,P50,2,191.99,2025-12-25 20:53:11,383.98,620.97
O06386,C398,P21,1,196.99,2025-12-27 14:49:24,196.99,196.99
O06387,C376,P50,3,191.99,2025-12-06 09:08:31,575.97,711.95
O06387,C376,P39,1,21.99,2025-12-06 09:08:31,21.99,711.95
O06387,C376,P19,1,113.99,2025-12-06 09:08:31,113.99,711.95
O06388,C141,P02,1,226.99,2025-11-07 06:57:46,226.99,226.99
O06389,C052,P37,1,42.99,2026-02-18 07:24:26,42.99,42.99
O06390,C461,P14,1,70.99,2026-04-24 17:35:00,70.99,233.96
O06390,C461,P09,1,34.99,2026-04-24 17:35:11,34.99,233.96
O06390,C461,P16,1,30.99,2026-04-24 17:35:11,30.99,233.96
O06390,C461,P20,1,96.99,2026-04-24 17:35:11,96.99,233.96
O06391,C214,P39,1,21.99,2025-07-19 05:08:49,21.99,63.98
O06391,C214,P47,1,41.99,2025-07-19 05:08:49,41.99,63.98
O06392,C395,P10,3,92.99,2025-12-02 11:19:38,278.97,1041.93
O06392,C395,P43,3,138.99,2025-12-02 11:19:38,416.97,1041.93
O06392,C395,P01,1,345.99,2025-12-02 11:19:38,345.99,1041.93
O06393,C315,P30,1,236.99,2025-09-07 03:12:14,236.99,612.96
O06393,C315,P41,1,199.99,2025-09-07 03:12:14,199.99,612.96
O06393,C315,P26,2,87.99,2025-09-07 03:12:14,175.98,612.96
O06394,C345,P06,1,402.99,2025-12-06 00:06:58,402.99,402.99
O06395,C041,P10,1,92.99,2025-02-23 16:06:40,92.99,92.99
O06396,C182,P23,1,205.99,2024-12-12 08:10:35,205.99,205.99
O06397,C449,P05,1,429.99,2025-12-14 12:21:02,429.99,455.98
O06397,C449,P25,1,25.99,2025-12-14 12:21:02,25.99,455.98
O06398,C451,P48,1,78.99,2026-04-13 00:23:56,78.99,78.99
O06399,C403,P03,1,205.99,2026-02-21 03:55:51,205.99,205.99
O06400,C310,P17,1,22.99,2025-12-06 02:03:01,22.99,136.98
O06400,C310,P19,1,113.99,2025-12-06 02:03:01,113.99,136.98
O06401,C236,P22,1,194.99,2025-06-24 04:48:00,194.99,282.98
O06401,C236,P26,1,87.99,2025-06-24 04:48:00,87.99,282.98
O06402,C330,P34,2,53.99,2025-05-08 06:35:00,107.98,361.94
O06402,C330,P12,2,100.99,2025-05-08 06:35:00,201.98,361.94
O06402,C330,P25,2,25.99,2025-05-08 06:35:00,51.98,361.94
O06403,C415,P06,1,402.99,2025-08-01 23:14:44,402.99,499.98
O06403,C415,P20,1,96.99,2025-08-01 23:14:44,96.99,499.98
O06404,C235,P31,1,16.99,2025-02-08 19:32:55,16.99,912.95
O06404,C235,P06,2,402.99,2025-02-08 19:32:55,805.98,912.95
O06404,C235,P18,2,44.99,2025-02-08 19:32:55,89.98,912.95
O06405,C222,P25,1,25.99,2025-12-04 09:08:37,25.99,25.99
O06406,C411,P13,1,114.99,2025-11-22 12:56:07,114.99,114.99
O06407,C104,P27,1,239.99,2026-02-04 23:32:55,239.99,264.98
O06407,C104,P32,1,24.99,2026-02-04 23:32:55,24.99,264.98
O06408,C354,P04,1,281.99,2025-08-23 19:53:20,281.99,545.97
O06408,C354,P23,1,205.99,2025-08-23 19:53:20,205.99,545.97
O06408,C354,P35,1,57.99,2025-08-23 19:53:20,57.99,545.97
O06409,C405,P33,2,74.99,2026-01-30 15:56:21,149.98,149.98
O06410,C248,P39,1,21.99,2026-01-04 05:41:19,21.99,21.99
O06411,C289,P19,1,113.99,2025-08-25 18:34:11,113.99,113.99
O06412,C355,P02,1,226.99,2025-07-12 23:41:17,226.99,226.99
O06413,C154,P31,1,16.99,2025-11-02 19:25:07,16.99,16.99
O06414,C165,P42,1,58.99,2026-01-04 11:13:36,58.99,264.98
O06414,C165,P03,1,205.99,2026-01-04 11:13:36,205.99,264.98
O06415,C318,P28,1,198.99,2025-10-25 12:59:08,198.99,463.95
O06415,C318,P39,1,21.99,2025-10-25 12:59:08,21.99,463.95
O06415,C318,P12,1,100.99,2025-10-25 12:59:08,100.99,463.95
O06415,C318,P14,2,70.99,2025-10-25 12:59:08,141.98,463.95
O06416,C428,P42,1,58.99,2025-01-02 23:42:40,58.99,343.97
O06416,C428,P23,1,205.99,2025-01-02 23:42:40,205.99,343.97
O06416,C428,P48,1,78.99,2025-01-02 23:42:40,78.99,343.97
O06417,C338,P30,1,236.99,2025-08-16 20:23:25,236.99,261.98
O06417,C338,P32,1,24.99,2025-08-16 20:23:25,24.99,261.98
O06418,C090,P32,1,24.99,2026-01-19 05:19:23,24.99,642.96
O06418,C090,P03,3,205.99,2026-01-19 05:19:23,617.97,642.96
O06419,C378,P16,1,30.99,2026-03-28 02:28:22,30.99,30.99
O06420,C187,P37,1,42.99,2025-08-26 13:09:57,42.99,42.99
O06421,C064,P15,1,18.99,2025-02-06 10:27:37,18.99,18.99
O06422,C454,P21,2,196.99,2025-09-30 02:29:59,393.98,393.98
O06423,C453,P44,1,143.99,2025-12-31 11:57:44,143.99,182.98
O06423,C453,P38,1,38.99,2025-12-31 11:57:44,38.99,182.98
O06424,C180,P12,1,100.99,2025-12-27 08:34:57,100.99,295.98
O06424,C180,P22,1,194.99,2025-12-27 08:34:57,194.99,295.98
O06425,C248,P50,1,191.99,2024-12-01 13:50:17,191.99,191.99
O06426,C064,P10,1,92.99,2025-05-03 04:00:41,92.99,140.98
O06426,C064,P36,1,47.99,2025-05-03 04:00:41,47.99,140.98
O06427,C370,P31,1,16.99,2026-01-12 17:18:09,16.99,211.98
O06427,C370,P22,1,194.99,2026-01-12 17:18:09,194.99,211.98
O06428,C337,P48,1,78.99,2025-06-03 04:03:44,78.99,284.98
O06428,C337,P23,1,205.99,2025-06-03 04:03:44,205.99,284.98
O06429,C316,P47,1,41.99,2025-09-29 21:59:41,41.99,41.99
O06430,C495,P18,1,44.99,2026-05-30 12:33:21,44.99,158.98
O06430,C495,P19,1,113.99,2026-05-30 12:33:21,113.99,158.98
O06431,C293,P21,1,196.99,2024-12-09 03:49:57,196.99,196.99
O06432,C327,P48,1,78.99,2025-12-07 10:19:01,78.99,78.99
O06433,C051,P01,1,345.99,2025-07-21 12:45:44,345.99,810.96
O06433,C051,P46,3,154.99,2025-07-21 12:45:44,464.97,810.96
O06434,C128,P21,2,196.99,2024-11-15 21:23:47,393.98,393.98
O06435,C075,P06,1,402.99,2025-09-30 02:27:52,402.99,402.99
O06436,C459,P40,1,10.99,2024-12-20 14:47:51,10.99,10.99
O06437,C225,P21,2,196.99,2024-09-14 21:18:32,393.98,393.98
O06438,C158,P19,1,113.99,2026-04-27 06:01:00,113.99,113.99
O06439,C418,P19,1,113.99,2026-01-22 14:47:31,113.99,113.99
O06440,C455,P23,1,205.99,2025-08-20 13:52:00,205.99,572.98
O06440,C455,P07,1,366.99,2025-08-20 13:52:53,366.99,572.98
O06441,C126,P16,1,30.99,2024-11-26 05:56:23,30.99,30.99
O06442,C101,P33,1,74.99,2024-08-10 14:47:22,74.99,74.99
O06443,C207,P22,1,194.99,2026-03-14 14:03:11,194.99,658.97
O06443,C207,P02,1,226.99,2026-03-14 14:03:11,226.99,658.97
O06443,C207,P30,1,236.99,2026-03-14 14:03:11,236.99,658.97
O06444,C480,P24,1,299.99,2026-02-19 20:43:22,299.99,299.99
O06445,C219,P24,2,299.99,2024-09-17 01:26:32,599.98,805.97
O06445,C219,P23,1,205.99,2024-09-17 01:26:32,205.99,805.97
O06446,C070,P42,1,58.99,2025-03-22 08:31:17,58.99,236.97
O06446,C070,P46,1,154.99,2025-03-22 08:31:17,154.99,236.97
O06446,C070,P17,1,22.99,2025-03-22 08:31:17,22.99,236.97
O06447,C386,P33,1,74.99,2026-04-06 06:36:27,74.99,145.98
O06447,C386,P14,1,70.99,2026-04-06 06:36:00,70.99,145.98
O06448,C199,P44,1,143.99,2024-08-19 00:56:04,143.99,236.98
O06448,C199,P10,1,92.99,2024-08-19 00:56:04,92.99,236.98
O06449,C055,P38,1,38.99,2025-03-24 06:33:56,38.99,109.98
O06449,C055,P14,1,70.99,2025-03-24 06:33:56,70.99,109.98
O06450,C329,P37,1,42.99,2026-02-08 02:36:06,42.99,80.97
O06450,C329,P15,2,18.99,2026-02-08 02:36:06,37.98,80.97
O06451,C489,P27,1,239.99,2026-04-23 15:56:38,239.99,239.99
O06452,C050,P27,1,239.99,2026-02-16 02:29:47,239.99,239.99
O06453,C053,P21,1,196.99,2025-07-15 16:27:45,196.99,196.99
O06454,C065,P09,1,34.99,2025-04-15 04:08:50,34.99,34.99
O06455,C315,P26,1,87.99,2024-12-19 16:06:58,87.99,286.98
O06455,C315,P28,1,198.99,2024-12-19 16:06:58,198.99,286.98
O06456,C250,P40,1,10.99,2026-05-19 06:04:13,10.99,10.99
O06457,C236,P09,1,34.99,2026-04-06 18:15:07,34.99,34.99
O06458,C407,P23,1,205.99,2026-05-10 21:27:51,205.99,205.99
O06459,C127,P34,2,53.99,2026-05-23 13:42:23,107.98,107.98
O06460,C165,P25,1,25.99,2025-05-09 13:40:49,25.99,25.99
O06461,C057,P35,1,57.99,2025-05-25 15:06:49,57.99,57.99
O06462,C212,P13,1,114.99,2024-11-16 02:55:47,114.99,348.96
O06462,C212,P19,1,113.99,2024-11-16 02:55:47,113.99,348.96
O06462,C212,P08,1,100.99,2024-11-16 02:55:47,100.99,348.96
O06462,C212,P15,1,18.99,2024-11-16 02:55:47,18.99,348.96
O06463,C366,P33,1,74.99,2025-11-06 18:26:54,74.99,274.98
O06463,C366,P29,1,199.99,2025-11-06 18:26:54,199.99,274.98
O06464,C382,P35,1,57.99,2026-02-28 22:20:19,57.99,150.98
O06464,C382,P10,1,92.99,2026-02-28 22:20:19,92.99,150.98
O06465,C438,P07,1,366.99,2026-07-04 06:39:35,366.99,444.98
O06465,C438,P49,1,77.99,2026-07-04 06:39:35,77.99,444.98
O06466,C167,P50,1,191.99,2025-07-14 15:30:17,191.99,679.97
O06466,C167,P23,1,205.99,2025-07-14 15:30:17,205.99,679.97
O06466,C167,P04,1,281.99,2025-07-14 15:30:17,281.99,679.97
O06467,C159,P43,1,138.99,2025-12-20 12:23:03,138.99,378.98
O06467,C159,P27,1,239.99,2025-12-20 12:23:03,239.99,378.98
O06468,C289,P18,1,44.99,2026-04-24 22:47:14,44.99,158.98
O06468,C289,P19,1,113.99,2026-04-24 22:47:14,113.99,158.98
O06469,C117,P34,1,53.99,2025-01-10 23:51:47,53.99,53.99
O06470,C473,P06,1,402.99,2026-05-10 20:15:16,402.99,1027.96
O06470,C473,P02,1,226.99,2026-05-10 20:15:16,226.99,1027.96
O06470,C473,P28,2,198.99,2026-05-10 20:15:16,397.98,1027.96
O06471,C313,P24,1,299.99,2026-03-22 19:28:26,299.99,617.97
O06471,C313,P27,1,239.99,2026-03-22 19:28:26,239.99,617.97
O06471,C313,P49,1,77.99,2026-03-22 19:28:26,77.99,617.97
O06472,C216,P39,1,21.99,2026-01-20 20:03:55,21.99,21.99
O06473,C193,P07,1,366.99,2025-05-11 21:31:29,366.99,366.99
O06474,C377,P31,2,16.99,2026-04-09 21:35:16,33.98,33.98
O06475,C384,P04,2,281.99,2025-12-25 03:33:11,563.98,1119.95
O06475,C384,P01,1,345.99,2025-12-25 03:33:11,345.99,1119.95
O06475,C384,P14,1,70.99,2025-12-25 03:33:11,70.99,1119.95
O06475,C384,P43,1,138.99,2025-12-25 03:33:11,138.99,1119.95
O06476,C378,P32,1,24.99,2026-02-24 05:30:47,24.99,254.97
O06476,C378,P13,2,114.99,2026-02-24 05:30:47,229.98,254.97
O06477,C418,P28,1,198.99,2026-06-15 01:13:05,198.99,374.97
O06477,C418,P26,2,87.99,2026-06-15 01:13:05,175.98,374.97
O06478,C360,P33,1,74.99,2025-07-24 16:59:17,74.99,74.99
O06479,C464,P20,2,96.99,2026-05-29 14:33:35,193.98,399.97
O06479,C464,P23,1,205.99,2026-05-29 14:33:35,205.99,399.97
O06480,C372,P38,1,38.99,2025-07-10 23:56:22,38.99,38.99
O06481,C051,P39,1,21.99,2024-12-29 19:05:29,21.99,489.96
O06481,C051,P19,2,113.99,2024-12-29 19:05:29,227.98,489.96
O06481,C051,P27,1,239.99,2024-12-29 19:05:29,239.99,489.96
O06482,C193,P37,1,42.99,2025-09-25 05:51:14,42.99,248.98
O06482,C193,P23,1,205.99,2025-09-25 05:51:14,205.99,248.98
O06483,C333,P09,1,34.99,2026-06-29 23:49:47,34.99,59.98
O06483,C333,P32,1,24.99,2026-06-29 23:49:47,24.99,59.98
O06484,C439,P10,1,92.99,2026-04-18 21:38:36,92.99,319.98
O06484,C439,P02,1,226.99,2026-04-18 21:38:36,226.99,319.98
O06485,C198,P04,2,281.99,2026-05-11 10:03:41,563.98,563.98
O06486,C469,P03,1,205.99,2025-04-17 03:06:00,205.99,247.98
O06486,C469,P47,1,41.99,2025-04-17 03:06:17,41.99,247.98
O06487,C433,P37,1,42.99,2026-02-01 07:13:21,42.99,42.99
O06488,C192,P49,1,77.99,2025-06-14 01:15:45,77.99,693.94
O06488,C192,P37,1,42.99,2025-06-14 01:15:45,42.99,693.94
O06488,C192,P27,1,239.99,2025-06-14 01:15:45,239.99,693.94
O06488,C192,P45,3,110.99,2025-06-14 01:15:45,332.97,693.94
O06489,C324,P04,1,281.99,2026-05-16 05:48:45,281.99,378.98
O06489,C324,P20,1,96.99,2026-05-16 05:48:45,96.99,378.98
O06490,C490,P49,1,77.99,2026-04-05 14:25:04,77.99,77.99
O06491,C211,P22,1,194.99,2025-06-27 04:07:40,194.99,291.98
O06491,C211,P20,1,96.99,2025-06-27 04:07:40,96.99,291.98
O06492,C144,P43,2,138.99,2025-12-04 03:22:47,277.98,277.98
O06493,C321,P37,2,42.99,2025-11-16 09:35:52,85.98,434.95
O06493,C321,P38,1,38.99,2025-11-16 09:35:52,38.99,434.95
O06493,C321,P46,2,154.99,2025-11-16 09:35:52,309.98,434.95
O06494,C092,P37,1,42.99,2026-03-09 01:02:33,42.99,660.96
O06494,C092,P03,3,205.99,2026-03-09 01:02:33,617.97,660.96
O06495,C016,P14,1,70.99,2026-03-07 02:36:43,70.99,70.99
O06496,C129,P14,1,70.99,2024-11-20 07:51:31,70.99,500.98
O06496,C129,P05,1,429.99,2024-11-20 07:51:31,429.99,500.98
O06497,C077,P33,1,74.99,2025-01-13 09:56:40,74.99,74.99
O06498,C247,P31,1,16.99,2026-03-10 12:10:54,16.99,16.99
O06499,C241,P19,1,113.99,2025-10-10 21:52:46,113.99,197.97
O06499,C241,P47,2,41.99,2025-10-10 21:52:46,83.98,197.97
O06500,C313,P32,2,24.99,2025-11-08 01:52:06,49.98,49.98
O06501,C278,P31,3,16.99,2025-12-21 02:45:21,50.97,437.95
O06501,C278,P50,1,191.99,2025-12-21 02:45:21,191.99,437.95
O06501,C278,P22,1,194.99,2025-12-21 02:45:21,194.99,437.95
O06502,C291,P04,1,281.99,2025-04-25 02:14:09,281.99,281.99
O06503,C373,P27,1,239.99,2026-05-25 18:24:52,239.99,239.99
O06504,C499,P31,1,16.99,2025-12-05 02:39:25,16.99,16.99
O06505,C180,P45,1,110.99,2025-06-21 13:20:59,110.99,309.98
O06505,C180,P28,1,198.99,2025-06-21 13:20:59,198.99,309.98
O06506,C428,P49,1,77.99,2026-02-07 06:28:32,77.99,77.99
O06507,C050,P38,1,38.99,2025-11-17 14:07:11,38.99,38.99
O06508,C100,P32,1,24.99,2026-02-22 20:55:38,24.99,50.98
O06508,C100,P25,1,25.99,2026-02-22 20:55:38,25.99,50.98
O06509,C341,P11,1,91.99,2026-05-04 15:40:00,91.99,91.99
O06510,C296,P12,1,100.99,2026-03-01 05:47:17,100.99,100.99
O06511,C435,P15,1,18.99,2025-10-07 06:00:44,18.99,123.96
O06511,C435,P39,1,21.99,2025-10-07 06:00:44,21.99,123.96
O06511,C435,P35,1,57.99,2025-10-07 06:00:44,57.99,123.96
O06511,C435,P32,1,24.99,2025-10-07 06:00:44,24.99,123.96
O06512,C147,P39,1,21.99,2025-04-26 10:53:36,21.99,21.99
O06513,C391,P20,1,96.99,2026-03-12 13:34:41,96.99,118.98
O06513,C391,P39,1,21.99,2026-12-03 13:34:41,21.99,118.98
O06514,C140,P47,1,41.99,2025-10-06 06:44:11,41.99,41.99
O06515,C086,P44,1,143.99,2025-03-15 12:32:30,143.99,143.99
O06516,C188,P19,1,113.99,2025-03-10 23:50:31,113.99,310.98
O06516,C188,P21,1,196.99,2025-03-10 23:50:31,196.99,310.98
O06517,C198,P48,2,78.99,2026-03-24 06:00:37,157.98,157.98
O06518,C148,P12,1,100.99,2024-11-28 16:07:14,100.99,100.99
O06519,C236,P26,1,87.99,2025-03-09 08:04:08,87.99,87.99
O06520,C123,P18,1,44.99,2025-11-23 11:46:48,44.99,44.99
O06521,C162,P07,1,366.99,2025-03-08 23:41:41,366.99,366.99
O06522,C292,P43,1,138.99,2024-11-08 13:27:11,138.99,138.99
O06523,C225,P33,2,74.99,2025-05-01 06:35:09,149.98,448.96
O06523,C225,P04,1,281.99,2025-05-01 06:35:09,281.99,448.96
O06523,C225,P31,1,16.99,2025-05-01 06:35:09,16.99,448.96
O06524,C162,P18,1,44.99,2025-07-28 22:33:43,44.99,145.98
O06524,C162,P08,1,100.99,2025-07-28 22:33:43,100.99,145.98
O06525,C123,P43,1,138.99,2025-10-03 12:39:30,138.99,216.98
O06525,C123,P49,1,77.99,2025-10-03 12:39:30,77.99,216.98
O06526,C387,P13,1,114.99,2026-02-25 06:15:32,114.99,114.99
O06527,C420,P26,1,87.99,2025-11-24 16:13:35,87.99,141.98
O06527,C420,P34,1,53.99,2025-11-24 16:13:35,53.99,141.98
O06528,C177,P28,2,198.99,2025-07-17 14:13:35,397.98,822.96
O06528,C177,P35,1,57.99,2025-07-17 14:13:35,57.99,822.96
O06528,C177,P07,1,366.99,2025-07-17 14:13:35,366.99,822.96
O06529,C073,P39,1,21.99,2024-12-14 01:31:51,21.99,776.95
O06529,C073,P46,1,154.99,2024-12-14 01:31:51,154.99,776.95
O06529,C073,P41,3,199.99,2024-12-14 01:31:51,599.97,776.95
O06530,C120,P34,1,53.99,2025-12-08 11:08:07,53.99,280.98
O06530,C120,P02,1,226.99,2025-12-08 11:08:07,226.99,280.98
O06531,C473,P14,2,70.99,2026-05-18 12:01:42,141.98,141.98
O06532,C091,P26,1,87.99,2025-09-29 19:46:22,87.99,87.99
O06533,C369,P06,2,402.99,2025-07-31 21:40:27,805.98,805.98
O06534,C231,P35,1,57.99,2025-04-08 14:47:28,57.99,497.97
O06534,C231,P27,1,239.99,2025-04-08 14:47:28,239.99,497.97
O06534,C231,P29,1,199.99,2025-04-08 14:47:28,199.99,497.97
O06535,C039,P37,1,42.99,2025-08-04 02:38:02,42.99,42.99
O06536,C465,P03,1,205.99,2025-06-14 18:57:36,205.99,205.99
O06537,C355,P17,1,22.99,2025-11-04 01:42:27,22.99,22.99
O06538,C061,P36,1,47.99,2024-08-24 07:15:09,47.99,47.99
O06539,C256,P50,1,191.99,2024-11-22 11:06:33,191.99,213.98
O06539,C256,P39,1,21.99,2024-11-22 11:06:33,21.99,213.98
O06540,C210,P02,1,226.99,2025-12-16 02:13:09,226.99,314.98
O06540,C210,P26,1,87.99,2025-12-16 02:13:09,87.99,314.98
O06541,C242,P36,1,47.99,2024-11-19 14:25:54,47.99,47.99
O06542,C392,P03,1,205.99,2026-03-24 12:42:44,205.99,551.98
O06542,C392,P01,1,345.99,2026-03-24 12:42:44,345.99,551.98
O06543,C347,P23,1,205.99,2026-03-08 07:32:41,205.99,259.98
O06543,C347,P34,1,53.99,2026-03-08 07:32:41,53.99,259.98
O06545,C292,P21,1,196.99,2024-11-11 22:17:41,196.99,307.98
O06545,C292,P45,1,110.99,2024-11-11 22:17:41,110.99,307.98
O06546,C447,P48,1,78.99,2025-12-06 00:19:32,78.99,97.98
O06546,C447,P15,1,18.99,2025-12-06 00:19:32,18.99,97.98
O06547,C192,P25,1,25.99,2024-12-22 09:50:20,25.99,25.99
O06548,C317,P47,2,41.99,2025-12-22 03:45:03,83.98,83.98
O06549,C310,P45,1,110.99,2025-12-23 14:09:09,110.99,110.99
O06550,C446,P21,1,196.99,2026-06-14 23:43:05,196.99,227.98
O06550,C446,P16,1,30.99,2026-06-14 23:43:05,30.99,227.98
O06551,C076,P04,2,281.99,2025-07-02 04:29:49,563.98,563.98
O06552,C244,P28,1,198.99,2026-02-12 19:30:48,198.99,352.97
O06552,C244,P45,1,110.99,2026-02-12 19:30:48,110.99,352.97
O06552,C244,P37,1,42.99,2026-02-12 19:30:48,42.99,352.97
O06553,C164,P42,1,58.99,2024-10-12 11:15:55,58.99,80.98
O06553,C164,P39,1,21.99,2024-10-12 11:15:55,21.99,80.98
O06554,C223,P03,1,205.99,2025-07-19 02:09:48,205.99,1312.94
O06554,C223,P32,1,24.99,2025-07-19 02:09:48,24.99,1312.94
O06554,C223,P22,2,194.99,2025-07-19 02:09:48,389.98,1312.94
O06554,C223,P01,2,345.99,2025-07-19 02:09:48,691.98,1312.94
O06555,C351,P23,2,205.99,2025-01-20 11:23:33,411.98,516.95
O06555,C351,P37,2,42.99,2025-01-20 11:23:33,85.98,516.95
O06555,C351,P15,1,18.99,2025-01-20 11:23:33,18.99,516.95
O06556,C074,P22,1,194.99,2026-03-06 08:20:22,194.99,366.97
O06556,C074,P12,1,100.99,2026-03-06 08:20:22,100.99,366.97
O06556,C074,P14,1,70.99,2026-03-06 08:20:22,70.99,366.97
O06557,C275,P40,1,10.99,2026-06-23 09:17:49,10.99,10.99
O06558,C293,P37,1,42.99,2025-09-12 20:05:58,42.99,42.99
O06559,C107,P38,1,38.99,2026-05-10 07:35:05,38.99,38.99
O06560,C468,P49,1,77.99,2026-02-19 00:22:47,77.99,276.98
O06560,C468,P28,1,198.99,2026-02-19 00:22:47,198.99,276.98
O06561,C007,P05,1,429.99,2026-02-08 06:26:57,429.99,429.99
O06562,C266,P42,1,58.99,2026-02-21 09:02:45,58.99,589.97
O06562,C266,P08,1,100.99,2026-02-21 09:02:45,100.99,589.97
O06562,C266,P05,1,429.99,2026-02-21 09:02:45,429.99,589.97
O06563,C193,P05,1,429.99,2025-09-14 19:14:53,429.99,474.98
O06563,C193,P18,1,44.99,2025-09-14 19:14:53,44.99,474.98
O06564,C456,P37,1,42.99,2026-07-05 16:37:38,42.99,130.98
O06564,C456,P26,1,87.99,2026-05-07 16:37:38,87.99,130.98
O06565,C481,P24,1,299.99,2025-11-29 20:11:35,299.99,299.99
O06566,C258,P13,1,114.99,2025-02-26 10:24:55,114.99,114.99
O06567,C293,P47,1,41.99,2024-09-30 20:26:03,41.99,41.99
O06568,C382,P36,1,47.99,2026-07-05 18:26:20,47.99,47.99
O06569,C499,P28,1,198.99,2025-05-22 00:38:55,198.99,198.99
O06570,C158,P42,2,58.99,2025-05-29 19:49:11,117.98,543.96
O06570,C158,P04,1,281.99,2025-05-29 19:49:11,281.99,543.96
O06570,C158,P44,1,143.99,2025-05-29 19:49:11,143.99,543.96
O06571,C272,P02,2,226.99,2025-06-09 10:25:24,453.98,453.98
O06573,C185,P50,1,191.99,2024-07-14 03:08:53,191.99,377.97
O06573,C185,P44,1,143.99,2024-07-14 03:08:53,143.99,377.97
O06573,C185,P47,1,41.99,2024-07-14 03:08:53,41.99,377.97
O06574,C322,P24,1,299.99,2026-03-23 12:27:53,299.99,299.99
O06575,C179,P45,1,110.99,2025-10-20 16:54:23,110.99,347.98
O06575,C179,P30,1,236.99,2025-10-20 16:54:23,236.99,347.98
O06576,C457,P38,1,38.99,2025-12-05 15:36:44,38.99,524.96
O06576,C457,P07,1,366.99,2025-12-05 15:36:44,366.99,524.96
O06576,C457,P39,1,21.99,2025-12-05 15:36:44,21.99,524.96
O06576,C457,P20,1,96.99,2025-12-05 15:36:44,96.99,524.96
O06577,C304,P45,1,110.99,2025-03-02 06:20:55,110.99,110.99
O06578,C398,P08,1,100.99,2026-03-23 12:51:54,100.99,100.99
O06579,C234,P50,1,191.99,2025-04-26 08:31:04,191.99,389.97
O06579,C234,P20,1,96.99,2025-04-26 08:31:04,96.99,389.97
O06579,C234,P12,1,100.99,2025-04-26 08:31:04,100.99,389.97
O06580,C052,P42,1,58.99,2024-09-10 20:37:03,58.99,58.99
O06581,C345,P36,1,47.99,2025-09-01 15:28:12,47.99,831.95
O06581,C345,P07,2,366.99,2025-09-01 15:28:12,733.98,831.95
O06581,C345,P15,1,18.99,2025-09-01 09:58:12,18.99,831.95
O06581,C345,P16,1,30.99,2025-09-01 15:28:12,30.99,831.95
O06582,C135,P50,1,191.99,2025-03-08 05:15:31,191.99,537.98
O06582,C135,P01,1,345.99,2025-03-08 05:15:31,345.99,537.98
O06583,C410,P10,1,92.99,2025-10-08 05:32:28,92.99,92.99
O06584,C214,P03,1,205.99,2025-01-21 17:25:26,205.99,284.98
O06584,C214,P48,1,78.99,2025-01-21 17:25:26,78.99,284.98
O06585,C284,P37,2,42.99,2024-08-11 01:45:23,85.98,430.96
O06585,C284,P43,1,138.99,2024-08-11 01:45:23,138.99,430.96
O06585,C284,P23,1,205.99,2024-08-11 01:45:23,205.99,430.96
O06586,C060,P06,2,402.99,2025-01-28 11:55:57,805.98,805.98
O06587,C139,P22,1,194.99,2024-12-03 17:44:47,194.99,547.96
O06587,C139,P30,1,236.99,2024-12-03 17:44:47,236.99,547.96
O06587,C139,P35,2,57.99,2024-12-03 17:44:47,115.98,547.96
O06588,C233,P47,1,41.99,2025-10-24 22:51:17,41.99,775.97
O06588,C233,P07,2,366.99,2025-10-24 22:51:17,733.98,775.97
O06589,C267,P41,2,199.99,2026-03-10 03:22:42,399.98,399.98
O06591,C019,P10,2,92.99,2024-07-07 13:58:23,185.98,185.98
O06592,C201,P21,1,196.99,2025-04-30 17:23:18,196.99,669.96
O06592,C201,P43,2,138.99,2025-04-30 17:23:18,277.98,669.96
O06592,C201,P22,1,194.99,2025-04-30 17:23:18,194.99,669.96
O06593,C113,P40,2,10.99,2025-07-03 15:27:27,21.98,21.98
O06594,C317,P50,1,191.99,2025-12-28 05:42:14,191.99,191.99
O06595,C120,P12,1,100.99,2026-03-31 17:06:53,100.99,100.99
O06596,C498,P42,1,58.99,2025-11-29 09:39:41,58.99,58.99
O06597,C160,P14,1,70.99,2025-03-22 05:35:33,70.99,70.99
O06598,C276,P06,1,402.99,2026-05-12 21:23:48,402.99,402.99
O06599,C043,P08,1,100.99,2025-11-01 02:43:12,100.99,100.99
O06600,C485,P31,1,16.99,2025-07-27 00:10:31,16.99,131.98
O06600,C485,P13,1,114.99,2025-07-27 00:10:31,114.99,131.98
O06601,C426,P15,1,18.99,2026-01-21 06:28:10,18.99,210.98
O06601,C426,P50,1,191.99,2026-01-21 06:28:10,191.99,210.98
O06602,C057,P27,1,239.99,2025-06-19 12:04:39,239.99,287.98
O06602,C057,P36,1,47.99,2025-06-19 12:04:39,47.99,287.98
O06603,C268,P43,1,138.99,2025-08-16 21:33:59,138.99,354.97
O06603,C268,P13,1,114.99,2025-08-16 21:33:59,114.99,354.97
O06603,C268,P08,1,100.99,2025-08-16 21:33:59,100.99,354.97
O06604,C349,P29,1,199.99,2025-12-17 09:00:33,199.99,199.99
O06605,C444,P27,1,239.99,2025-12-25 19:30:09,239.99,606.98
O06605,C444,P07,1,366.99,2025-12-25 14:00:09,366.99,606.98
O06606,C175,P25,2,25.99,2025-05-10 18:36:51,51.98,227.96
O06606,C175,P08,1,100.99,2025-05-10 18:36:51,100.99,227.96
O06606,C175,P33,1,74.99,2025-05-10 18:36:51,74.99,227.96
O06607,C169,P22,1,194.99,2024-10-26 16:02:00,194.99,194.99
O06608,C300,P09,1,34.99,2026-04-04 21:08:18,34.99,34.99
O06609,C222,P28,1,198.99,2024-12-09 17:16:00,198.99,198.99
O06610,C045,P25,1,25.99,2025-11-15 01:57:53,25.99,48.98
O06610,C045,P17,1,22.99,2025-11-15 01:57:53,22.99,48.98
O06611,C157,P12,1,100.99,2025-01-26 07:31:44,100.99,994.96
O06611,C157,P02,1,226.99,2025-01-26 07:31:44,226.99,994.96
O06611,C157,P07,1,366.99,2025-01-26 07:31:44,366.99,994.96
O06611,C157,P24,1,299.99,2025-01-26 07:31:44,299.99,994.96
O06612,C195,P15,1,18.99,2025-11-21 09:04:22,18.99,380.95
O06612,C195,P13,3,114.99,2025-11-21 09:04:22,344.97,380.95
O06612,C195,P31,1,16.99,2025-11-21 09:04:22,16.99,380.95
O06613,C371,P33,1,74.99,2025-12-15 06:17:04,74.99,504.98
O06613,C371,P05,1,429.99,2025-12-15 06:17:04,429.99,504.98
O06614,C057,P20,1,96.99,2025-09-11 15:41:06,96.99,302.98
O06614,C057,P23,1,205.99,2025-09-11 15:41:06,205.99,302.98
O06615,C051,P50,1,191.99,2024-12-25 22:41:22,191.99,191.99
O06616,C250,P30,1,236.99,2026-02-26 12:35:02,236.99,469.95
O06616,C250,P12,1,100.99,2026-02-26 12:35:02,100.99,469.95
O06616,C250,P39,2,21.99,2026-02-26 12:35:02,43.98,469.95
O06616,C250,P26,1,87.99,2026-02-26 12:35:02,87.99,469.95
O06617,C132,P35,1,57.99,2024-12-11 16:33:56,57.99,57.99
O06618,C072,P02,1,226.99,2026-02-26 22:10:12,226.99,248.98
O06618,C072,P39,1,21.99,2026-02-26 22:10:12,21.99,248.98
O06619,C009,P22,1,194.99,2025-12-28 23:59:24,194.99,194.99
O06620,C012,P46,1,154.99,2025-11-13 12:42:00,154.99,154.99
O06621,C346,P31,1,16.99,2026-05-05 01:32:05,16.99,106.97
O06621,C346,P15,1,18.99,2026-05-05 01:32:05,18.99,106.97
O06621,C346,P14,1,70.99,2026-05-05 01:32:05,70.99,106.97
O06622,C194,P14,1,70.99,2024-12-10 04:51:29,70.99,70.99
O06623,C114,P14,1,70.99,2026-02-02 19:54:20,70.99,70.99
O06624,C333,P30,1,236.99,2026-03-26 01:21:37,236.99,236.99
O06625,C108,P43,1,138.99,2025-01-28 04:10:26,138.99,438.98
O06625,C108,P24,1,299.99,2025-01-28 04:10:26,299.99,438.98
O06626,C495,P37,1,42.99,2026-05-14 11:55:13,42.99,586.96
O06626,C495,P30,1,236.99,2026-05-14 11:55:13,236.99,586.96
O06626,C495,P13,1,114.99,2026-05-14 11:55:13,114.99,586.96
O06626,C495,P50,1,191.99,2026-05-14 11:55:13,191.99,586.96
O06627,C415,P41,1,199.99,2025-11-16 13:18:09,199.99,199.99
O06628,C032,P11,1,91.99,2025-12-01 19:35:39,91.99,328.98
O06628,C032,P30,1,236.99,2025-12-01 19:35:39,236.99,328.98
O06629,C161,P25,1,25.99,2024-09-24 20:44:15,25.99,25.99
O06630,C406,P28,1,198.99,2024-09-07 19:54:05,198.99,498.98
O06630,C406,P24,1,299.99,2024-09-07 19:54:05,299.99,498.98
O06631,C499,P12,1,100.99,2025-12-07 05:44:23,100.99,505.97
O06631,C499,P28,1,198.99,2025-12-07 05:44:23,198.99,505.97
O06631,C499,P03,1,205.99,2025-12-07 05:44:00,205.99,505.97
O06632,C295,P24,2,299.99,2025-11-11 05:12:33,599.98,599.98
O06633,C312,P37,1,42.99,2026-04-26 06:34:41,42.99,236.97
O06633,C312,P20,2,96.99,2026-04-26 06:34:41,193.98,236.97
O06634,C290,P32,1,24.99,2024-11-14 10:04:41,24.99,24.99
O06635,C306,P21,1,196.99,2025-07-14 14:29:22,196.99,196.99
O06636,C264,P22,1,194.99,2026-02-15 16:43:56,194.99,393.98
O06636,C264,P28,1,198.99,2026-02-15 16:43:56,198.99,393.98
O06637,C252,P06,1,402.99,2025-04-12 11:49:29,402.99,402.99
O06638,C041,P49,2,77.99,2024-11-14 20:04:15,155.98,155.98
O06639,C495,P44,1,143.99,2026-03-02 11:50:13,143.99,166.98
O06639,C495,P17,1,22.99,2026-03-02 11:50:13,22.99,166.98
O06640,C378,P22,1,194.99,2025-11-30 10:18:43,194.99,272.98
O06640,C378,P49,1,77.99,2025-11-30 10:18:43,77.99,272.98
O06641,C260,P34,3,53.99,2025-07-29 20:14:39,161.97,161.97
O06642,C288,P14,2,70.99,2025-11-23 11:09:23,141.98,564.95
O06642,C288,P03,2,205.99,2025-11-23 11:09:23,411.98,564.95
O06642,C288,P40,1,10.99,2025-11-23 11:09:23,10.99,564.95
O06643,C478,P13,1,114.99,2026-02-09 05:04:22,114.99,114.99
O06644,C147,P28,1,198.99,2025-12-29 13:54:01,198.99,298.97
O06644,C147,P35,1,57.99,2025-12-29 13:54:01,57.99,298.97
O06644,C147,P47,1,41.99,2025-12-29 13:54:01,41.99,298.97
O06645,C078,P31,2,16.99,2026-06-11 08:30:06,33.98,902.94
O06645,C078,P50,1,191.99,2026-06-11 08:30:06,191.99,902.94
O06645,C078,P21,1,196.99,2026-06-11 08:30:06,196.99,902.94
O06645,C078,P27,2,239.99,2026-06-11 08:30:06,479.98,902.94
O06646,C020,P46,1,154.99,2026-01-04 00:10:11,154.99,295.96
O06646,C020,P09,2,34.99,2026-01-04 00:10:11,69.98,295.96
O06646,C020,P14,1,70.99,2026-01-04 00:10:11,70.99,295.96
O06647,C050,P13,1,114.99,2026-02-28 13:38:32,114.99,114.99
O06648,C182,P27,1,239.99,2026-04-16 03:16:08,239.99,458.97
O06648,C182,P15,1,18.99,2026-04-16 03:16:08,18.99,458.97
O06648,C182,P41,1,199.99,2026-04-16 03:16:08,199.99,458.97
O06649,C059,P22,1,194.99,2024-12-30 10:12:58,194.99,194.99
O06650,C137,P29,1,199.99,2025-01-23 19:25:31,199.99,224.98
O06650,C137,P32,1,24.99,2025-01-23 19:25:31,24.99,224.98
O06651,C393,P49,1,77.99,2026-05-02 02:43:07,77.99,99.98
O06651,C393,P39,1,21.99,2026-05-02 02:43:07,21.99,99.98
O06652,C275,P26,1,87.99,2025-01-02 06:58:11,87.99,202.98
O06652,C275,P13,1,114.99,2025-01-02 06:58:11,114.99,202.98
O06653,C213,P48,1,78.99,2025-10-15 01:13:12,78.99,121.98
O06653,C213,P37,1,42.99,2025-10-15 01:13:12,42.99,121.98
O06654,C449,P16,1,30.99,2026-03-28 10:28:05,30.99,131.98
O06654,C449,P12,1,100.99,2026-03-28 10:28:05,100.99,131.98
O06655,C182,P36,1,47.99,2024-12-30 10:08:29,47.99,504.95
O06655,C182,P47,1,41.99,2024-12-30 10:08:29,41.99,504.95
O06655,C182,P31,1,16.99,2024-12-30 10:08:29,16.99,504.95
O06655,C182,P28,2,198.99,2024-12-30 10:08:29,397.98,504.95
O06656,C450,P38,1,38.99,2025-08-14 13:18:01,38.99,414.96
O06656,C450,P15,1,18.99,2025-08-14 13:18:01,18.99,414.96
O06656,C450,P01,1,345.99,2025-08-14 13:18:01,345.99,414.96
O06656,C450,P40,1,10.99,2025-08-14 13:18:01,10.99,414.96
O06657,C041,P28,2,198.99,2025-10-04 11:00:30,397.98,472.95
O06657,C041,P32,3,24.99,2025-10-04 11:00:30,74.97,472.95
O06658,C292,P07,3,366.99,2025-09-08 18:13:42,1100.97,1143.96
O06658,C292,P37,1,42.99,2025-09-08 18:13:42,42.99,1143.96
O06659,C459,P30,1,236.99,2025-11-29 09:35:52,236.99,307.97
O06659,C459,P18,1,44.99,2025-11-29 09:35:52,44.99,307.97
O06659,C459,P25,1,25.99,2025-11-29 09:35:52,25.99,307.97
O06660,C307,P24,1,299.99,2026-01-18 00:02:09,299.99,299.99
O06661,C254,P14,2,70.99,2026-02-17 10:33:48,141.98,141.98
O06662,C472,P31,1,16.99,2025-12-15 10:13:12,16.99,16.99
O06663,C259,P28,1,198.99,2025-12-24 18:38:25,198.99,198.99
O06664,C415,P48,1,78.99,2026-04-10 17:23:52,78.99,123.98
O06664,C415,P18,1,44.99,2026-04-10 11:53:52,44.99,123.98
O06665,C083,P23,1,205.99,2026-04-18 01:45:42,205.99,283.98
O06665,C083,P49,1,77.99,2026-04-18 01:45:42,77.99,283.98
O06666,C130,P47,1,41.99,2026-02-12 06:50:39,41.99,485.97
O06666,C130,P24,1,299.99,2026-02-12 06:50:39,299.99,485.97
O06666,C130,P44,1,143.99,2026-02-12 06:50:39,143.99,485.97
O06667,C175,P14,1,70.99,2025-02-22 15:04:42,70.99,70.99
O06668,C339,P36,2,47.99,2026-03-26 14:21:36,95.98,95.98
O06669,C280,P39,3,21.99,2026-06-27 10:35:24,65.97,295.95
O06669,C280,P13,2,114.99,2026-06-27 10:35:24,229.98,295.95
O06670,C154,P18,1,44.99,2024-11-27 05:12:06,44.99,44.99
O06671,C086,P36,1,47.99,2025-12-12 05:22:45,47.99,452.97
O06671,C086,P28,1,198.99,2025-12-12 05:22:45,198.99,452.97
O06671,C086,P03,1,205.99,2025-12-12 05:22:45,205.99,452.97
O06672,C388,P18,1,44.99,2026-05-16 16:06:35,44.99,44.99
O06673,C295,P38,1,38.99,2026-03-12 23:46:46,38.99,437.96
O06673,C295,P08,2,100.99,2026-03-12 23:46:46,201.98,437.96
O06673,C295,P21,1,196.99,2026-03-12 23:46:46,196.99,437.96
O06674,C150,P06,1,402.99,2024-07-06 01:35:22,402.99,402.99
O06675,C346,P39,1,21.99,2026-03-12 20:17:45,21.99,21.99
O06676,C466,P11,1,91.99,2025-11-24 13:16:04,91.99,428.97
O06676,C466,P27,1,239.99,2025-11-24 13:16:04,239.99,428.97
O06676,C466,P20,1,96.99,2025-11-24 13:16:00,96.99,428.97
O06677,C113,P14,1,70.99,2025-11-26 23:55:11,70.99,70.99
O06678,C371,P06,1,402.99,2025-10-12 09:08:16,402.99,402.99
O06679,C363,P37,1,42.99,2025-11-06 04:23:43,42.99,42.99
O06680,C422,P41,1,199.99,2026-02-16 12:33:41,199.99,199.99
O06681,C407,P37,1,42.99,2026-05-26 13:32:54,42.99,42.99
O06682,C332,P50,1,191.99,2026-05-06 05:09:19,191.99,243.97
O06682,C332,P25,2,25.99,2026-05-06 05:09:19,51.98,243.97
O06683,C453,P01,1,345.99,2025-08-28 17:02:38,345.99,459.97
O06683,C453,P11,1,91.99,2025-08-28 17:02:38,91.99,459.97
O06683,C453,P39,1,21.99,2025-08-28 17:02:38,21.99,459.97
O06684,C311,P44,1,143.99,2025-06-06 07:22:55,143.99,351.97
O06684,C311,P21,1,196.99,2025-06-06 07:22:55,196.99,351.97
O06684,C311,P40,1,10.99,2025-06-06 07:22:55,10.99,351.97
O06685,C121,P14,1,70.99,2024-10-20 01:08:42,70.99,126.97
O06685,C121,P16,1,30.99,2024-10-20 01:08:42,30.99,126.97
O06685,C121,P32,1,24.99,2024-10-20 01:08:42,24.99,126.97
O06686,C158,P23,1,205.99,2026-04-04 07:29:48,205.99,205.99
O06687,C093,P03,1,205.99,2025-12-21 06:29:05,205.99,205.99
O06688,C166,P12,1,100.99,2024-12-07 07:01:00,100.99,100.99
O06689,C196,P05,2,429.99,2025-09-13 13:17:28,859.98,974.97
O06689,C196,P13,1,114.99,2025-09-13 13:17:28,114.99,974.97
O06690,C473,P40,3,10.99,2025-05-08 02:38:26,32.97,146.96
O06690,C473,P19,1,113.99,2025-05-08 02:38:26,113.99,146.96
O06691,C355,P06,1,402.99,2025-07-15 04:26:41,402.99,402.99
O06692,C453,P14,2,70.99,2025-09-22 18:56:53,141.98,259.96
O06692,C453,P42,2,58.99,2025-09-22 18:56:53,117.98,259.96
O06693,C355,P22,1,194.99,2025-11-25 07:04:22,194.99,309.98
O06693,C355,P13,1,114.99,2025-11-25 07:04:22,114.99,309.98
O06694,C046,P13,1,114.99,2024-11-29 09:26:56,114.99,712.97
O06694,C046,P22,1,194.99,2024-11-29 09:26:56,194.99,712.97
O06694,C046,P06,1,402.99,2024-11-29 09:26:56,402.99,712.97
O06695,C264,P44,1,143.99,2025-12-16 04:13:08,143.99,311.97
O06695,C264,P14,1,70.99,2025-12-16 04:13:08,70.99,311.97
O06695,C264,P20,1,96.99,2025-12-16 04:13:08,96.99,311.97
O06696,C367,P39,1,21.99,2026-02-14 19:36:13,21.99,261.98
O06696,C367,P27,1,239.99,2026-02-14 19:36:13,239.99,261.98
O06697,C162,P43,1,138.99,2025-08-20 20:14:22,138.99,138.99
O06698,C001,P19,2,113.99,2026-06-17 12:18:00,227.98,1241.94
O06698,C001,P06,2,402.99,2026-06-17 12:18:00,805.98,1241.94
O06698,C001,P10,1,92.99,2026-06-17 12:18:00,92.99,1241.94
O06698,C001,P13,1,114.99,2026-06-17 12:18:00,114.99,1241.94
O06699,C144,P01,2,345.99,2024-08-11 09:16:29,691.98,891.97
O06699,C144,P29,1,199.99,2024-08-11 09:16:29,199.99,891.97
O06700,C205,P42,1,58.99,2024-11-24 15:40:01,58.99,292.95
O06700,C205,P18,2,44.99,2024-11-24 15:40:01,89.98,292.95
O06700,C205,P37,1,42.99,2024-11-24 15:40:01,42.99,292.95
O06700,C205,P08,1,100.99,2024-11-24 15:40:01,100.99,292.95
O06701,C486,P20,2,96.99,2026-02-15 12:12:52,193.98,522.96
O06701,C486,P11,1,91.99,2026-02-15 12:12:52,91.99,522.96
O06701,C486,P30,1,236.99,2026-02-15 12:12:52,236.99,522.96
O06702,C448,P13,1,114.99,2025-09-08 08:43:20,114.99,165.97
O06702,C448,P25,1,25.99,2025-09-08 08:43:20,25.99,165.97
O06702,C448,P32,1,24.99,2025-09-08 08:43:20,24.99,165.97
O06703,C313,P41,2,199.99,2026-06-19 15:42:19,399.98,399.98
O06704,C096,P06,1,402.99,2025-03-23 16:26:45,402.99,402.99
O06705,C106,P47,2,41.99,2024-12-03 15:39:49,83.98,131.97
O06705,C106,P36,1,47.99,2024-12-03 10:09:49,47.99,131.97
O06706,C425,P31,1,16.99,2025-10-27 05:41:26,16.99,117.98
O06706,C425,P08,1,100.99,2025-10-27 05:41:26,100.99,117.98
O06707,C152,P23,1,205.99,2026-02-25 09:39:06,205.99,500.96
O06707,C152,P08,1,100.99,2026-02-25 09:39:06,100.99,500.96
O06707,C152,P20,2,96.99,2026-02-25 09:39:06,193.98,500.96
O06708,C500,P38,3,38.99,2025-12-28 01:50:13,116.97,313.96
O06708,C500,P21,1,196.99,2025-12-28 01:50:13,196.99,313.96
O06709,C015,P33,1,74.99,2026-01-21 16:56:11,74.99,354.97
O06709,C015,P30,1,236.99,2026-01-21 16:56:11,236.99,354.97
O06709,C015,P37,1,42.99,2026-01-21 16:56:11,42.99,354.97
O06710,C044,P44,2,143.99,2025-12-15 18:58:24,287.98,287.98
O06711,C315,P29,1,199.99,2024-11-30 06:10:46,199.99,199.99
O06712,C024,P28,1,198.99,2026-04-16 16:21:50,198.99,933.96
O06712,C024,P37,1,42.99,2026-04-16 16:21:50,42.99,933.96
O06712,C024,P01,2,345.99,2026-04-16 16:21:50,691.98,933.96
O06713,C114,P47,1,41.99,2024-12-28 23:30:47,41.99,198.97
O06713,C114,P49,1,77.99,2024-12-28 23:30:47,77.99,198.97
O06713,C114,P48,1,78.99,2024-12-28 23:30:47,78.99,198.97
O06714,C109,P34,1,53.99,2024-07-27 20:08:57,53.99,53.99
O06715,C492,P07,1,366.99,2025-11-09 18:53:21,366.99,477.98
O06715,C492,P45,1,110.99,2025-11-09 18:53:21,110.99,477.98
O06716,C079,P03,1,205.99,2026-06-20 01:29:09,205.99,205.99
O06717,C125,P35,1,57.99,2025-03-09 17:09:14,57.99,57.99
O06718,C184,P40,1,10.99,2024-09-04 22:07:15,10.99,49.98
O06718,C184,P38,1,38.99,2024-09-04 22:07:15,38.99,49.98
O06719,C471,P11,1,91.99,2026-05-09 17:52:42,91.99,91.99
O06720,C240,P26,1,87.99,2025-03-26 14:34:52,87.99,87.99
O06721,C283,P49,1,77.99,2025-12-01 05:08:37,77.99,317.98
O06721,C283,P27,1,239.99,2025-12-01 05:08:37,239.99,317.98
O06722,C352,P13,1,114.99,2025-06-18 16:24:21,114.99,114.99
O06723,C207,P44,1,143.99,2024-11-09 00:24:33,143.99,143.99
O06724,C433,P08,1,100.99,2026-04-21 09:51:36,100.99,139.98
O06724,C433,P38,1,38.99,2026-04-21 09:51:36,38.99,139.98
O06725,C026,P01,1,345.99,2024-11-16 18:32:05,345.99,345.99
O06726,C266,P19,2,113.99,2024-12-22 20:13:37,227.98,227.98
O06727,C297,P41,1,199.99,2025-11-29 03:48:04,199.99,399.98
O06727,C297,P29,1,199.99,2025-11-29 03:48:04,199.99,399.98
O06728,C100,P18,2,44.99,2024-07-23 10:00:29,89.98,132.97
O06728,C100,P37,1,42.99,2024-07-23 10:00:29,42.99,132.97
O06729,C145,P38,1,38.99,2024-12-27 05:28:06,38.99,173.97
O06729,C145,P11,1,91.99,2024-12-27 05:28:06,91.99,173.97
O06729,C145,P37,1,42.99,2024-12-27 05:28:06,42.99,173.97
O06730,C362,P27,1,239.99,2025-12-23 20:16:48,239.99,786.97
O06730,C362,P06,1,402.99,2025-12-23 20:16:48,402.99,786.97
O06730,C362,P44,1,143.99,2025-12-23 20:16:48,143.99,786.97
O06731,C210,P34,1,53.99,2026-01-11 08:53:03,53.99,437.97
O06731,C210,P50,2,191.99,2026-01-11 08:53:03,383.98,437.97
O06732,C484,P33,1,74.99,2026-05-05 20:27:14,74.99,74.99
O06733,C251,P19,1,113.99,2024-07-17 23:20:30,113.99,543.98
O06733,C251,P05,1,429.99,2024-07-17 23:20:30,429.99,543.98
O06735,C168,P28,1,198.99,2024-10-30 17:13:33,198.99,198.99
O06736,C253,P18,1,44.99,2025-07-20 03:26:18,44.99,199.98
O06736,C253,P46,1,154.99,2025-07-20 03:26:18,154.99,199.98
O06737,C141,P40,1,10.99,2026-01-10 03:52:12,10.99,10.99
O06738,C462,P42,1,58.99,2025-05-08 01:56:11,58.99,1182.95
O06738,C462,P07,2,366.99,2025-05-08 01:56:11,733.98,1182.95
O06738,C462,P22,2,194.99,2025-05-08 01:56:11,389.98,1182.95
O06739,C442,P34,2,53.99,2025-12-14 03:53:06,107.98,510.97
O06739,C442,P06,1,402.99,2025-12-14 03:53:06,402.99,510.97
O06740,C028,P48,1,78.99,2024-09-28 12:02:08,78.99,78.99
O06741,C456,P38,1,38.99,2025-11-02 18:25:32,38.99,38.99
O06742,C402,P45,1,110.99,2025-07-04 01:34:07,110.99,336.97
O06742,C402,P16,1,30.99,2025-07-04 01:34:07,30.99,336.97
O06742,C402,P22,1,194.99,2025-07-04 01:34:07,194.99,336.97
O06743,C419,P36,1,47.99,2025-12-06 01:09:28,47.99,47.99
O06744,C238,P30,1,236.99,2025-08-01 20:35:35,236.99,236.99
O06745,C352,P13,1,114.99,2026-02-21 02:34:04,114.99,191.97
O06745,C352,P35,1,57.99,2026-02-21 02:34:04,57.99,191.97
O06745,C352,P15,1,18.99,2026-02-21 02:34:04,18.99,191.97
O06746,C024,P48,1,78.99,2025-02-16 02:00:41,78.99,612.93
O06746,C024,P46,3,154.99,2025-02-16 02:00:41,464.97,612.93
O06746,C024,P17,3,22.99,2025-02-16 02:00:41,68.97,612.93
O06748,C153,P06,1,402.99,2026-02-08 05:19:40,402.99,578.97
O06748,C153,P48,1,78.99,2026-02-08 05:19:40,78.99,578.97
O06748,C153,P20,1,96.99,2026-02-08 05:19:40,96.99,578.97
O06749,C159,P10,1,92.99,2025-03-19 14:34:40,92.99,289.98
O06749,C159,P21,1,196.99,2025-03-19 14:34:40,196.99,289.98
O06750,C297,P38,1,38.99,2026-05-04 00:48:01,38.99,478.97
O06750,C297,P29,1,199.99,2026-05-04 00:48:01,199.99,478.97
O06750,C297,P27,1,239.99,2026-05-03 19:18:01,239.99,478.97
O06751,C142,P06,1,402.99,2025-02-27 01:16:06,402.99,541.98
O06751,C142,P43,1,138.99,2025-02-27 01:16:06,138.99,541.98
O06752,C110,P01,1,345.99,2024-07-28 12:54:24,345.99,345.99
O06753,C477,P18,1,44.99,2025-10-24 21:46:25,44.99,284.98
O06753,C477,P27,1,239.99,2025-10-24 21:46:25,239.99,284.98
O06754,C346,P32,1,24.99,2026-06-21 20:01:59,24.99,59.98
O06754,C346,P09,1,34.99,2026-06-21 20:01:59,34.99,59.98
O06755,C471,P37,1,42.99,2026-05-19 21:02:06,42.99,130.98
O06755,C471,P26,1,87.99,2026-05-20 02:32:06,87.99,130.98
O06756,C144,P10,2,92.99,2024-12-15 08:03:20,185.98,185.98
O06757,C159,P50,1,191.99,2025-07-04 14:10:05,191.99,234.98
O06757,C159,P37,1,42.99,2025-07-04 14:10:05,42.99,234.98
O06758,C495,P01,2,345.99,2026-02-01 00:45:37,691.98,691.98
O06759,C496,P31,2,16.99,2025-11-23 21:58:18,33.98,315.95
O06759,C496,P48,1,78.99,2025-11-23 21:58:18,78.99,315.95
O06759,C496,P45,1,110.99,2025-11-23 21:58:18,110.99,315.95
O06759,C496,P11,1,91.99,2025-11-23 21:58:18,91.99,315.95
O06760,C029,P25,1,25.99,2025-11-26 12:27:52,25.99,56.98
O06760,C029,P16,1,30.99,2025-11-26 12:27:52,30.99,56.98
O06761,C358,P23,2,205.99,2025-12-02 11:50:35,411.98,486.97
O06761,C358,P33,1,74.99,2025-12-02 11:50:35,74.99,486.97
O06762,C473,P03,1,205.99,2026-02-13 01:51:51,205.99,205.99
O06763,C476,P11,1,91.99,2025-05-13 14:05:52,91.99,725.96
O06763,C476,P27,1,239.99,2025-05-13 14:05:52,239.99,725.96
O06763,C476,P21,2,196.99,2025-05-13 14:05:52,393.98,725.96
O06764,C355,P27,1,239.99,2025-06-30 21:27:20,239.99,239.99
O06765,C172,P03,2,205.99,2025-05-28 03:05:52,411.98,411.98
O06766,C010,P41,1,199.99,2024-10-08 22:42:01,199.99,253.98
O06766,C010,P34,1,53.99,2024-10-08 22:42:01,53.99,253.98
O06767,C189,P27,1,239.99,2025-09-07 15:40:37,239.99,640.97
O06767,C189,P12,1,100.99,2025-09-07 15:40:37,100.99,640.97
O06767,C189,P24,1,299.99,2025-09-07 15:40:37,299.99,640.97
O06768,C216,P16,2,30.99,2024-09-14 00:45:45,61.98,382.96
O06768,C216,P13,1,114.99,2024-09-14 00:45:45,114.99,382.96
O06768,C216,P23,1,205.99,2024-09-14 00:45:45,205.99,382.96
O06770,C390,P49,1,77.99,2025-11-20 20:33:47,77.99,588.95
O06770,C390,P01,1,345.99,2025-11-20 20:33:47,345.99,588.95
O06770,C390,P17,1,22.99,2025-11-20 20:33:47,22.99,588.95
O06770,C390,P14,2,70.99,2025-11-20 20:33:47,141.98,588.95
O06771,C431,P08,1,100.99,2025-12-02 11:13:08,100.99,903.96
O06771,C431,P45,1,110.99,2025-12-02 11:13:08,110.99,903.96
O06771,C431,P01,2,345.99,2025-12-02 11:13:08,691.98,903.96
O06772,C279,P01,1,345.99,2025-09-03 06:00:36,345.99,345.99
O06773,C251,P48,2,78.99,2026-05-05 13:22:35,157.98,157.98
O06774,C337,P22,1,194.99,2025-09-23 00:06:57,194.99,194.99
O06775,C377,P44,1,143.99,2024-09-14 11:28:35,143.99,143.99
O06776,C411,P44,2,143.99,2026-02-02 19:20:39,287.98,287.98
O06777,C377,P39,2,21.99,2025-11-01 00:17:25,43.98,43.98
O06778,C399,P13,1,114.99,2025-11-07 18:58:07,114.99,498.97
O06778,C399,P50,2,191.99,2025-11-07 18:58:07,383.98,498.97
O06779,C272,P27,1,239.99,2025-12-16 06:24:08,239.99,239.99
O06780,C359,P30,1,236.99,2025-07-19 14:42:30,236.99,785.96
O06780,C359,P46,1,154.99,2025-07-19 14:42:30,154.99,785.96
O06780,C359,P21,2,196.99,2025-07-19 14:42:30,393.98,785.96
O06781,C293,P40,1,10.99,2025-11-29 21:50:11,10.99,377.98
O06781,C293,P07,1,366.99,2025-11-29 21:50:11,366.99,377.98
O06782,C277,P06,1,402.99,2025-11-01 14:59:34,402.99,541.98
O06782,C277,P43,1,138.99,2025-11-01 14:59:34,138.99,541.98
O06783,C071,P31,1,16.99,2024-12-17 05:50:28,16.99,222.98
O06783,C071,P03,1,205.99,2024-12-17 05:50:28,205.99,222.98
O06784,C412,P28,1,198.99,2026-06-14 10:59:21,198.99,198.99
O06785,C152,P48,3,78.99,2026-02-12 17:05:34,236.97,278.96
O06785,C152,P47,1,41.99,2026-02-12 17:05:34,41.99,278.96
O06786,C421,P02,1,226.99,2026-05-31 14:33:37,226.99,593.98
O06786,C421,P07,1,366.99,2026-05-31 14:33:37,366.99,593.98
O06787,C472,P18,1,44.99,2026-01-11 16:29:03,44.99,44.99
O06788,C042,P40,1,10.99,2025-01-02 05:01:06,10.99,10.99
O06789,C405,P48,1,78.99,2026-01-12 09:13:35,78.99,434.95
O06789,C405,P12,1,100.99,2026-01-12 09:13:35,100.99,434.95
O06789,C405,P35,2,57.99,2026-01-12 09:13:35,115.98,434.95
O06789,C405,P43,1,138.99,2026-01-12 09:13:35,138.99,434.95
O06790,C200,P13,1,114.99,2024-11-17 15:34:27,114.99,526.97
O06790,C200,P23,2,205.99,2024-11-17 15:34:27,411.98,526.97
O06791,C095,P15,1,18.99,2024-12-01 21:10:30,18.99,375.97
O06791,C095,P04,1,281.99,2024-12-01 21:10:30,281.99,375.97
O06791,C095,P33,1,74.99,2024-12-01 21:10:30,74.99,375.97
O06792,C398,P16,2,30.99,2026-01-17 12:41:32,61.98,61.98
O06793,C092,P21,1,196.99,2026-02-05 23:02:55,196.99,332.97
O06793,C092,P19,1,113.99,2026-02-05 23:02:55,113.99,332.97
O06793,C092,P39,1,21.99,2026-02-05 23:02:55,21.99,332.97
O06794,C411,P37,1,42.99,2026-03-20 06:03:50,42.99,745.96
O06794,C411,P01,2,345.99,2026-03-20 06:03:00,691.98,745.96
O06794,C411,P40,1,10.99,2026-03-20 06:03:50,10.99,745.96
O06795,C329,P33,1,74.99,2026-06-23 20:41:50,74.99,207.97
O06795,C329,P18,1,44.99,2026-06-23 20:41:50,44.99,207.97
O06795,C329,P26,1,87.99,2026-06-23 20:41:50,87.99,207.97
O06796,C295,P23,1,205.99,2025-03-10 02:48:02,205.99,205.99
O06798,C372,P30,1,236.99,2025-11-01 19:39:33,236.99,236.99
O06799,C441,P04,1,281.99,2025-12-25 22:21:23,281.99,281.99
O06800,C153,P50,1,191.99,2024-12-23 11:27:54,191.99,387.96
O06800,C153,P25,2,25.99,2024-12-23 11:27:54,51.98,387.96
O06800,C153,P44,1,143.99,2024-12-23 11:27:54,143.99,387.96
O06801,C230,P12,1,100.99,2026-04-02 15:23:00,100.99,100.99
O06802,C059,P36,1,47.99,2025-05-21 17:36:11,47.99,161.97
O06802,C059,P14,1,70.99,2025-05-21 17:36:11,70.99,161.97
O06802,C059,P37,1,42.99,2025-05-21 17:36:11,42.99,161.97
O06803,C061,P48,1,78.99,2025-12-13 20:30:45,78.99,78.99
O06804,C483,P10,1,92.99,2026-05-13 05:00:42,92.99,179.97
O06804,C483,P47,1,41.99,2026-05-13 05:00:42,41.99,179.97
O06804,C483,P18,1,44.99,2026-05-13 05:00:42,44.99,179.97
O06805,C073,P24,1,299.99,2024-12-06 14:57:59,299.99,299.99
O06806,C244,P35,1,57.99,2025-10-15 08:59:24,57.99,57.99
O06807,C426,P10,1,92.99,2025-11-08 03:48:18,92.99,332.98
O06807,C426,P27,1,239.99,2025-11-08 03:48:18,239.99,332.98
O06808,C261,P23,1,205.99,2026-06-11 23:02:56,205.99,205.99
O06809,C325,P44,1,143.99,2026-05-09 13:50:22,143.99,222.98
O06809,C325,P48,1,78.99,2026-05-09 13:50:22,78.99,222.98
O06810,C421,P18,1,44.99,2025-11-21 02:49:44,44.99,79.98
O06810,C421,P09,1,34.99,2025-11-21 02:49:44,34.99,79.98
O06811,C198,P36,1,47.99,2025-08-09 04:54:41,47.99,347.98
O06811,C198,P24,1,299.99,2025-08-09 04:54:41,299.99,347.98
O06812,C094,P06,1,402.99,2025-11-15 15:56:13,402.99,402.99
O06813,C247,P19,1,113.99,2025-08-02 07:16:40,113.99,113.99
O06814,C245,P50,1,191.99,2025-11-14 14:19:28,191.99,384.96
O06814,C245,P13,1,114.99,2025-11-14 14:19:28,114.99,384.96
O06814,C245,P38,2,38.99,2025-11-14 14:19:28,77.98,384.96
O06815,C010,P12,2,100.99,2024-11-23 16:34:28,201.98,337.94
O06815,C010,P32,2,24.99,2024-11-23 16:34:28,49.98,337.94
O06815,C010,P37,2,42.99,2024-11-23 16:34:28,85.98,337.94
O06816,C342,P46,1,154.99,2025-11-23 16:42:24,154.99,154.99
O06817,C374,P43,1,138.99,2026-06-02 00:21:43,138.99,532.97
O06817,C374,P21,2,196.99,2026-06-02 00:21:43,393.98,532.97
O06818,C207,P27,1,239.99,2024-11-17 02:25:13,239.99,239.99
O06819,C273,P06,1,402.99,2025-12-04 10:49:07,402.99,402.99
O06820,C151,P09,1,34.99,2026-03-29 21:54:14,34.99,234.98
O06820,C151,P41,1,199.99,2026-03-29 21:54:14,199.99,234.98
O06821,C248,P43,1,138.99,2025-10-26 17:47:53,138.99,213.98
O06821,C248,P33,1,74.99,2025-10-26 17:47:53,74.99,213.98
O06822,C472,P07,1,366.99,2026-02-07 13:53:26,366.99,737.97
O06822,C472,P32,1,24.99,2026-02-07 13:53:26,24.99,737.97
O06822,C472,P01,1,345.99,2026-02-07 13:53:26,345.99,737.97
O06823,C315,P22,2,194.99,2025-05-15 01:06:57,389.98,800.96
O06823,C315,P24,1,299.99,2025-05-15 01:06:57,299.99,800.96
O06823,C315,P45,1,110.99,2025-05-15 01:06:57,110.99,800.96
O06824,C378,P45,1,110.99,2025-06-27 12:57:23,110.99,110.99
O06825,C377,P13,2,114.99,2025-11-01 22:31:35,229.98,229.98
O06826,C059,P12,1,100.99,2025-03-16 07:08:00,100.99,429.97
O06826,C059,P11,1,91.99,2025-03-16 07:08:00,91.99,429.97
O06826,C059,P30,1,236.99,2025-03-16 07:08:00,236.99,429.97
O06827,C257,P34,1,53.99,2024-08-19 04:05:47,53.99,53.99
O06828,C369,P21,1,196.99,2026-03-08 17:16:28,196.99,891.96
O06828,C369,P22,1,194.99,2026-03-08 17:16:28,194.99,891.96
O06828,C369,P24,1,299.99,2026-03-08 17:16:28,299.99,891.96
O06828,C369,P29,1,199.99,2026-03-08 17:16:28,199.99,891.96
O06829,C287,P43,1,138.99,2024-11-18 19:04:12,138.99,138.99
O06830,C034,P47,3,41.99,2025-08-20 20:15:26,125.97,125.97
O06831,C320,P34,1,53.99,2025-11-05 11:37:32,53.99,98.98
O06831,C320,P18,1,44.99,2025-11-05 11:37:32,44.99,98.98
O06832,C386,P21,1,196.99,2025-11-24 04:36:50,196.99,196.99
O06833,C388,P13,1,114.99,2026-04-05 04:30:06,114.99,633.97
O06833,C388,P30,1,236.99,2026-04-05 04:30:06,236.99,633.97
O06833,C388,P04,1,281.99,2026-04-05 04:30:06,281.99,633.97
O06834,C435,P40,1,10.99,2025-12-27 08:22:36,10.99,52.98
O06834,C435,P47,1,41.99,2025-12-27 08:22:36,41.99,52.98
O06835,C205,P13,3,114.99,2026-05-03 00:36:19,344.97,344.97
O06836,C418,P22,2,194.99,2025-11-17 13:18:25,389.98,539.96
O06836,C418,P33,2,74.99,2025-11-17 13:18:25,149.98,539.96
O06837,C303,P25,1,25.99,2026-05-17 05:17:17,25.99,56.98
O06837,C303,P16,1,30.99,2026-05-17 05:17:17,30.99,56.98
O06838,C351,P12,1,100.99,2025-06-05 04:43:59,100.99,100.99
O06839,C300,P06,1,402.99,2024-12-13 18:52:02,402.99,546.98
O06839,C300,P44,1,143.99,2024-12-13 18:52:02,143.99,546.98
O06840,C094,P09,1,34.99,2026-05-28 02:21:41,34.99,34.99
O06841,C260,P21,1,196.99,2025-02-22 06:24:32,196.99,196.99
O06842,C056,P32,2,24.99,2025-12-01 21:21:10,49.98,645.95
O06842,C056,P01,1,345.99,2025-12-01 21:21:10,345.99,645.95
O06842,C056,P50,1,191.99,2025-12-01 21:21:10,191.99,645.95
O06842,C056,P35,1,57.99,2025-12-01 21:21:10,57.99,645.95
O06843,C028,P28,1,198.99,2025-12-14 06:11:10,198.99,700.95
O06843,C028,P02,2,226.99,2025-12-14 06:11:10,453.98,700.95
O06843,C028,P31,1,16.99,2025-12-14 06:11:10,16.99,700.95
O06843,C028,P16,1,30.99,2025-12-14 06:11:10,30.99,700.95
O06844,C083,P18,3,44.99,2025-04-28 08:56:34,134.97,134.97
O06845,C113,P09,2,34.99,2024-09-14 01:52:51,69.98,217.95
O06845,C113,P14,1,70.99,2024-09-14 01:52:51,70.99,217.95
O06845,C113,P15,1,18.99,2024-09-14 01:52:51,18.99,217.95
O06845,C113,P35,1,57.99,2024-09-14 01:52:51,57.99,217.95
O06846,C367,P36,1,47.99,2025-12-27 15:15:03,47.99,242.98
O06846,C367,P22,1,194.99,2025-12-27 15:15:03,194.99,242.98
O06847,C217,P40,1,10.99,2026-03-23 08:48:21,10.99,250.98
O06847,C217,P27,1,239.99,2026-03-23 08:48:21,239.99,250.98
O06848,C106,P10,2,92.99,2024-09-28 04:43:42,185.98,691.96
O06848,C106,P23,1,205.99,2024-09-28 04:43:42,205.99,691.96
O06848,C106,P24,1,299.99,2024-09-28 04:43:42,299.99,691.96
O06849,C377,P08,1,100.99,2025-11-07 22:13:01,100.99,100.99
O06850,C066,P29,1,199.99,2026-04-26 10:29:01,199.99,481.98
O06850,C066,P04,1,281.99,2026-04-26 10:29:01,281.99,481.98
O06851,C361,P20,2,96.99,2025-12-01 23:41:52,193.98,216.97
O06851,C361,P17,1,22.99,2025-12-01 23:41:52,22.99,216.97
O06852,C154,P29,1,199.99,2025-12-09 15:20:41,199.99,629.98
O06852,C154,P05,1,429.99,2025-12-09 15:20:41,429.99,629.98
O06853,C192,P32,1,24.99,2026-01-11 22:26:51,24.99,95.98
O06853,C192,P14,1,70.99,2026-01-11 22:26:51,70.99,95.98
O06854,C153,P28,1,198.99,2024-11-10 09:20:38,198.99,217.98
O06854,C153,P15,1,18.99,2024-11-10 09:20:38,18.99,217.98
O06855,C219,P01,1,345.99,2025-07-31 11:32:13,345.99,431.97
O06855,C219,P37,2,42.99,2025-07-31 11:32:13,85.98,431.97
O06857,C356,P41,1,199.99,2026-04-02 11:02:53,199.99,199.99
O06858,C080,P16,1,30.99,2025-03-25 05:07:47,30.99,30.99
O06859,C225,P16,1,30.99,2026-01-17 16:53:35,30.99,30.99
O06860,C213,P32,1,24.99,2026-05-06 22:40:19,24.99,230.98
O06860,C213,P03,1,205.99,2026-05-06 22:40:19,205.99,230.98
O06861,C161,P41,1,199.99,2025-09-15 19:00:46,199.99,300.98
O06861,C161,P08,1,100.99,2025-09-15 19:00:46,100.99,300.98
O06862,C323,P16,1,30.99,2026-04-26 07:47:42,30.99,569.96
O06862,C323,P23,1,205.99,2026-04-26 07:47:42,205.99,569.96
O06862,C323,P27,1,239.99,2026-04-26 07:47:42,239.99,569.96
O06862,C323,P10,1,92.99,2026-04-26 07:47:42,92.99,569.96
O06863,C040,P01,1,345.99,2026-03-01 16:30:00,345.99,551.98
O06863,C040,P03,1,205.99,2026-03-01 16:30:00,205.99,551.98
O06864,C066,P03,1,205.99,2026-06-25 11:15:00,205.99,263.98
O06864,C066,P35,1,57.99,2026-06-25 11:15:08,57.99,263.98
O06865,C184,P19,1,113.99,2025-03-21 01:33:36,113.99,312.98
O06865,C184,P28,1,198.99,2025-03-21 01:33:36,198.99,312.98
O06866,C060,P35,1,57.99,2026-02-06 00:55:05,57.99,57.99
O06867,C415,P07,1,366.99,2025-08-17 11:57:36,366.99,558.98
O06867,C415,P50,1,191.99,2025-08-17 11:57:36,191.99,558.98
O06868,C291,P26,1,87.99,2024-08-13 12:26:20,87.99,87.99
O06869,C323,P03,1,205.99,2026-03-22 11:29:45,205.99,205.99
O06870,C486,P23,1,205.99,2026-06-07 03:27:01,205.99,205.99
O06871,C353,P13,1,114.99,2025-11-24 10:00:25,114.99,228.97
O06871,C353,P09,1,34.99,2025-11-24 10:00:25,34.99,228.97
O06871,C353,P48,1,78.99,2025-11-24 10:00:25,78.99,228.97
O06872,C354,P06,1,402.99,2025-11-28 11:09:54,402.99,740.97
O06872,C354,P43,1,138.99,2025-11-28 11:09:54,138.99,740.97
O06872,C354,P28,1,198.99,2025-11-28 11:09:54,198.99,740.97
O06873,C381,P30,1,236.99,2025-11-22 09:24:34,236.99,236.99
O06874,C326,P08,1,100.99,2026-05-13 23:45:16,100.99,100.99
O06875,C366,P01,1,345.99,2025-11-14 00:01:00,345.99,668.96
O06875,C366,P45,2,110.99,2025-11-14 00:01:00,221.98,668.96
O06875,C366,P08,1,100.99,2025-11-14 00:01:00,100.99,668.96
O06876,C098,P49,1,77.99,2025-05-18 08:31:46,77.99,77.99
O06877,C260,P47,2,41.99,2026-01-15 06:11:09,83.98,83.98
O06878,C351,P50,2,191.99,2025-11-12 07:14:30,383.98,383.98
O06879,C329,P03,1,205.99,2026-05-20 06:46:15,205.99,205.99
O06880,C142,P27,3,239.99,2024-10-20 15:25:23,719.97,719.97
O06881,C224,P23,1,205.99,2024-09-14 22:41:03,205.99,205.99
O06882,C437,P47,1,41.99,2026-06-28 16:57:24,41.99,41.99
O06883,C312,P20,1,96.99,2025-12-25 19:13:40,96.99,353.96
O06883,C312,P33,1,74.99,2025-12-25 19:13:40,74.99,353.96
O06883,C312,P43,1,138.99,2025-12-25 19:13:40,138.99,353.96
O06883,C312,P37,1,42.99,2025-12-25 19:13:40,42.99,353.96
O06884,C346,P23,1,205.99,2026-03-31 07:05:20,205.99,549.97
O06884,C346,P41,1,199.99,2026-03-31 07:05:20,199.99,549.97
O06884,C346,P44,1,143.99,2026-03-31 07:05:20,143.99,549.97
O06885,C174,P49,1,77.99,2025-05-31 03:44:13,77.99,77.99
O06886,C371,P35,1,57.99,2025-11-29 06:31:03,57.99,102.98
O06886,C371,P18,1,44.99,2025-11-29 06:31:03,44.99,102.98
O06887,C478,P35,1,57.99,2025-12-20 00:06:42,57.99,57.99
O06888,C260,P20,1,96.99,2025-03-05 21:19:54,96.99,96.99
O06889,C116,P30,2,236.99,2024-11-11 12:47:17,473.98,1350.95
O06889,C116,P05,2,429.99,2024-11-11 12:47:17,859.98,1350.95
O06889,C116,P31,1,16.99,2024-11-11 12:47:17,16.99,1350.95
O06890,C431,P24,1,299.99,2026-04-30 21:02:04,299.99,299.99
O06891,C023,P12,1,100.99,2025-02-15 23:52:36,100.99,100.99
O06892,C120,P11,1,91.99,2024-09-15 01:34:09,91.99,167.97
O06892,C120,P42,1,58.99,2024-09-15 01:34:09,58.99,167.97
O06892,C120,P31,1,16.99,2024-09-15 01:34:09,16.99,167.97
O06893,C373,P45,1,110.99,2025-12-06 22:39:00,110.99,110.99
O06894,C060,P24,1,299.99,2025-07-10 19:52:24,299.99,299.99
O06895,C443,P12,1,100.99,2026-05-08 02:52:47,100.99,191.97
O06895,C443,P36,1,47.99,2026-05-08 02:52:47,47.99,191.97
O06895,C443,P37,1,42.99,2026-05-08 02:52:47,42.99,191.97
O06896,C247,P16,1,30.99,2025-01-15 13:19:00,30.99,30.99
O06897,C253,P17,1,22.99,2025-01-23 06:44:24,22.99,22.99
O06898,C484,P07,1,366.99,2025-06-01 20:37:26,366.99,652.96
O06898,C484,P34,1,53.99,2025-06-01 20:37:26,53.99,652.96
O06898,C484,P44,1,143.99,2025-06-01 20:37:26,143.99,652.96
O06898,C484,P26,1,87.99,2025-06-01 20:37:26,87.99,652.96
O06899,C112,P25,1,25.99,2024-12-14 10:42:17,25.99,70.98
O06899,C112,P18,1,44.99,2024-12-14 10:42:17,44.99,70.98
O06900,C015,P10,1,92.99,2025-04-19 18:57:48,92.99,287.98
O06900,C015,P22,1,194.99,2025-04-19 18:57:48,194.99,287.98
O06901,C124,P04,1,281.99,2024-08-24 06:51:00,281.99,281.99
O06902,C363,P16,1,30.99,2025-09-08 14:23:25,30.99,53.98
O06902,C363,P17,1,22.99,2025-09-08 14:23:25,22.99,53.98
O06903,C369,P15,1,18.99,2026-04-24 01:32:33,18.99,18.99
O06904,C286,P49,1,77.99,2026-04-19 07:58:05,77.99,378.97
O06904,C286,P12,1,100.99,2026-04-19 07:58:05,100.99,378.97
O06904,C286,P29,1,199.99,2026-04-19 07:58:05,199.99,378.97
O06905,C482,P04,1,281.99,2026-01-23 14:32:50,281.99,281.99
O06906,C428,P36,1,47.99,2025-12-25 00:38:32,47.99,47.99
O06907,C340,P01,1,345.99,2025-07-02 15:28:42,345.99,345.99
O06908,C023,P32,1,24.99,2024-11-17 15:55:14,24.99,24.99
O06909,C233,P05,1,429.99,2025-12-17 08:06:30,429.99,504.98
O06909,C233,P33,1,74.99,2025-12-17 08:06:30,74.99,504.98
O06910,C010,P06,1,402.99,2025-12-30 00:48:00,402.99,452.97
O06910,C010,P15,1,18.99,2025-12-30 00:48:00,18.99,452.97
O06910,C010,P16,1,30.99,2025-12-30 00:48:00,30.99,452.97
O06911,C370,P01,1,345.99,2025-05-03 17:37:01,345.99,345.99
O06912,C373,P37,1,42.99,2026-03-15 07:53:50,42.99,134.98
O06912,C373,P11,1,91.99,2026-03-15 07:53:50,91.99,134.98
O06913,C286,P32,2,24.99,2026-03-04 02:37:09,49.98,49.98
O06914,C137,P19,1,113.99,2024-12-28 20:28:45,113.99,113.99
O06915,C039,P36,1,47.99,2025-07-21 23:56:58,47.99,47.99
O06916,C051,P13,2,114.99,2025-03-11 22:40:34,229.98,371.96
O06916,C051,P14,2,70.99,2025-03-11 22:40:34,141.98,371.96
O06917,C318,P41,2,199.99,2026-01-04 09:31:56,399.98,399.98
O06918,C054,P12,1,100.99,2024-12-29 14:47:44,100.99,100.99
O06919,C312,P34,2,53.99,2025-12-25 16:50:14,107.98,107.98
O06920,C432,P35,1,57.99,2026-03-24 11:27:07,57.99,257.98
O06920,C432,P41,1,199.99,2026-03-24 11:27:07,199.99,257.98
O06921,C279,P40,1,10.99,2026-03-24 04:24:25,10.99,10.99
O06922,C198,P47,2,41.99,2025-12-07 18:54:36,83.98,475.96
O06922,C198,P46,1,154.99,2025-12-07 18:54:36,154.99,475.96
O06922,C198,P30,1,236.99,2025-12-07 18:54:36,236.99,475.96
O06923,C258,P30,2,236.99,2026-01-15 13:44:50,473.98,473.98
O06924,C406,P39,1,21.99,2024-12-31 17:46:27,21.99,21.99
O06925,C340,P28,1,198.99,2026-05-26 19:58:58,198.99,198.99
O06926,C355,P30,1,236.99,2025-12-20 20:32:01,236.99,236.99
O06927,C375,P16,1,30.99,2026-04-06 16:08:12,30.99,222.98
O06927,C375,P50,1,191.99,2026-04-06 16:08:12,191.99,222.98
O06928,C115,P06,2,402.99,2025-09-04 08:29:49,805.98,805.98
O06929,C369,P22,1,194.99,2025-08-10 15:35:32,194.99,194.99
O06930,C229,P26,1,87.99,2024-12-13 17:57:23,87.99,87.99
O06931,C381,P14,1,70.99,2026-03-27 04:05:29,70.99,566.96
O06931,C381,P09,1,34.99,2026-03-27 04:05:29,34.99,566.96
O06931,C381,P05,1,429.99,2026-03-27 04:05:29,429.99,566.96
O06931,C381,P16,1,30.99,2026-03-27 04:05:29,30.99,566.96
O06932,C287,P11,1,91.99,2025-09-20 20:32:33,91.99,283.98
O06932,C287,P50,1,191.99,2025-09-20 20:32:33,191.99,283.98
O06933,C178,P04,1,281.99,2025-02-02 15:25:39,281.99,356.98
O06933,C178,P33,1,74.99,2025-02-02 15:25:39,74.99,356.98
O06934,C417,P05,1,429.99,2026-04-18 14:38:46,429.99,540.98
O06934,C417,P45,1,110.99,2026-04-18 14:38:46,110.99,540.98
O06935,C006,P23,1,205.99,2025-04-20 06:43:42,205.99,284.98
O06935,C006,P48,1,78.99,2025-04-20 06:43:42,78.99,284.98
O06936,C151,P30,1,236.99,2025-10-27 18:52:31,236.99,236.99
O06937,C280,P08,1,100.99,2026-06-10 09:34:47,100.99,100.99
O06938,C226,P21,1,196.99,2025-12-16 05:18:39,196.99,235.98
O06938,C226,P38,1,38.99,2025-12-16 05:18:39,38.99,235.98
O06939,C217,P17,1,22.99,2025-03-11 23:54:03,22.99,815.95
O06939,C217,P07,1,366.99,2025-03-11 23:54:03,366.99,815.95
O06939,C217,P27,1,239.99,2025-03-11 23:54:03,239.99,815.95
O06939,C217,P10,2,92.99,2025-03-11 23:54:03,185.98,815.95
O06940,C092,P43,1,138.99,2024-12-21 16:38:24,138.99,138.99
O06941,C043,P26,1,87.99,2026-03-28 07:09:54,87.99,87.99
O06942,C032,P30,1,236.99,2024-08-31 19:04:32,236.99,236.99
O06943,C138,P11,1,91.99,2025-12-28 22:39:36,91.99,452.97
O06943,C138,P46,1,154.99,2025-12-28 22:39:36,154.99,452.97
O06943,C138,P03,1,205.99,2025-12-28 22:39:36,205.99,452.97
O06944,C312,P16,1,30.99,2025-10-02 21:01:09,30.99,30.99
O06946,C445,P31,2,16.99,2026-05-21 02:30:15,33.98,33.98
O06947,C132,P24,1,299.99,2026-04-16 08:26:53,299.99,984.94
O06947,C132,P20,3,96.99,2026-04-16 08:26:53,290.97,984.94
O06947,C132,P21,2,196.99,2026-04-16 08:26:53,393.98,984.94
O06948,C441,P49,1,77.99,2025-09-08 10:23:37,77.99,77.99
O06949,C318,P45,1,110.99,2024-12-11 20:26:25,110.99,110.99
O06950,C103,P02,2,226.99,2024-12-08 13:45:19,453.98,453.98
O06951,C135,P42,1,58.99,2024-11-30 05:57:51,58.99,58.99
O06952,C291,P02,1,226.99,2024-09-22 11:14:25,226.99,226.99
O06953,C334,P44,1,143.99,2025-08-28 13:54:51,143.99,160.98
O06953,C334,P31,1,16.99,2025-08-28 13:54:51,16.99,160.98
O06954,C421,P10,2,92.99,2026-05-03 08:04:19,185.98,230.97
O06954,C421,P18,1,44.99,2026-05-03 08:04:19,44.99,230.97
O06955,C480,P14,1,70.99,2026-03-01 18:04:43,70.99,503.97
O06955,C480,P23,1,205.99,2026-03-01 18:04:43,205.99,503.97
O06955,C480,P02,1,226.99,2026-03-01 18:04:43,226.99,503.97
O06956,C180,P25,2,25.99,2025-12-09 02:53:33,51.98,51.98
O06957,C307,P24,1,299.99,2025-06-25 22:16:40,299.99,666.98
O06957,C307,P07,1,366.99,2025-06-25 22:16:40,366.99,666.98
O06958,C470,P38,2,38.99,2025-12-13 01:02:19,77.98,444.97
O06958,C470,P07,1,366.99,2025-12-13 01:02:19,366.99,444.97
O06959,C489,P17,1,22.99,2026-07-05 08:48:15,22.99,272.96
O06959,C489,P49,1,77.99,2026-07-05 08:48:15,77.99,272.96
O06959,C489,P31,1,16.99,2026-07-05 08:48:15,16.99,272.96
O06959,C489,P46,1,154.99,2026-07-05 08:48:15,154.99,272.96
O06960,C332,P25,2,25.99,2026-02-22 01:59:38,51.98,51.98
O06961,C123,P26,1,87.99,2025-09-04 23:09:42,87.99,87.99
O06962,C299,P32,1,24.99,2026-07-03 04:55:35,24.99,24.99
O06963,C062,P46,3,154.99,2024-10-14 22:55:58,464.97,578.96
O06963,C062,P19,1,113.99,2024-10-14 22:55:58,113.99,578.96
O06964,C072,P02,1,226.99,2025-07-15 23:58:49,226.99,226.99
O06965,C446,P42,1,58.99,2026-01-03 17:07:32,58.99,58.99
O06966,C138,P29,1,199.99,2025-03-02 13:31:36,199.99,199.99
O06967,C350,P06,1,402.99,2026-01-22 13:00:31,402.99,769.98
O06967,C350,P07,1,366.99,2026-01-22 13:00:00,366.99,769.98
O06968,C469,P08,1,100.99,2026-04-14 07:14:45,100.99,100.99
O06969,C108,P28,1,198.99,2025-03-01 02:57:23,198.99,198.99
O06970,C387,P23,1,205.99,2025-11-19 14:46:08,205.99,316.98
O06970,C387,P45,1,110.99,2025-11-19 14:46:08,110.99,316.98
O06971,C140,P18,1,44.99,2025-12-03 22:01:36,44.99,44.99
O06972,C341,P40,1,10.99,2025-12-14 13:35:10,10.99,68.98
O06972,C341,P35,1,57.99,2025-12-14 13:35:10,57.99,68.98
O06973,C066,P07,1,366.99,2024-12-29 12:35:10,366.99,569.97
O06973,C066,P26,1,87.99,2024-12-29 12:35:10,87.99,569.97
O06973,C066,P13,1,114.99,2024-12-29 12:35:10,114.99,569.97
O06974,C268,P43,1,138.99,2025-05-03 20:18:41,138.99,515.95
O06974,C268,P41,1,199.99,2025-05-03 20:18:41,199.99,515.95
O06974,C268,P42,3,58.99,2025-05-03 20:18:41,176.97,515.95
O06975,C084,P28,1,198.99,2024-12-02 04:08:16,198.99,198.99
O06976,C446,P11,1,91.99,2026-03-21 06:25:32,91.99,286.98
O06976,C446,P22,1,194.99,2026-03-21 06:25:32,194.99,286.98
O06977,C070,P23,1,205.99,2026-05-06 15:52:34,205.99,205.99
O06978,C143,P20,1,96.99,2024-12-17 09:44:05,96.99,96.99
O06979,C138,P47,1,41.99,2024-09-14 11:29:37,41.99,41.99
O06980,C354,P41,1,199.99,2025-02-09 11:13:11,199.99,234.98
O06980,C354,P09,1,34.99,2025-02-09 11:13:11,34.99,234.98
O06981,C340,P37,2,42.99,2025-08-27 07:17:46,85.98,85.98
O06982,C189,P39,1,21.99,2025-01-20 00:48:35,21.99,421.97
O06982,C189,P29,2,199.99,2025-01-20 00:48:35,399.98,421.97
O06983,C136,P21,1,196.99,2025-06-29 22:34:50,196.99,196.99
O06984,C015,P01,1,345.99,2026-04-16 13:11:22,345.99,1079.97
O06984,C015,P07,2,366.99,2026-04-16 13:11:22,733.98,1079.97
O06985,C096,P08,1,100.99,2024-07-28 06:42:00,100.99,100.99
O06986,C444,P38,1,38.99,2025-11-30 15:10:18,38.99,73.98
O06986,C444,P09,1,34.99,2025-11-30 15:10:18,34.99,73.98
O06987,C474,P49,1,77.99,2025-10-26 21:43:15,77.99,77.99
O06988,C069,P02,1,226.99,2025-12-06 17:54:03,226.99,268.98
O06988,C069,P47,1,41.99,2025-12-06 17:54:03,41.99,268.98
O06989,C003,P03,1,205.99,2025-09-29 16:57:11,205.99,205.99
O06990,C067,P38,1,38.99,2025-02-23 20:07:00,38.99,83.98
O06990,C067,P18,1,44.99,2025-02-23 20:07:00,44.99,83.98
O06991,C177,P47,1,41.99,2025-11-18 15:36:05,41.99,41.99
O06992,C444,P01,1,345.99,2026-04-15 04:37:54,345.99,1234.95
O06992,C444,P11,1,91.99,2026-04-15 04:37:54,91.99,1234.95
O06992,C444,P21,2,196.99,2026-04-15 04:37:54,393.98,1234.95
O06992,C444,P06,1,402.99,2026-04-15 04:37:54,402.99,1234.95
O06993,C307,P37,1,42.99,2025-12-09 04:54:23,42.99,171.97
O06993,C307,P33,1,74.99,2025-12-09 04:54:23,74.99,171.97
O06993,C307,P34,1,53.99,2025-12-09 04:54:23,53.99,171.97
O06994,C379,P15,1,18.99,2026-02-01 06:10:27,18.99,119.98
O06994,C379,P12,1,100.99,2026-02-01 00:40:27,100.99,119.98
O06995,C283,P01,1,345.99,2024-07-08 20:29:30,345.99,364.98
O06995,C283,P15,1,18.99,2024-07-08 20:29:30,18.99,364.98
O06996,C252,P21,1,196.99,2024-10-09 11:03:57,196.99,196.99
O06997,C196,P24,1,299.99,2024-07-16 16:57:35,299.99,342.98
O06997,C196,P37,1,42.99,2024-07-16 16:57:35,42.99,342.98
O06998,C278,P42,2,58.99,2025-01-27 11:05:49,117.98,117.98
O06999,C214,P46,2,154.99,2026-04-20 01:01:36,309.98,546.97
O06999,C214,P30,1,236.99,2026-04-20 01:01:36,236.99,546.97
O07000,C144,P38,2,38.99,2026-04-22 03:49:28,77.98,77.98
O07001,C121,P09,1,34.99,2025-04-10 16:46:31,34.99,34.99
O07002,C315,P10,1,92.99,2025-11-22 21:49:01,92.99,289.98
O07002,C315,P21,1,196.99,2025-11-22 21:49:01,196.99,289.98
O07003,C143,P09,3,34.99,2025-07-25 06:17:48,104.97,104.97
O07004,C477,P32,1,24.99,2026-03-06 14:34:58,24.99,24.99
O07005,C482,P37,1,42.99,2026-07-02 05:51:52,42.99,153.98
O07005,C482,P45,1,110.99,2026-07-02 05:51:52,110.99,153.98
O07006,C318,P32,1,24.99,2026-05-09 19:48:57,24.99,24.99
O07007,C298,P03,1,205.99,2025-01-05 21:55:41,205.99,205.99
O07008,C046,P04,1,281.99,2025-10-05 02:47:41,281.99,300.98
O07008,C046,P15,1,18.99,2025-10-05 02:47:41,18.99,300.98
O07009,C418,P31,1,16.99,2025-09-06 11:39:09,16.99,16.99
O07010,C137,P21,1,196.99,2024-07-14 10:48:40,196.99,196.99
O07011,C370,P08,3,100.99,2026-05-26 20:27:26,302.97,302.97
O07012,C333,P08,1,100.99,2026-03-07 07:34:29,100.99,100.99
O07013,C156,P34,1,53.99,2024-11-06 03:07:54,53.99,206.97
O07013,C156,P49,1,77.99,2024-11-06 03:07:54,77.99,206.97
O07013,C156,P33,1,74.99,2024-11-06 03:07:54,74.99,206.97
O07014,C364,P21,1,196.99,2026-05-31 19:09:46,196.99,335.98
O07014,C364,P43,1,138.99,2026-05-31 19:09:46,138.99,335.98
O07015,C106,P08,1,100.99,2024-12-08 20:24:27,100.99,100.99
O07016,C046,P49,1,77.99,2024-12-02 14:57:16,77.99,77.99
O07017,C359,P07,1,366.99,2025-05-24 17:03:56,366.99,366.99
O07018,C210,P16,1,30.99,2024-12-14 05:11:17,30.99,174.96
O07018,C210,P11,1,91.99,2024-12-14 05:11:17,91.99,174.96
O07018,C210,P25,2,25.99,2024-12-14 05:11:17,51.98,174.96
O07019,C422,P43,1,138.99,2026-02-17 02:42:32,138.99,213.98
O07019,C422,P33,1,74.99,2026-02-17 02:42:32,74.99,213.98
O07020,C257,P29,1,199.99,2025-11-09 10:54:20,199.99,199.99
O07021,C178,P03,2,205.99,2024-12-27 07:25:37,411.98,470.97
O07021,C178,P42,1,58.99,2024-12-27 07:25:37,58.99,470.97
O07022,C309,P19,1,113.99,2026-04-12 17:38:13,113.99,113.99
O07023,C026,P01,1,345.99,2025-07-27 19:56:04,345.99,345.99
O07024,C167,P14,2,70.99,2025-04-05 17:05:38,141.98,486.95
O07024,C167,P13,3,114.99,2025-04-05 17:05:38,344.97,486.95
O07025,C098,P25,1,25.99,2024-09-21 15:37:48,25.99,25.99
O07026,C391,P23,1,205.99,2026-04-29 22:15:45,205.99,205.99
O07027,C289,P18,1,44.99,2026-01-21 18:01:41,44.99,325.97
O07027,C289,P02,1,226.99,2026-01-21 18:01:41,226.99,325.97
O07027,C289,P34,1,53.99,2026-01-21 18:01:41,53.99,325.97
O07028,C295,P21,1,196.99,2024-10-08 19:24:23,196.99,196.99
O07029,C425,P32,1,24.99,2026-03-27 17:24:21,24.99,24.99
O07030,C140,P13,1,114.99,2025-02-22 11:45:34,114.99,114.99
O07031,C187,P22,2,194.99,2026-03-07 23:27:24,389.98,435.96
O07031,C187,P17,2,22.99,2026-03-07 23:27:24,45.98,435.96
O07032,C131,P27,1,239.99,2026-04-23 16:06:50,239.99,239.99
O07033,C264,P41,2,199.99,2025-12-07 00:30:40,399.98,684.94
O07033,C264,P48,3,78.99,2025-12-07 00:30:40,236.97,684.94
O07033,C264,P36,1,47.99,2025-12-07 00:30:40,47.99,684.94
O07034,C344,P41,1,199.99,2025-01-26 01:05:38,199.99,199.99
O07035,C012,P09,2,34.99,2025-06-27 16:07:29,69.98,100.97
O07035,C012,P16,1,30.99,2025-06-27 16:07:29,30.99,100.97
O07036,C172,P46,1,154.99,2026-04-22 17:07:05,154.99,165.98
O07036,C172,P40,1,10.99,2026-04-22 17:07:05,10.99,165.98
O07037,C226,P35,3,57.99,2025-06-01 03:56:23,173.97,827.94
O07037,C226,P02,2,226.99,2025-06-01 03:56:23,453.98,827.94
O07037,C226,P29,1,199.99,2025-06-01 03:56:23,199.99,827.94
O07038,C135,P02,1,226.99,2025-03-25 13:50:44,226.99,508.98
O07038,C135,P04,1,281.99,2025-03-25 13:50:44,281.99,508.98
O07039,C072,P21,1,196.99,2026-01-08 11:38:28,196.99,1027.96
O07039,C072,P32,1,24.99,2026-01-08 11:38:28,24.99,1027.96
O07039,C072,P06,2,402.99,2026-01-08 11:38:28,805.98,1027.96
O07040,C280,P23,1,205.99,2025-01-04 14:36:42,205.99,740.95
O07040,C280,P06,1,402.99,2025-01-04 14:36:42,402.99,740.95
O07040,C280,P39,2,21.99,2025-01-04 14:36:42,43.98,740.95
O07040,C280,P26,1,87.99,2025-01-04 14:36:42,87.99,740.95
O07041,C433,P38,2,38.99,2026-01-27 21:45:16,77.98,77.98
O07042,C172,P28,1,198.99,2025-01-06 20:19:19,198.99,349.97
O07042,C172,P11,1,91.99,2025-01-06 20:19:19,91.99,349.97
O07042,C172,P42,1,58.99,2025-01-06 20:19:19,58.99,349.97
O07043,C216,P50,1,191.99,2025-02-17 17:57:52,191.99,270.98
O07043,C216,P48,1,78.99,2025-02-17 17:57:52,78.99,270.98
O07044,C454,P25,1,25.99,2026-01-18 21:03:29,25.99,192.97
O07044,C454,P48,1,78.99,2026-01-18 21:03:29,78.99,192.97
O07044,C454,P26,1,87.99,2026-01-18 21:03:29,87.99,192.97
O07045,C330,P50,1,191.99,2025-01-26 00:53:15,191.99,191.99
O07046,C302,P36,3,47.99,2025-12-19 00:25:58,143.97,940.95
O07046,C302,P05,1,429.99,2025-12-19 00:25:58,429.99,940.95
O07046,C302,P07,1,366.99,2025-12-19 00:25:58,366.99,940.95
O07047,C408,P03,1,205.99,2026-04-02 17:14:27,205.99,205.99
O07048,C320,P09,3,34.99,2025-09-07 16:03:55,104.97,104.97
O07049,C236,P39,1,21.99,2024-10-22 13:26:10,21.99,21.99
O07050,C184,P41,2,199.99,2024-11-18 13:00:05,399.98,399.98
O07051,C089,P14,1,70.99,2026-02-27 10:21:32,70.99,70.99
O07052,C497,P09,2,34.99,2026-03-31 06:21:41,69.98,469.96
O07052,C497,P29,2,199.99,2026-03-31 06:21:41,399.98,469.96
O07053,C043,P50,1,191.99,2025-11-16 17:08:13,191.99,191.99
O07054,C330,P44,1,143.99,2025-11-05 01:03:10,143.99,143.99
O07055,C142,P02,1,226.99,2026-01-31 23:25:30,226.99,418.98
O07055,C142,P50,1,191.99,2026-01-31 23:25:30,191.99,418.98
O07056,C395,P05,1,429.99,2026-06-30 11:14:14,429.99,429.99
O07057,C152,P48,1,78.99,2025-11-25 07:20:54,78.99,78.99
O07058,C236,P35,1,57.99,2025-02-08 21:06:49,57.99,88.98
O07058,C236,P16,1,30.99,2025-02-08 21:06:49,30.99,88.98
O07059,C078,P38,1,38.99,2024-10-13 04:52:45,38.99,301.97
O07059,C078,P27,1,239.99,2024-10-13 04:52:45,239.99,301.97
O07059,C078,P17,1,22.99,2024-10-13 04:52:45,22.99,301.97
O07060,C194,P14,1,70.99,2025-03-21 20:39:13,70.99,105.98
O07060,C194,P09,1,34.99,2025-03-21 20:39:13,34.99,105.98
O07061,C283,P33,1,74.99,2025-11-30 16:02:29,74.99,74.99
O07062,C043,P44,1,143.99,2026-02-01 10:21:00,143.99,143.99
O07063,C069,P35,1,57.99,2026-05-19 11:06:11,57.99,57.99
O07064,C455,P31,1,16.99,2026-01-08 09:00:54,16.99,59.98
O07064,C455,P37,1,42.99,2026-01-08 09:00:54,42.99,59.98
O07065,C156,P31,1,16.99,2024-12-21 22:45:21,16.99,414.97
O07065,C156,P28,2,198.99,2024-12-21 22:45:21,397.98,414.97
O07066,C387,P07,1,366.99,2026-01-02 04:22:12,366.99,366.99
O07067,C063,P45,1,110.99,2025-12-14 01:14:19,110.99,290.95
O07067,C063,P31,2,16.99,2025-12-14 01:14:19,33.98,290.95
O07067,C063,P18,1,44.99,2025-12-14 01:14:19,44.99,290.95
O07067,C063,P08,1,100.99,2025-12-14 01:14:19,100.99,290.95
O07068,C442,P04,3,281.99,2026-05-01 23:11:13,845.97,1196.93
O07068,C442,P09,1,34.99,2026-05-01 23:11:13,34.99,1196.93
O07068,C442,P12,2,100.99,2026-05-01 23:11:13,201.98,1196.93
O07068,C442,P19,1,113.99,2026-05-01 23:11:13,113.99,1196.93
O07069,C207,P13,1,114.99,2026-06-28 09:14:13,114.99,272.97
O07069,C207,P48,2,78.99,2026-06-28 09:14:13,157.98,272.97
O07070,C183,P48,1,78.99,2026-04-20 19:39:39,78.99,78.99
O07071,C034,P49,1,77.99,2024-09-02 10:08:39,77.99,77.99
O07072,C430,P47,1,41.99,2026-06-05 19:59:43,41.99,323.98
O07072,C430,P04,1,281.99,2026-06-05 19:59:43,281.99,323.98
O07073,C323,P08,1,100.99,2025-11-22 01:40:45,100.99,142.98
O07073,C323,P47,1,41.99,2025-11-22 01:40:45,41.99,142.98
O07074,C389,P40,2,10.99,2026-04-05 07:04:02,21.98,21.98
O07075,C016,P22,1,194.99,2026-05-26 08:25:02,194.99,194.99
O07076,C473,P27,1,239.99,2025-04-06 18:21:52,239.99,239.99
O07077,C206,P39,1,21.99,2025-11-30 02:01:12,21.99,227.98
O07077,C206,P23,1,205.99,2025-11-30 02:01:12,205.99,227.98
O07078,C093,P37,2,42.99,2024-11-02 22:49:33,85.98,85.98
O07079,C378,P20,1,96.99,2025-12-20 05:21:50,96.99,96.99
O07080,C279,P39,1,21.99,2025-08-15 00:31:49,21.99,262.97
O07080,C279,P47,1,41.99,2025-08-15 00:31:49,41.99,262.97
O07080,C279,P28,1,198.99,2025-08-15 00:31:49,198.99,262.97
O07081,C293,P17,1,22.99,2025-02-20 19:10:35,22.99,221.98
O07081,C293,P28,1,198.99,2025-02-20 19:10:35,198.99,221.98
O07082,C448,P30,1,236.99,2025-12-15 09:21:43,236.99,236.99
O07083,C361,P33,1,74.99,2025-12-03 02:04:25,74.99,74.99
O07084,C413,P11,1,91.99,2025-12-02 21:07:35,91.99,91.99
O07085,C366,P18,1,44.99,2025-07-08 08:40:36,44.99,281.98
O07085,C366,P30,1,236.99,2025-07-08 08:40:36,236.99,281.98
O07086,C155,P50,1,191.99,2025-08-07 16:22:50,191.99,202.98
O07086,C155,P40,1,10.99,2025-08-07 16:22:50,10.99,202.98
O07087,C155,P41,1,199.99,2026-06-08 21:14:16,199.99,199.99
O07088,C072,P46,1,154.99,2025-10-24 18:05:16,154.99,154.99
O07089,C033,P35,1,57.99,2024-12-03 18:05:17,57.99,57.99
O07090,C207,P09,1,34.99,2025-12-28 21:25:07,34.99,147.97
O07090,C207,P14,1,70.99,2025-12-28 21:25:07,70.99,147.97
O07090,C207,P47,1,41.99,2025-12-28 21:25:07,41.99,147.97
O07091,C474,P50,1,191.99,2026-06-01 04:57:21,191.99,292.98
O07091,C474,P08,1,100.99,2026-06-01 04:57:21,100.99,292.98
O07092,C430,P43,1,138.99,2026-06-30 13:50:29,138.99,138.99
O07093,C484,P40,1,10.99,2025-12-20 21:29:35,10.99,10.99
O07094,C110,P31,1,16.99,2024-12-16 17:25:10,16.99,16.99
O07095,C485,P49,1,77.99,2026-05-26 18:07:52,77.99,216.98
O07095,C485,P43,1,138.99,2026-05-26 18:07:52,138.99,216.98
O07096,C098,P06,1,402.99,2025-08-19 05:33:59,402.99,477.98
O07096,C098,P33,1,74.99,2025-08-19 00:03:59,74.99,477.98
O07097,C471,P20,1,96.99,2026-04-18 00:28:15,96.99,154.98
O07097,C471,P35,1,57.99,2026-04-18 00:28:15,57.99,154.98
O07098,C006,P44,1,143.99,2025-03-02 12:32:07,143.99,143.99
O07099,C213,P41,1,199.99,2024-11-02 16:21:25,199.99,439.98
O07099,C213,P27,1,239.99,2024-11-02 16:21:25,239.99,439.98
O07100,C481,P46,1,154.99,2026-03-26 12:59:10,154.99,255.98
O07100,C481,P12,1,100.99,2026-03-26 12:59:10,100.99,255.98
O07101,C425,P23,1,205.99,2025-04-04 09:17:55,205.99,205.99
O07102,C434,P42,1,58.99,2026-02-27 18:38:28,58.99,58.99
O07103,C152,P19,1,113.99,2024-12-18 23:13:15,113.99,113.99
O07104,C065,P44,1,143.99,2025-11-09 04:04:58,143.99,197.98
O07104,C065,P34,1,53.99,2025-11-09 04:04:58,53.99,197.98
O07105,C287,P39,1,21.99,2024-10-04 02:08:03,21.99,478.94
O07105,C287,P16,1,30.99,2024-10-04 02:08:03,30.99,478.94
O07105,C287,P04,1,281.99,2024-10-04 02:08:03,281.99,478.94
O07105,C287,P36,3,47.99,2024-10-04 02:08:03,143.97,478.94
O07106,C360,P46,2,154.99,2025-03-03 05:09:45,309.98,309.98
O07107,C159,P38,1,38.99,2026-03-15 15:27:26,38.99,244.98
O07107,C159,P03,1,205.99,2026-03-15 15:27:26,205.99,244.98
O07108,C446,P25,1,25.99,2026-03-15 22:35:10,25.99,180.98
O07108,C446,P46,1,154.99,2026-03-15 22:35:10,154.99,180.98
O07109,C351,P43,1,138.99,2026-05-20 21:00:38,138.99,180.97
O07109,C351,P31,1,16.99,2026-05-20 15:30:38,16.99,180.97
O07109,C351,P32,1,24.99,2026-05-20 21:00:38,24.99,180.97
O07110,C338,P38,1,38.99,2025-11-16 11:42:53,38.99,265.98
O07110,C338,P02,1,226.99,2025-11-16 11:42:53,226.99,265.98
O07111,C112,P15,1,18.99,2025-03-02 06:03:07,18.99,18.99
O07112,C102,P30,1,236.99,2025-05-03 08:24:27,236.99,518.98
O07112,C102,P04,1,281.99,2025-05-03 08:24:27,281.99,518.98
O07113,C469,P18,1,44.99,2025-10-18 09:01:13,44.99,119.98
O07113,C469,P33,1,74.99,2025-10-18 09:01:13,74.99,119.98
O07114,C318,P02,2,226.99,2025-12-23 05:18:44,453.98,453.98
O07115,C178,P48,1,78.99,2025-03-13 07:10:06,78.99,78.99
O07116,C465,P23,1,205.99,2026-01-01 17:53:20,205.99,748.97
O07116,C465,P21,1,196.99,2026-01-01 17:53:20,196.99,748.97
O07116,C465,P01,1,345.99,2026-01-01 17:53:20,345.99,748.97
O07117,C409,P26,1,87.99,2025-09-07 11:33:52,87.99,87.99
O07118,C082,P37,2,42.99,2024-11-07 17:32:18,85.98,200.97
O07118,C082,P13,1,114.99,2024-11-07 17:32:18,114.99,200.97
O07119,C407,P46,2,154.99,2026-05-08 17:40:35,309.98,549.97
O07119,C407,P27,1,239.99,2026-05-08 17:40:35,239.99,549.97
O07120,C271,P50,1,191.99,2024-07-18 00:25:40,191.99,233.98
O07120,C271,P47,1,41.99,2024-07-18 00:25:40,41.99,233.98
O07121,C489,P14,1,70.99,2026-02-25 06:02:20,70.99,70.99
O07122,C218,P15,1,18.99,2024-10-06 08:55:48,18.99,18.99
O07123,C010,P09,2,34.99,2025-05-30 05:31:58,69.98,69.98
O07124,C024,P23,1,205.99,2026-03-14 21:56:52,205.99,487.98
O07124,C024,P04,1,281.99,2026-03-14 21:56:52,281.99,487.98
O07125,C412,P39,1,21.99,2026-01-06 14:36:39,21.99,280.96
O07125,C412,P29,1,199.99,2026-01-06 14:36:39,199.99,280.96
O07125,C412,P31,1,16.99,2026-01-06 14:36:39,16.99,280.96
O07125,C412,P47,1,41.99,2026-01-06 14:36:39,41.99,280.96
O07126,C190,P23,2,205.99,2025-09-21 11:49:38,411.98,411.98
O07127,C088,P19,1,113.99,2026-03-20 09:35:48,113.99,113.99
O07128,C158,P44,1,143.99,2024-10-08 09:31:06,143.99,143.99
O07129,C388,P49,1,77.99,2026-06-23 16:29:31,77.99,919.96
O07129,C388,P23,2,205.99,2026-06-23 16:29:31,411.98,919.96
O07129,C388,P05,1,429.99,2026-06-23 16:29:31,429.99,919.96
O07130,C426,P30,1,236.99,2025-11-04 18:07:59,236.99,436.98
O07130,C426,P41,1,199.99,2025-11-04 18:07:59,199.99,436.98
O07131,C033,P45,1,110.99,2025-04-03 16:18:43,110.99,110.99
O07132,C207,P38,1,38.99,2025-11-22 07:00:49,38.99,135.98
O07132,C207,P20,1,96.99,2025-11-22 07:00:49,96.99,135.98
O07133,C052,P50,1,191.99,2025-01-07 10:41:51,191.99,266.98
O07133,C052,P33,1,74.99,2025-01-07 10:41:51,74.99,266.98
O07134,C484,P07,1,366.99,2026-07-05 15:52:53,366.99,366.99
O07135,C124,P49,1,77.99,2025-12-25 08:58:26,77.99,277.98
O07135,C124,P29,1,199.99,2025-12-25 08:58:26,199.99,277.98
O07136,C106,P05,1,429.99,2025-11-20 03:24:18,429.99,429.99
O07137,C362,P24,3,299.99,2025-09-18 12:51:33,899.97,899.97
O07138,C071,P20,1,96.99,2025-01-12 15:07:27,96.99,121.98
O07138,C071,P32,1,24.99,2025-01-12 15:07:27,24.99,121.98
O07139,C327,P06,1,402.99,2025-01-13 23:47:13,402.99,402.99
O07140,C437,P36,1,47.99,2025-03-27 05:42:59,47.99,216.97
O07140,C437,P34,1,53.99,2025-03-27 05:42:59,53.99,216.97
O07140,C437,P13,1,114.99,2025-03-27 05:42:59,114.99,216.97
O07141,C396,P09,1,34.99,2025-10-19 02:03:05,34.99,34.99
O07142,C042,P06,1,402.99,2025-11-07 09:29:16,402.99,599.98
O07142,C042,P21,1,196.99,2025-11-07 09:29:16,196.99,599.98
O07143,C050,P33,1,74.99,2026-06-30 08:56:08,74.99,74.99
O07144,C379,P10,2,92.99,2025-07-30 08:20:51,185.98,208.97
O07144,C379,P17,1,22.99,2025-07-30 08:20:51,22.99,208.97
O07145,C005,P12,1,100.99,2025-07-13 00:47:31,100.99,100.99
O07146,C330,P45,1,110.99,2025-12-31 14:17:46,110.99,110.99
O07147,C169,P12,1,100.99,2024-12-23 21:19:43,100.99,100.99
O07148,C450,P26,1,87.99,2025-06-17 10:52:50,87.99,286.98
O07148,C450,P28,1,198.99,2025-06-17 10:52:50,198.99,286.98
O07149,C442,P09,1,34.99,2025-10-24 22:11:36,34.99,34.99
O07150,C397,P29,1,199.99,2026-04-12 03:46:59,199.99,426.98
O07150,C397,P02,1,226.99,2026-04-12 03:46:59,226.99,426.98
O07151,C355,P15,1,18.99,2025-06-07 09:48:46,18.99,18.99
O07152,C485,P42,1,58.99,2025-05-23 01:35:11,58.99,512.97
O07152,C485,P02,2,226.99,2025-05-23 01:35:11,453.98,512.97
O07153,C369,P03,1,205.99,2026-07-05 12:44:54,205.99,240.98
O07153,C369,P09,1,34.99,2026-07-05 12:44:54,34.99,240.98
O07154,C478,P09,1,34.99,2026-05-21 14:33:12,34.99,34.99
O07155,C283,P19,1,113.99,2026-06-08 22:58:17,113.99,480.98
O07155,C283,P07,1,366.99,2026-06-08 22:58:17,366.99,480.98
O07156,C151,P30,1,236.99,2026-01-11 14:38:03,236.99,236.99
O07157,C178,P41,1,199.99,2024-12-08 15:40:38,199.99,199.99
O07158,C389,P16,1,30.99,2025-11-10 17:49:51,30.99,372.96
O07158,C389,P44,2,143.99,2025-11-10 17:49:51,287.98,372.96
O07158,C389,P34,1,53.99,2025-11-10 17:49:51,53.99,372.96
O07159,C350,P41,1,199.99,2025-12-21 19:30:34,199.99,199.99
O07160,C406,P21,1,196.99,2025-08-23 20:17:27,196.99,196.99
O07161,C313,P36,1,47.99,2025-11-02 05:10:07,47.99,47.99
O07162,C320,P50,2,191.99,2024-12-22 10:52:34,383.98,639.96
O07162,C320,P12,1,100.99,2024-12-22 10:52:34,100.99,639.96
O07162,C320,P46,1,154.99,2024-12-22 10:52:34,154.99,639.96
O07163,C116,P26,1,87.99,2025-01-07 04:17:04,87.99,423.97
O07163,C116,P04,1,281.99,2025-01-07 04:17:04,281.99,423.97
O07163,C116,P34,1,53.99,2025-01-07 04:17:04,53.99,423.97
O07164,C042,P35,1,57.99,2024-12-15 17:37:41,57.99,196.98
O07164,C042,P43,1,138.99,2024-12-15 17:37:41,138.99,196.98
O07165,C110,P47,1,41.99,2025-11-21 06:08:11,41.99,235.97
O07165,C110,P20,2,96.99,2025-11-21 06:08:11,193.98,235.97
O07166,C203,P33,1,74.99,2024-10-21 13:06:28,74.99,74.99
O07167,C393,P08,1,100.99,2026-01-01 06:09:59,100.99,221.96
O07167,C393,P16,2,30.99,2026-01-01 06:09:59,61.98,221.96
O07167,C393,P42,1,58.99,2026-01-01 06:09:59,58.99,221.96
O07168,C367,P43,1,138.99,2026-06-16 05:05:49,138.99,138.99
O07169,C155,P04,2,281.99,2024-12-17 04:09:30,563.98,563.98
O07170,C265,P17,1,22.99,2026-04-12 21:40:39,22.99,499.95
O07170,C265,P50,1,191.99,2026-04-12 21:40:39,191.99,499.95
O07170,C265,P11,2,91.99,2026-04-12 21:40:39,183.98,499.95
O07170,C265,P12,1,100.99,2026-04-12 21:40:39,100.99,499.95
O07171,C112,P04,1,281.99,2025-06-28 16:55:51,281.99,281.99
O07172,C402,P04,1,281.99,2026-06-22 08:54:14,281.99,281.99
O07173,C455,P42,1,58.99,2026-07-04 01:25:42,58.99,58.99
O07174,C127,P48,1,78.99,2024-07-06 14:31:15,78.99,399.95
O07174,C127,P43,2,138.99,2024-07-06 14:31:15,277.98,399.95
O07174,C127,P25,1,25.99,2024-07-06 14:31:15,25.99,399.95
O07174,C127,P31,1,16.99,2024-07-06 14:31:15,16.99,399.95
O07175,C464,P21,1,196.99,2026-05-12 02:46:46,196.99,452.97
O07175,C464,P30,1,236.99,2026-05-12 02:46:46,236.99,452.97
O07175,C464,P15,1,18.99,2026-05-12 02:46:46,18.99,452.97
O07176,C109,P47,2,41.99,2025-07-04 18:02:11,83.98,83.98
O07177,C384,P28,1,198.99,2025-10-09 09:50:43,198.99,198.99
O07178,C149,P40,1,10.99,2025-11-18 14:24:48,10.99,10.99
O07179,C481,P03,1,205.99,2026-04-05 16:07:09,205.99,442.98
O07179,C481,P30,1,236.99,2026-04-05 16:07:09,236.99,442.98
O07180,C144,P11,1,91.99,2025-08-11 18:51:39,91.99,91.99
O07181,C069,P46,1,154.99,2025-12-16 10:27:07,154.99,585.96
O07181,C069,P16,1,30.99,2025-12-16 10:27:07,30.99,585.96
O07181,C069,P29,2,199.99,2025-12-16 10:27:07,399.98,585.96
O07182,C355,P41,1,199.99,2026-03-19 00:04:07,199.99,199.99
O07183,C356,P24,1,299.99,2025-11-18 14:55:18,299.99,299.99
O07184,C456,P45,1,110.99,2025-11-18 22:19:55,110.99,110.99
O07185,C311,P08,1,100.99,2026-01-06 18:02:50,100.99,211.98
O07185,C311,P45,1,110.99,2026-01-06 18:02:50,110.99,211.98
O07186,C266,P02,1,226.99,2026-04-02 23:45:32,226.99,226.99
O07187,C147,P44,1,143.99,2026-06-21 18:54:08,143.99,143.99
O07188,C471,P35,1,57.99,2025-11-23 06:14:19,57.99,57.99
O07189,C499,P02,1,226.99,2025-02-07 10:45:20,226.99,341.98
O07189,C499,P13,1,114.99,2025-02-07 10:45:20,114.99,341.98
O07190,C398,P49,1,77.99,2026-05-29 16:54:59,77.99,77.99
O07191,C106,P10,2,92.99,2024-10-09 07:28:47,185.98,185.98
O07192,C293,P36,1,47.99,2025-03-08 22:01:50,47.99,272.96
O07192,C293,P33,3,74.99,2025-03-08 22:01:50,224.97,272.96
O07193,C376,P37,1,42.99,2025-12-08 19:34:31,42.99,279.98
O07193,C376,P30,1,236.99,2025-12-08 19:34:31,236.99,279.98
O07194,C329,P10,1,92.99,2026-04-25 15:33:02,92.99,146.98
O07194,C329,P34,1,53.99,2026-04-25 15:33:02,53.99,146.98
O07195,C340,P07,1,366.99,2025-09-29 17:25:13,366.99,978.96
O07195,C340,P41,1,199.99,2025-09-29 17:25:13,199.99,978.96
O07195,C340,P03,2,205.99,2025-09-29 17:25:13,411.98,978.96
O07196,C426,P50,1,191.99,2025-12-21 13:58:12,191.99,268.97
O07196,C426,P15,1,18.99,2025-12-21 13:58:12,18.99,268.97
O07196,C426,P35,1,57.99,2025-12-21 13:58:12,57.99,268.97
O07197,C293,P42,1,58.99,2025-12-16 17:25:30,58.99,58.99
O07198,C314,P17,1,22.99,2026-06-08 23:26:54,22.99,106.97
O07198,C314,P18,1,44.99,2026-06-08 23:26:54,44.99,106.97
O07198,C314,P38,1,38.99,2026-06-08 23:26:54,38.99,106.97
O07199,C055,P12,1,100.99,2025-02-11 21:10:28,100.99,297.98
O07199,C055,P21,1,196.99,2025-02-11 21:10:28,196.99,297.98
O07200,C008,P09,1,34.99,2025-12-09 16:47:02,34.99,229.98
O07200,C008,P22,1,194.99,2025-12-09 16:47:02,194.99,229.98
O07201,C115,P12,1,100.99,2024-07-20 05:41:46,100.99,100.99
O07202,C465,P11,1,91.99,2026-02-14 05:07:00,91.99,91.99
O07203,C492,P08,1,100.99,2026-02-21 21:09:15,100.99,100.99
O07204,C114,P15,1,18.99,2024-12-28 23:24:24,18.99,408.96
O07204,C114,P35,1,57.99,2024-12-28 23:24:24,57.99,408.96
O07204,C114,P11,1,91.99,2024-12-28 23:24:24,91.99,408.96
O07204,C114,P27,1,239.99,2024-12-28 23:24:24,239.99,408.96
O07205,C239,P18,1,44.99,2025-05-11 03:41:36,44.99,284.98
O07205,C239,P27,1,239.99,2025-05-11 03:41:36,239.99,284.98
O07206,C474,P29,1,199.99,2025-05-24 12:58:46,199.99,199.99
O07207,C389,P17,1,22.99,2026-02-19 19:24:50,22.99,244.97
O07207,C389,P45,2,110.99,2026-02-19 19:24:50,221.98,244.97
O07208,C401,P19,1,113.99,2026-05-14 16:31:06,113.99,113.99
O07209,C206,P32,1,24.99,2025-12-28 19:08:36,24.99,24.99
O07210,C099,P39,2,21.99,2025-03-26 00:20:15,43.98,1081.95
O07210,C099,P01,3,345.99,2025-03-26 00:20:15,1037.97,1081.95
O07211,C466,P45,1,110.99,2025-11-02 00:01:02,110.99,110.99
O07212,C122,P11,1,91.99,2026-06-11 03:53:33,91.99,373.97
O07212,C122,P47,1,41.99,2026-06-11 03:53:33,41.99,373.97
O07212,C122,P27,1,239.99,2026-06-11 03:53:33,239.99,373.97
O07213,C277,P12,1,100.99,2025-06-21 23:03:13,100.99,579.97
O07213,C277,P21,1,196.99,2025-06-21 23:03:13,196.99,579.97
O07213,C277,P04,1,281.99,2025-06-21 23:03:13,281.99,579.97
O07214,C320,P19,2,113.99,2025-12-17 05:30:55,227.98,227.98
O07215,C136,P31,1,16.99,2025-11-11 11:46:18,16.99,200.97
O07215,C136,P11,2,91.99,2025-11-11 11:46:18,183.98,200.97
O07216,C364,P44,1,143.99,2026-02-19 05:18:18,143.99,227.97
O07216,C364,P47,2,41.99,2026-02-19 05:18:18,83.98,227.97
O07217,C039,P25,1,25.99,2025-05-25 00:26:59,25.99,25.99
O07218,C395,P50,1,191.99,2025-12-21 08:08:55,191.99,191.99
O07219,C112,P29,1,199.99,2025-06-10 19:34:55,199.99,199.99
O07220,C421,P14,1,70.99,2026-01-06 10:46:38,70.99,582.96
O07220,C421,P02,2,226.99,2026-01-06 10:46:38,453.98,582.96
O07220,C421,P35,1,57.99,2026-01-06 10:46:38,57.99,582.96
O07221,C015,P06,2,402.99,2025-10-05 05:32:04,805.98,805.98
O07222,C460,P36,1,47.99,2025-04-26 10:51:58,47.99,947.95
O07222,C460,P08,1,100.99,2025-04-26 10:51:58,100.99,947.95
O07222,C460,P24,2,299.99,2025-04-26 10:51:58,599.98,947.95
O07222,C460,P28,1,198.99,2025-04-26 10:51:58,198.99,947.95
O07223,C088,P21,1,196.99,2025-11-30 23:06:38,196.99,196.99
O07224,C409,P32,1,24.99,2026-06-16 16:55:18,24.99,24.99
O07225,C409,P07,1,366.99,2025-11-22 16:16:01,366.99,458.98
O07225,C409,P11,1,91.99,2025-11-22 16:16:01,91.99,458.98
O07226,C030,P05,1,429.99,2024-08-12 07:11:02,429.99,487.98
O07226,C030,P35,1,57.99,2024-08-12 07:11:02,57.99,487.98
O07227,C061,P27,1,239.99,2024-11-09 15:58:39,239.99,239.99
O07228,C409,P07,1,366.99,2025-12-21 16:13:01,366.99,366.99
O07229,C306,P31,1,16.99,2026-01-31 01:39:39,16.99,16.99
O07230,C110,P08,1,100.99,2025-06-23 21:34:51,100.99,100.99
O07231,C335,P40,2,10.99,2025-10-26 19:47:24,21.98,21.98
O07232,C497,P10,1,92.99,2026-02-02 09:52:20,92.99,92.99
O07233,C370,P33,1,74.99,2026-06-25 19:47:27,74.99,74.99
O07234,C465,P19,1,113.99,2025-10-10 01:23:59,113.99,113.99
O07235,C178,P04,1,281.99,2025-11-02 18:54:13,281.99,648.98
O07235,C178,P07,1,366.99,2025-11-02 18:54:13,366.99,648.98
O07236,C443,P40,2,10.99,2025-11-14 14:45:52,21.98,182.94
O07236,C443,P31,2,16.99,2025-11-14 14:45:52,33.98,182.94
O07236,C443,P11,1,91.99,2025-11-14 14:45:52,91.99,182.94
O07236,C443,P09,1,34.99,2025-11-14 14:45:52,34.99,182.94
O07237,C362,P16,2,30.99,2025-11-18 04:58:11,61.98,61.98
O07238,C416,P31,1,16.99,2025-07-07 05:56:48,16.99,16.99
O07239,C138,P21,1,196.99,2026-03-18 21:49:36,196.99,742.97
O07239,C138,P41,1,199.99,2026-03-18 21:49:36,199.99,742.97
O07239,C138,P01,1,345.99,2026-03-18 21:49:36,345.99,742.97
O07240,C280,P29,1,199.99,2024-11-02 08:50:27,199.99,199.99
O07241,C317,P01,2,345.99,2025-11-15 21:31:33,691.98,691.98
O07242,C164,P28,1,198.99,2026-03-31 13:12:34,198.99,198.99
O07243,C387,P03,1,205.99,2025-11-03 09:00:38,205.99,442.98
O07243,C387,P30,1,236.99,2025-11-03 09:00:38,236.99,442.98
O07244,C087,P35,1,57.99,2025-10-20 23:07:31,57.99,57.99
O07245,C205,P17,1,22.99,2024-09-06 20:42:49,22.99,22.99
O07246,C368,P22,1,194.99,2025-09-20 02:58:39,194.99,194.99
O07247,C425,P41,1,199.99,2025-08-09 16:17:35,199.99,199.99
O07248,C092,P26,1,87.99,2026-01-11 17:14:00,87.99,87.99
O07249,C069,P06,1,402.99,2024-02-11 18:14:22,402.99,755.94
O07249,C069,P43,2,138.99,2024-11-02 18:14:22,277.98,755.94
O07249,C069,P32,3,24.99,2024-11-02 18:14:22,74.97,755.94
O07250,C325,P48,1,78.99,2025-04-16 13:39:15,78.99,490.97
O07250,C325,P03,1,205.99,2025-04-16 13:39:15,205.99,490.97
O07250,C325,P23,1,205.99,2025-04-16 13:39:15,205.99,490.97
O07251,C004,P07,1,366.99,2025-11-12 08:14:21,366.99,391.98
O07251,C004,P32,1,24.99,2025-11-12 08:14:21,24.99,391.98
O07252,C225,P17,1,22.99,2024-11-11 02:56:00,22.99,416.97
O07252,C225,P21,2,196.99,2024-11-11 02:56:02,393.98,416.97
O07253,C040,P26,1,87.99,2025-12-16 08:28:43,87.99,454.98
O07253,C040,P07,1,366.99,2025-12-16 08:28:43,366.99,454.98
O07254,C026,P22,1,194.99,2025-07-30 22:38:38,194.99,194.99
O07255,C164,P35,1,57.99,2024-11-24 15:37:38,57.99,132.98
O07255,C164,P33,1,74.99,2024-11-24 15:37:38,74.99,132.98
O07256,C215,P07,1,366.99,2025-07-19 01:39:25,366.99,366.99
O07257,C491,P20,1,96.99,2026-06-06 16:35:28,96.99,96.99
O07258,C100,P33,1,74.99,2025-12-29 02:30:40,74.99,74.99
O07259,C151,P30,1,236.99,2025-01-19 09:57:30,236.99,551.97
O07259,C151,P02,1,226.99,2025-01-19 09:57:30,226.99,551.97
O07259,C151,P26,1,87.99,2025-01-19 09:57:30,87.99,551.97
O07260,C378,P35,1,57.99,2025-10-15 23:32:42,57.99,57.99
O07261,C442,P30,1,236.99,2025-12-25 23:14:59,236.99,236.99
O07262,C158,P24,1,299.99,2024-09-18 02:46:52,299.99,299.99
O07263,C233,P25,1,25.99,2024-08-20 02:59:41,25.99,25.99
O07264,C206,P04,1,281.99,2026-03-25 19:36:34,281.99,281.99
O07265,C065,P21,1,196.99,2025-05-21 18:09:01,196.99,196.99
O07266,C122,P46,1,154.99,2026-01-18 13:46:48,154.99,874.96
O07266,C122,P27,3,239.99,2026-01-18 13:46:48,719.97,874.96
O07267,C206,P16,1,30.99,2025-11-02 18:49:12,30.99,250.97
O07267,C206,P32,1,24.99,2025-11-02 18:49:12,24.99,250.97
O07267,C206,P22,1,194.99,2025-11-02 18:49:12,194.99,250.97
O07268,C267,P38,1,38.99,2024-11-26 07:14:41,38.99,38.99
O07269,C080,P44,1,143.99,2025-02-24 09:32:20,143.99,402.96
O07269,C080,P11,2,91.99,2025-02-24 09:32:20,183.98,402.96
O07269,C080,P33,1,74.99,2025-02-24 09:32:20,74.99,402.96
O07270,C005,P17,1,22.99,2026-05-13 12:27:27,22.99,22.99
O07271,C230,P10,1,92.99,2026-04-20 02:02:36,92.99,92.99
O07272,C478,P48,1,78.99,2025-04-04 01:01:13,78.99,406.97
O07272,C478,P27,1,239.99,2025-04-04 01:01:13,239.99,406.97
O07272,C478,P26,1,87.99,2025-04-04 01:01:13,87.99,406.97
O07273,C261,P40,2,10.99,2025-12-02 12:50:00,21.98,21.98
O07274,C298,P50,1,191.99,2026-03-29 12:09:31,191.99,431.98
O07274,C298,P27,1,239.99,2026-03-29 12:09:31,239.99,431.98
O07275,C375,P04,1,281.99,2025-12-29 09:59:48,281.99,281.99
O07276,C079,P24,3,299.99,2024-11-02 18:07:23,899.97,1678.92
O07276,C079,P13,3,114.99,2024-11-02 18:07:23,344.97,1678.92
O07276,C079,P30,1,236.99,2024-11-02 18:07:23,236.99,1678.92
O07276,C079,P21,1,196.99,2024-11-02 18:07:23,196.99,1678.92
O07277,C491,P25,1,25.99,2026-05-17 12:47:25,25.99,231.97
O07277,C491,P11,1,91.99,2026-05-17 12:47:25,91.99,231.97
O07277,C491,P19,1,113.99,2026-05-17 12:47:25,113.99,231.97
O07278,C272,P44,1,143.99,2024-07-27 21:03:48,143.99,349.98
O07278,C272,P03,1,205.99,2024-07-27 21:03:48,205.99,349.98
O07279,C470,P19,2,113.99,2026-05-27 09:25:01,227.98,275.97
O07279,C470,P36,1,47.99,2026-05-27 09:25:01,47.99,275.97
O07280,C060,P13,2,114.99,2025-06-23 10:00:29,229.98,963.96
O07280,C060,P07,2,366.99,2025-06-23 10:00:29,733.98,963.96
O07281,C114,P39,1,21.99,2024-10-18 10:54:43,21.99,21.99
O07282,C089,P49,1,77.99,2024-10-06 15:18:04,77.99,277.98
O07282,C089,P41,1,199.99,2024-10-06 15:18:04,199.99,277.98
O07283,C153,P45,1,110.99,2024-10-10 08:35:46,110.99,136.98
O07283,C153,P25,1,25.99,2024-10-10 08:35:46,25.99,136.98
O07285,C067,P19,2,113.99,2025-05-16 12:02:10,227.98,349.96
O07285,C067,P45,1,110.99,2025-05-16 12:02:10,110.99,349.96
O07285,C067,P40,1,10.99,2025-05-16 12:02:10,10.99,349.96
O07286,C455,P05,1,429.99,2025-09-27 11:41:42,429.99,705.95
O07286,C455,P10,1,92.99,2025-09-27 11:41:42,92.99,705.95
O07286,C455,P43,1,138.99,2025-09-27 11:41:42,138.99,705.95
O07286,C455,P39,2,21.99,2025-09-27 11:41:42,43.98,705.95
O07287,C304,P22,1,194.99,2026-01-13 11:08:20,194.99,194.99
O07288,C122,P18,1,44.99,2026-05-16 02:49:36,44.99,44.99
O07289,C250,P24,1,299.99,2024-08-26 19:55:18,299.99,660.95
O07289,C250,P44,1,143.99,2024-08-26 19:55:18,143.99,660.95
O07289,C250,P43,1,138.99,2024-08-26 19:55:18,138.99,660.95
O07289,C250,P38,2,38.99,2024-08-26 19:55:18,77.98,660.95
O07290,C003,P43,1,138.99,2024-11-03 20:48:13,138.99,155.98
O07290,C003,P31,1,16.99,2024-11-03 20:48:13,16.99,155.98
O07291,C127,P09,2,34.99,2026-02-07 20:27:01,69.98,685.95
O07291,C127,P05,1,429.99,2026-02-07 20:27:01,429.99,685.95
O07291,C127,P10,2,92.99,2026-02-07 20:27:01,185.98,685.95
O07292,C018,P10,1,92.99,2024-12-28 17:31:38,92.99,92.99
O07293,C460,P12,1,100.99,2024-09-22 09:35:27,100.99,100.99
O07294,C483,P10,1,92.99,2026-03-21 13:45:33,92.99,92.99
O07295,C317,P19,1,113.99,2025-07-07 23:41:20,113.99,954.96
O07295,C317,P07,1,366.99,2025-07-07 23:41:20,366.99,954.96
O07295,C317,P30,2,236.99,2025-07-07 23:41:20,473.98,954.96
O07296,C255,P42,1,58.99,2024-12-01 23:09:39,58.99,58.99
O07297,C294,P44,1,143.99,2026-02-06 14:00:53,143.99,143.99
O07298,C253,P50,1,191.99,2024-11-04 07:21:48,191.99,347.97
O07298,C253,P49,2,77.99,2024-11-04 07:21:48,155.98,347.97
O07299,C324,P06,1,402.99,2026-06-21 21:56:42,402.99,939.97
O07299,C324,P30,1,236.99,2026-06-21 21:56:42,236.99,939.97
O07299,C324,P24,1,299.99,2026-06-21 21:56:42,299.99,939.97
O07300,C012,P29,1,199.99,2024-08-10 16:12:44,199.99,199.99
O07301,C237,P11,1,91.99,2026-03-14 05:23:21,91.99,91.99
O07302,C374,P26,1,87.99,2025-11-21 17:14:09,87.99,243.97
O07302,C374,P49,2,77.99,2025-11-21 17:14:09,155.98,243.97
O07303,C173,P16,2,30.99,2024-08-26 06:19:33,61.98,61.98
O07304,C349,P27,1,239.99,2026-01-05 07:54:00,239.99,239.99
O07305,C248,P39,3,21.99,2025-03-02 00:15:33,65.97,65.97
O07306,C379,P04,1,281.99,2025-11-05 02:34:20,281.99,352.98
O07306,C379,P14,1,70.99,2025-11-05 02:34:20,70.99,352.98
O07307,C023,P49,1,77.99,2026-01-17 03:44:59,77.99,77.99
O07308,C112,P38,1,38.99,2024-08-06 01:37:34,38.99,38.99
O07309,C411,P27,1,239.99,2025-11-20 08:02:42,239.99,350.98
O07309,C411,P45,1,110.99,2025-11-20 08:02:42,110.99,350.98
O07310,C473,P26,1,87.99,2025-11-16 12:32:18,87.99,387.98
O07310,C473,P24,1,299.99,2025-11-16 12:32:18,299.99,387.98
O07311,C080,P34,1,53.99,2024-11-12 05:54:29,53.99,53.99
O07312,C172,P20,1,96.99,2025-03-04 13:53:49,96.99,228.97
O07312,C172,P10,1,92.99,2025-03-04 13:53:49,92.99,228.97
O07312,C172,P38,1,38.99,2025-03-04 13:53:49,38.99,228.97
O07313,C309,P29,1,199.99,2025-12-12 11:08:00,199.99,199.99
O07314,C144,P28,1,198.99,2024-11-03 05:48:54,198.99,198.99
O07315,C314,P07,1,366.99,2026-06-14 11:11:12,366.99,411.98
O07315,C314,P18,1,44.99,2026-06-14 11:11:12,44.99,411.98
O07316,C353,P15,1,18.99,2025-11-22 23:01:46,18.99,354.97
O07316,C353,P43,1,138.99,2025-11-22 23:01:46,138.99,354.97
O07316,C353,P21,1,196.99,2025-11-22 23:01:46,196.99,354.97
O07317,C062,P25,1,25.99,2024-11-17 01:18:37,25.99,25.99
O07318,C110,P41,1,199.99,2025-03-13 07:04:58,199.99,199.99
O07319,C112,P30,1,236.99,2025-12-07 06:40:19,236.99,553.96
O07319,C112,P42,2,58.99,2025-07-12 06:40:19,117.98,553.96
O07319,C112,P28,1,198.99,2025-12-07 06:40:19,198.99,553.96
O07320,C223,P28,3,198.99,2025-01-21 17:22:32,596.97,596.97
O07321,C154,P40,1,10.99,2026-04-27 20:50:24,10.99,479.97
O07321,C154,P38,1,38.99,2026-04-27 20:50:24,38.99,479.97
O07321,C154,P05,1,429.99,2026-04-27 20:50:24,429.99,479.97
O07322,C251,P49,2,77.99,2024-12-03 00:40:15,155.98,380.95
O07322,C251,P33,3,74.99,2024-12-03 00:40:15,224.97,380.95
O07323,C477,P42,1,58.99,2025-10-22 08:42:49,58.99,155.98
O07323,C477,P20,1,96.99,2025-10-22 08:42:49,96.99,155.98
O07324,C291,P27,1,239.99,2025-07-27 22:12:26,239.99,340.98
O07324,C291,P08,1,100.99,2025-07-27 22:12:26,100.99,340.98
O07326,C253,P34,1,53.99,2026-05-03 19:40:34,53.99,53.99
O07327,C387,P36,1,47.99,2025-12-05 12:56:06,47.99,47.99
O07328,C015,P09,1,34.99,2024-09-01 02:46:32,34.99,34.99
O07329,C463,P33,1,74.99,2025-11-04 02:46:11,74.99,204.97
O07329,C463,P14,1,70.99,2025-11-04 02:46:11,70.99,204.97
O07329,C463,P42,1,58.99,2025-11-04 02:46:11,58.99,204.97
O07330,C448,P05,1,429.99,2025-06-05 01:24:03,429.99,429.99
O07331,C207,P18,1,44.99,2025-10-27 15:26:39,44.99,44.99
O07332,C392,P48,1,78.99,2026-03-24 12:56:35,78.99,270.98
O07332,C392,P50,1,191.99,2026-03-24 12:56:35,191.99,270.98
O07333,C153,P09,1,34.99,2025-11-30 02:37:46,34.99,34.99
O07334,C089,P16,1,30.99,2025-07-02 03:02:52,30.99,65.98
O07334,C089,P09,1,34.99,2025-07-02 03:02:52,34.99,65.98
O07335,C320,P13,1,114.99,2026-03-14 03:11:15,114.99,286.97
O07335,C320,P20,1,96.99,2026-03-14 03:11:15,96.99,286.97
O07335,C320,P33,1,74.99,2026-03-14 03:11:15,74.99,286.97
O07336,C167,P06,2,402.99,2025-04-13 08:51:13,805.98,1232.95
O07336,C167,P29,1,199.99,2025-04-13 08:51:13,199.99,1232.95
O07336,C167,P09,1,34.99,2025-04-13 08:51:13,34.99,1232.95
O07336,C167,P50,1,191.99,2025-04-13 08:51:13,191.99,1232.95
O07337,C203,P25,2,25.99,2024-11-30 02:50:04,51.98,129.97
O07337,C203,P49,1,77.99,2024-11-30 02:50:04,77.99,129.97
O07338,C009,P14,1,70.99,2025-11-09 18:34:31,70.99,276.98
O07338,C009,P23,1,205.99,2025-11-09 18:34:31,205.99,276.98
O07339,C473,P15,1,18.99,2025-08-27 19:12:06,18.99,385.98
O07339,C473,P07,1,366.99,2025-08-27 19:12:06,366.99,385.98
O07340,C227,P07,1,366.99,2024-07-07 18:37:31,366.99,366.99
O07341,C334,P01,1,345.99,2026-03-18 00:59:21,345.99,345.99
O07342,C438,P25,1,25.99,2025-12-15 15:07:41,25.99,25.99
O07343,C139,P19,2,113.99,2024-11-23 17:44:07,227.98,227.98
O07344,C464,P42,1,58.99,2026-06-29 07:48:39,58.99,58.99
O07345,C240,P35,2,57.99,2026-02-01 00:52:52,115.98,115.98
O07346,C374,P20,1,96.99,2026-05-19 21:33:17,96.99,96.99
O07347,C068,P09,1,34.99,2024-11-12 23:30:24,34.99,401.98
O07347,C068,P07,1,366.99,2024-11-12 23:30:24,366.99,401.98
O07348,C388,P38,1,38.99,2026-04-19 15:08:21,38.99,38.99
O07349,C373,P08,1,100.99,2026-01-18 09:16:57,100.99,100.99
O07350,C302,P05,1,429.99,2025-05-09 14:31:19,429.99,513.97
O07350,C302,P47,2,41.99,2025-05-09 14:31:19,83.98,513.97
O07351,C495,P19,1,113.99,2026-03-14 00:26:13,113.99,228.98
O07351,C495,P13,1,114.99,2026-03-14 00:26:13,114.99,228.98
O07352,C010,P47,3,41.99,2025-11-20 16:16:10,125.97,125.97
O07353,C139,P45,1,110.99,2024-11-21 07:29:15,110.99,110.99
O07354,C437,P33,1,74.99,2025-11-03 09:33:26,74.99,192.97
O07354,C437,P42,2,58.99,2025-11-03 09:33:26,117.98,192.97
O07355,C100,P15,1,18.99,2024-11-13 10:54:54,18.99,830.95
O07355,C100,P22,3,194.99,2024-11-13 10:54:54,584.97,830.95
O07355,C100,P02,1,226.99,2024-11-13 10:54:54,226.99,830.95
O07356,C229,P15,1,18.99,2024-12-19 07:10:37,18.99,18.99
O07357,C252,P22,2,194.99,2026-03-13 07:59:30,389.98,468.96
O07357,C252,P34,1,53.99,2026-03-13 07:59:30,53.99,468.96
O07357,C252,P32,1,24.99,2026-03-13 07:59:30,24.99,468.96
O07358,C072,P43,2,138.99,2024-11-12 02:54:43,277.98,411.96
O07358,C072,P11,1,91.99,2024-11-12 02:54:43,91.99,411.96
O07358,C072,P47,1,41.99,2024-11-11 21:24:43,41.99,411.96
O07359,C325,P04,1,281.99,2024-11-10 21:17:08,281.99,559.96
O07359,C325,P13,1,114.99,2024-11-10 21:17:08,114.99,559.96
O07359,C325,P15,1,18.99,2024-11-10 21:17:08,18.99,559.96
O07359,C325,P44,1,143.99,2024-11-10 21:17:08,143.99,559.96
O07360,C471,P04,1,281.99,2026-05-02 06:22:53,281.99,281.99
O07361,C161,P25,1,25.99,2025-11-13 13:15:34,25.99,25.99
O07362,C144,P25,1,25.99,2025-04-11 06:26:55,25.99,25.99
O07363,C472,P45,2,110.99,2025-11-21 02:38:36,221.98,221.98
O07364,C437,P19,1,113.99,2026-01-01 07:45:41,113.99,352.97
O07364,C437,P21,1,196.99,2026-01-01 07:45:41,196.99,352.97
O07364,C437,P47,1,41.99,2026-01-01 07:45:41,41.99,352.97
O07365,C255,P10,1,92.99,2025-07-03 15:54:20,92.99,150.98
O07365,C255,P35,1,57.99,2025-07-03 15:54:20,57.99,150.98
O07366,C279,P26,1,87.99,2025-07-28 12:06:25,87.99,234.96
O07366,C279,P15,1,18.99,2025-07-28 12:06:25,18.99,234.96
O07366,C279,P16,1,30.99,2025-07-28 12:06:25,30.99,234.96
O07366,C279,P20,1,96.99,2025-07-28 12:06:25,96.99,234.96
O07367,C174,P39,1,21.99,2024-12-18 03:24:00,21.99,21.99
O07368,C234,P05,2,429.99,2024-07-09 11:43:16,859.98,859.98
O07369,C134,P32,1,24.99,2026-03-22 13:23:41,24.99,24.99
O07370,C049,P42,1,58.99,2026-06-15 13:30:43,58.99,100.98
O07370,C049,P47,1,41.99,2026-06-15 13:30:43,41.99,100.98
O07371,C009,P16,1,30.99,2025-05-28 07:22:06,30.99,30.99
O07372,C188,P39,1,21.99,2025-04-17 18:13:14,21.99,21.99
O07373,C434,P46,2,154.99,2025-02-01 10:44:34,309.98,309.98
O07374,C110,P03,1,205.99,2026-02-15 19:52:19,205.99,205.99
O07375,C219,P28,1,198.99,2025-05-18 23:52:23,198.99,601.98
O07375,C219,P06,1,402.99,2025-05-18 23:52:23,402.99,601.98
O07376,C281,P07,1,366.99,2025-11-20 07:49:58,366.99,366.99
O07377,C249,P14,1,70.99,2026-01-03 12:37:46,70.99,145.98
O07377,C249,P33,1,74.99,2026-01-03 12:37:46,74.99,145.98
O07378,C085,P15,2,18.99,2026-02-16 03:51:18,37.98,54.97
O07378,C085,P31,1,16.99,2026-02-16 03:51:18,16.99,54.97
O07379,C328,P15,1,18.99,2025-12-07 00:09:03,18.99,421.98
O07379,C328,P06,1,402.99,2025-12-07 05:39:03,402.99,421.98
O07380,C201,P17,1,22.99,2025-11-22 16:26:28,22.99,214.98
O07380,C201,P50,1,191.99,2025-11-22 16:26:28,191.99,214.98
O07381,C224,P05,1,429.99,2026-02-04 14:12:08,429.99,429.99
O07382,C500,P43,1,138.99,2025-11-16 19:16:16,138.99,372.96
O07382,C500,P36,1,47.99,2025-11-16 19:16:16,47.99,372.96
O07382,C500,P10,2,92.99,2025-11-16 19:16:16,185.98,372.96
O07383,C343,P46,1,154.99,2025-05-03 22:48:29,154.99,255.98
O07383,C343,P08,1,100.99,2025-05-03 22:48:29,100.99,255.98
O07385,C034,P45,1,110.99,2025-09-20 18:37:19,110.99,132.98
O07385,C034,P39,1,21.99,2025-09-20 18:37:19,21.99,132.98
O07386,C404,P25,1,25.99,2024-11-13 03:58:30,25.99,25.99
O07387,C068,P06,3,402.99,2024-11-04 14:19:01,1208.97,1208.97
O07388,C428,P33,1,74.99,2025-04-14 21:21:54,74.99,176.97
O07388,C428,P37,1,42.99,2025-04-14 21:21:54,42.99,176.97
O07388,C428,P42,1,58.99,2025-04-14 21:21:54,58.99,176.97
O07389,C287,P18,1,44.99,2024-10-18 23:15:22,44.99,44.99
O07390,C045,P38,2,38.99,2025-08-26 03:02:01,77.98,77.98
O07391,C131,P35,1,57.99,2025-04-06 03:56:55,57.99,509.95
O07391,C131,P41,1,199.99,2025-04-06 03:56:55,199.99,509.95
O07391,C131,P23,1,205.99,2025-04-06 03:56:55,205.99,509.95
O07391,C131,P17,2,22.99,2025-04-06 03:56:55,45.98,509.95
O07392,C235,P42,1,58.99,2026-04-06 12:49:55,58.99,58.99
O07393,C263,P04,1,281.99,2024-09-08 17:27:27,281.99,281.99
O07394,C347,P29,3,199.99,2026-04-05 23:37:22,599.97,848.95
O07394,C347,P39,1,21.99,2026-04-05 23:37:22,21.99,848.95
O07394,C347,P02,1,226.99,2026-04-05 23:37:22,226.99,848.95
O07395,C426,P11,2,91.99,2026-05-02 08:09:47,183.98,202.97
O07395,C426,P15,1,18.99,2026-05-02 08:09:47,18.99,202.97
O07396,C257,P40,1,10.99,2024-12-25 17:32:58,10.99,10.99
O07397,C276,P45,1,110.99,2025-12-03 13:18:48,110.99,755.96
O07397,C276,P19,1,113.99,2025-12-03 13:18:48,113.99,755.96
O07397,C276,P05,1,429.99,2025-12-03 13:18:48,429.99,755.96
O07397,C276,P12,1,100.99,2025-12-03 13:18:48,100.99,755.96
O07398,C309,P26,1,87.99,2026-06-05 06:48:31,87.99,87.99
O07399,C074,P14,1,70.99,2024-12-06 04:25:17,70.99,96.98
O07399,C074,P25,1,25.99,2024-12-06 04:25:17,25.99,96.98
O07400,C489,P31,2,16.99,2026-07-04 17:30:03,33.98,400.97
O07400,C489,P07,1,366.99,2026-07-04 17:30:03,366.99,400.97
O07401,C429,P20,1,96.99,2026-05-29 08:31:46,96.99,96.99
O07402,C494,P08,1,100.99,2026-03-28 01:36:27,100.99,100.99
O07403,C294,P41,1,199.99,2025-10-13 16:15:51,199.99,405.98
O07403,C294,P23,1,205.99,2025-10-13 16:15:51,205.99,405.98
O07404,C223,P27,1,239.99,2026-01-10 16:21:35,239.99,676.97
O07404,C223,P30,1,236.99,2026-01-10 16:21:35,236.99,676.97
O07404,C223,P29,1,199.99,2026-01-10 16:21:35,199.99,676.97
O07405,C158,P03,1,205.99,2025-10-21 10:51:13,205.99,243.97
O07405,C158,P15,2,18.99,2025-10-21 10:51:13,37.98,243.97
O07406,C448,P02,1,226.99,2025-12-04 12:43:08,226.99,226.99
O07407,C278,P41,2,199.99,2026-04-29 22:47:25,399.98,941.95
O07407,C278,P24,1,299.99,2026-04-29 22:47:25,299.99,941.95
O07407,C278,P47,1,41.99,2026-04-29 22:47:25,41.99,941.95
O07407,C278,P29,1,199.99,2026-04-29 22:47:25,199.99,941.95
O07408,C498,P13,1,114.99,2026-05-08 23:12:55,114.99,114.99
O07409,C269,P36,1,47.99,2024-07-13 06:28:05,47.99,47.99
O07410,C276,P08,1,100.99,2026-03-18 00:29:18,100.99,510.96
O07410,C276,P45,1,110.99,2026-03-18 00:29:18,110.99,510.96
O07410,C276,P10,1,92.99,2026-03-18 00:29:18,92.99,510.96
O07410,C276,P03,1,205.99,2026-03-18 00:29:18,205.99,510.96
O07411,C223,P26,3,87.99,2025-03-26 22:24:47,263.97,378.96
O07411,C223,P13,1,114.99,2025-03-26 22:24:47,114.99,378.96
O07412,C387,P09,1,34.99,2025-03-16 19:09:50,34.99,135.98
O07412,C387,P12,1,100.99,2025-03-16 19:09:50,100.99,135.98
O07413,C146,P39,1,21.99,2026-06-07 05:06:03,21.99,21.99
O07414,C496,P35,1,57.99,2026-01-21 05:57:01,57.99,57.99
O07415,C481,P49,1,77.99,2026-03-29 06:31:46,77.99,77.99
O07416,C119,P48,1,78.99,2024-11-26 14:53:44,78.99,149.98
O07416,C119,P14,1,70.99,2024-11-26 14:53:44,70.99,149.98
O07417,C363,P09,1,34.99,2025-12-14 19:00:05,34.99,34.99
O07418,C349,P15,1,18.99,2025-11-30 19:09:56,18.99,18.99
O07419,C008,P46,1,154.99,2025-12-13 10:56:30,154.99,778.96
O07419,C008,P01,1,345.99,2025-12-13 10:56:30,345.99,778.96
O07419,C008,P43,2,138.99,2025-12-13 10:56:30,277.98,778.96
O07420,C480,P06,3,402.99,2026-03-10 09:38:40,1208.97,1208.97
O07421,C310,P38,1,38.99,2025-06-15 04:12:55,38.99,413.96
O07421,C310,P28,1,198.99,2025-06-15 04:12:55,198.99,413.96
O07421,C310,P48,1,78.99,2025-06-15 04:12:55,78.99,413.96
O07421,C310,P20,1,96.99,2025-06-15 04:12:55,96.99,413.96
O07422,C115,P44,1,143.99,2024-09-22 17:00:44,143.99,143.99
O07423,C128,P48,1,78.99,2025-08-31 07:58:27,78.99,270.98
O07423,C128,P50,1,191.99,2025-08-31 07:58:27,191.99,270.98
O07424,C360,P44,1,143.99,2025-08-23 09:46:03,143.99,143.99
O07425,C311,P43,1,138.99,2025-01-30 11:56:57,138.99,138.99
O07426,C275,P45,2,110.99,2024-10-11 03:41:04,221.98,221.98
O07427,C309,P12,2,100.99,2025-12-21 04:51:57,201.98,293.97
O07427,C309,P11,1,91.99,2025-12-21 04:51:57,91.99,293.97
O07428,C318,P22,1,194.99,2025-09-13 16:37:45,194.99,493.97
O07428,C318,P46,1,154.99,2025-09-13 16:37:45,154.99,493.97
O07428,C318,P44,1,143.99,2025-09-13 16:37:45,143.99,493.97
O07429,C076,P34,1,53.99,2024-08-11 01:43:35,53.99,164.98
O07429,C076,P45,1,110.99,2024-08-11 01:43:35,110.99,164.98
O07430,C082,P44,1,143.99,2024-12-07 23:51:09,143.99,168.98
O07430,C082,P32,1,24.99,2024-12-07 23:51:09,24.99,168.98
O07431,C266,P20,1,96.99,2024-12-09 01:05:39,96.99,287.96
O07431,C266,P18,2,44.99,2024-12-09 01:05:39,89.98,287.96
O07431,C266,P08,1,100.99,2024-12-09 01:05:39,100.99,287.96
O07432,C390,P19,1,113.99,2026-05-15 08:09:21,113.99,113.99
O07433,C307,P36,1,47.99,2026-02-22 02:51:31,47.99,70.98
O07433,C307,P17,1,22.99,2026-02-22 02:51:31,22.99,70.98
O07434,C080,P06,1,402.99,2024-12-01 04:32:42,402.99,684.98
O07434,C080,P04,1,281.99,2024-12-01 04:32:42,281.99,684.98
O07435,C468,P48,1,78.99,2026-02-22 02:00:18,78.99,117.98
O07435,C468,P38,1,38.99,2026-02-22 02:00:18,38.99,117.98
O07436,C415,P43,1,138.99,2025-01-03 07:19:57,138.99,138.99
O07437,C079,P39,1,21.99,2026-06-20 09:09:22,21.99,21.99
O07438,C105,P36,1,47.99,2024-10-10 12:48:10,47.99,47.99
O07439,C459,P28,2,198.99,2024-12-21 17:29:50,397.98,541.97
O07439,C459,P44,1,143.99,2024-12-21 17:29:50,143.99,541.97
O07440,C045,P12,1,100.99,2025-11-22 13:40:34,100.99,100.99
O07441,C214,P32,1,24.99,2024-10-27 00:19:10,24.99,324.98
O07441,C214,P24,1,299.99,2024-10-27 00:19:10,299.99,324.98
O07442,C046,P04,1,281.99,2024-08-26 02:44:57,281.99,281.99
O07443,C270,P12,1,100.99,2025-12-06 04:22:58,100.99,171.98
O07443,C270,P14,1,70.99,2025-12-06 04:22:58,70.99,171.98
O07444,C060,P08,2,100.99,2025-06-15 17:10:54,201.98,491.96
O07444,C060,P21,1,196.99,2025-06-15 17:10:54,196.99,491.96
O07444,C060,P10,1,92.99,2025-06-15 17:10:54,92.99,491.96
O07445,C022,P27,1,239.99,2025-01-12 13:01:52,239.99,239.99
O07446,C192,P48,1,78.99,2026-02-13 16:19:41,78.99,273.98
O07446,C192,P22,1,194.99,2026-02-13 16:19:41,194.99,273.98
O07447,C384,P19,1,113.99,2026-04-23 08:08:51,113.99,113.99
O07448,C430,P29,2,199.99,2026-02-09 16:53:28,399.98,594.97
O07448,C430,P22,1,194.99,2026-02-09 16:53:28,194.99,594.97
O07449,C083,P08,1,100.99,2024-11-13 23:33:55,100.99,100.99
O07450,C348,P44,1,143.99,2026-04-19 17:41:03,143.99,855.97
O07450,C348,P05,1,429.99,2026-04-19 17:41:03,429.99,855.97
O07450,C348,P04,1,281.99,2026-04-19 17:41:03,281.99,855.97
O07451,C073,P22,1,194.99,2024-12-10 06:20:34,194.99,194.99
O07452,C441,P48,1,78.99,2025-06-10 05:29:19,78.99,378.98
O07452,C441,P24,1,299.99,2025-06-10 05:29:19,299.99,378.98
O07453,C261,P26,1,87.99,2026-05-10 16:12:10,87.99,293.98
O07453,C261,P03,1,205.99,2026-05-10 16:12:10,205.99,293.98
O07454,C160,P38,1,38.99,2024-12-05 08:14:51,38.99,139.98
O07454,C160,P08,1,100.99,2024-12-05 08:14:51,100.99,139.98
O07455,C258,P29,1,199.99,2025-09-09 09:52:22,199.99,241.98
O07455,C258,P47,1,41.99,2025-09-09 09:52:22,41.99,241.98
O07456,C152,P02,1,226.99,2025-12-05 06:14:03,226.99,226.99
O07457,C451,P36,1,47.99,2025-12-18 21:53:58,47.99,239.98
O07457,C451,P50,1,191.99,2025-12-18 21:53:58,191.99,239.98
O07458,C340,P28,1,198.99,2025-08-06 11:15:21,198.99,198.99
O07459,C078,P39,1,21.99,2025-02-28 17:42:02,21.99,111.97
O07459,C078,P18,2,44.99,2025-02-28 17:42:02,89.98,111.97
O07460,C336,P13,1,114.99,2026-03-15 08:49:15,114.99,114.99
O07461,C035,P25,2,25.99,2024-11-17 19:55:13,51.98,130.97
O07461,C035,P48,1,78.99,2024-11-17 19:55:13,78.99,130.97
O07462,C207,P11,2,91.99,2025-12-24 10:55:00,183.98,183.98
O07463,C005,P20,1,96.99,2025-11-03 00:23:12,96.99,174.98
O07463,C005,P49,1,77.99,2025-11-03 00:23:12,77.99,174.98
O07464,C346,P05,2,429.99,2026-04-30 22:09:28,859.98,1001.96
O07464,C346,P14,2,70.99,2026-04-30 22:09:28,141.98,1001.96
O07465,C381,P24,2,299.99,2025-11-16 10:04:34,599.98,599.98
O07466,C305,P08,1,100.99,2025-08-06 13:07:40,100.99,100.99
O07467,C021,P18,1,44.99,2025-12-07 18:57:32,44.99,617.97
O07467,C021,P02,1,226.99,2025-12-07 18:57:32,226.99,617.97
O07467,C021,P01,1,345.99,2025-12-07 18:57:32,345.99,617.97
O07468,C352,P36,1,47.99,2025-12-16 20:03:06,47.99,89.98
O07468,C352,P47,1,41.99,2025-12-16 20:03:06,41.99,89.98
O07469,C057,P39,1,21.99,2026-02-22 14:51:15,21.99,21.99
O07470,C221,P49,1,77.99,2024-11-27 03:23:23,77.99,77.99
O07471,C316,P21,1,196.99,2025-12-28 10:12:06,196.99,196.99
O07472,C479,P43,1,138.99,2026-03-15 12:06:50,138.99,138.99
O07473,C012,P21,1,196.99,2026-04-04 20:42:03,196.99,196.99
O07474,C253,P15,1,18.99,2026-02-08 10:54:34,18.99,18.99
O07475,C328,P18,1,44.99,2024-12-16 04:35:30,44.99,691.94
O07475,C328,P01,1,345.99,2024-12-16 04:35:30,345.99,691.94
O07475,C328,P43,1,138.99,2024-12-16 04:35:30,138.99,691.94
O07475,C328,P34,3,53.99,2024-12-16 04:35:30,161.97,691.94
O07476,C265,P41,1,199.99,2025-12-05 04:58:14,199.99,199.99
O07477,C345,P08,1,100.99,2025-07-19 05:51:27,100.99,100.99
O07478,C300,P25,1,25.99,2024-11-03 17:45:32,25.99,25.99
O07479,C482,P42,1,58.99,2026-04-04 08:56:18,58.99,58.99
O07480,C096,P48,1,78.99,2025-06-21 19:26:39,78.99,308.97
O07480,C096,P13,2,114.99,2025-06-21 19:26:39,229.98,308.97
O07481,C078,P24,1,299.99,2024-07-09 11:53:05,299.99,437.97
O07481,C078,P48,1,78.99,2024-07-09 11:53:05,78.99,437.97
O07481,C078,P42,1,58.99,2024-07-09 11:53:05,58.99,437.97
O07482,C445,P15,1,18.99,2026-01-15 23:47:14,18.99,18.99
O07483,C140,P33,1,74.99,2025-08-24 11:57:36,74.99,167.98
O07483,C140,P10,1,92.99,2025-08-24 11:57:36,92.99,167.98
O07484,C150,P14,1,70.99,2024-12-29 07:43:31,70.99,194.97
O07484,C150,P08,1,100.99,2024-12-29 07:43:31,100.99,194.97
O07484,C150,P17,1,22.99,2024-12-29 07:43:31,22.99,194.97
O07485,C117,P01,1,345.99,2026-06-18 01:34:06,345.99,364.98
O07485,C117,P15,1,18.99,2026-06-18 01:34:06,18.99,364.98
O07486,C330,P30,1,236.99,2025-01-27 15:22:23,236.99,585.96
O07486,C330,P35,1,57.99,2025-01-27 15:22:23,57.99,585.96
O07486,C330,P28,1,198.99,2025-01-27 15:22:23,198.99,585.96
O07486,C330,P11,1,91.99,2025-01-27 15:22:23,91.99,585.96
O07487,C379,P20,2,96.99,2026-03-06 09:14:03,193.98,193.98
O07488,C477,P33,1,74.99,2026-04-01 15:21:57,74.99,74.99
O07489,C118,P26,1,87.99,2025-08-24 16:40:34,87.99,490.98
O07489,C118,P06,1,402.99,2025-08-24 16:40:34,402.99,490.98
O07490,C044,P50,1,191.99,2025-09-18 10:43:32,191.99,418.98
O07490,C044,P02,1,226.99,2025-09-18 10:43:32,226.99,418.98
O07491,C420,P23,1,205.99,2025-08-13 15:07:19,205.99,205.99
O07492,C073,P14,1,70.99,2025-08-05 13:52:33,70.99,348.97
O07492,C073,P49,1,77.99,2025-08-05 13:52:33,77.99,348.97
O07492,C073,P41,1,199.99,2025-08-05 13:52:33,199.99,348.97
O07493,C091,P10,1,92.99,2024-08-21 05:12:33,92.99,92.99
O07494,C247,P09,1,34.99,2024-08-29 19:16:15,34.99,162.97
O07494,C247,P31,1,16.99,2024-08-29 19:16:15,16.99,162.97
O07494,C247,P45,1,110.99,2024-08-29 19:16:15,110.99,162.97
O07495,C282,P04,1,281.99,2025-01-25 05:16:23,281.99,373.98
O07495,C282,P11,1,91.99,2025-01-25 05:16:23,91.99,373.98
O07496,C062,P47,1,41.99,2024-07-31 03:32:22,41.99,99.98
O07496,C062,P35,1,57.99,2024-07-31 03:32:22,57.99,99.98
O07497,C383,P34,1,53.99,2026-02-01 02:16:15,53.99,208.98
O07497,C383,P46,1,154.99,2026-02-01 02:16:15,154.99,208.98
O07498,C326,P37,1,42.99,2026-01-06 08:57:37,42.99,42.99
O07499,C144,P42,1,58.99,2025-07-03 02:34:55,58.99,680.97
O07499,C144,P50,1,191.99,2025-07-03 02:34:55,191.99,680.97
O07499,C144,P05,1,429.99,2025-07-03 02:34:55,429.99,680.97
O07500,C389,P27,1,239.99,2025-04-23 04:56:04,239.99,606.98
O07500,C389,P07,1,366.99,2025-04-23 04:56:04,366.99,606.98
O07501,C225,P50,1,191.99,2024-11-22 23:15:30,191.99,191.99
O07502,C178,P36,1,47.99,2025-12-16 22:25:12,47.99,47.99
O07503,C136,P43,1,138.99,2024-10-17 20:22:29,138.99,670.95
O07503,C136,P08,2,100.99,2024-10-17 20:22:29,201.98,670.95
O07503,C136,P36,1,47.99,2024-10-17 20:22:29,47.99,670.95
O07503,C136,P04,1,281.99,2024-10-17 20:22:29,281.99,670.95
O07504,C339,P24,1,299.99,2026-01-27 06:39:53,299.99,299.99
O07505,C325,P01,1,345.99,2025-03-09 03:40:16,345.99,345.99
O07506,C432,P18,1,44.99,2026-06-04 14:17:20,44.99,644.97
O07506,C432,P24,2,299.99,2026-06-04 14:17:20,599.98,644.97
O07507,C298,P28,2,198.99,2025-11-08 19:09:23,397.98,397.98
O07508,C117,P50,1,191.99,2025-06-13 22:51:14,191.99,191.99
O07509,C387,P26,1,87.99,2026-06-02 15:07:11,87.99,87.99
O07510,C256,P02,1,226.99,2024-08-28 01:38:21,226.99,249.98
O07510,C256,P17,1,22.99,2024-08-28 01:38:21,22.99,249.98
O07511,C277,P04,1,281.99,2026-04-26 12:13:09,281.99,281.99
O07512,C184,P19,1,113.99,2025-11-22 15:18:30,113.99,113.99
O07513,C203,P02,1,226.99,2025-03-30 07:20:09,226.99,226.99
O07514,C153,P50,1,191.99,2024-08-16 16:37:29,191.99,548.97
O07514,C153,P01,1,345.99,2024-08-16 16:37:29,345.99,548.97
O07514,C153,P40,1,10.99,2024-08-16 16:37:29,10.99,548.97
O07515,C137,P18,1,44.99,2026-04-14 19:44:56,44.99,61.98
O07515,C137,P31,1,16.99,2026-04-14 19:44:56,16.99,61.98
O07516,C101,P25,1,25.99,2025-03-02 19:45:51,25.99,484.97
O07516,C101,P11,1,91.99,2025-03-02 19:45:51,91.99,484.97
O07516,C101,P07,1,366.99,2025-03-02 19:45:51,366.99,484.97
O07517,C214,P34,1,53.99,2024-11-02 13:29:54,53.99,53.99
O07518,C424,P04,1,281.99,2025-11-26 00:29:26,281.99,684.98
O07518,C424,P06,1,402.99,2025-11-26 05:59:26,402.99,684.98
O07519,C048,P08,1,100.99,2025-04-16 14:14:11,100.99,211.98
O07519,C048,P45,1,110.99,2025-04-16 14:14:11,110.99,211.98
O07520,C395,P20,1,96.99,2026-05-24 11:37:17,96.99,144.97
O07520,C395,P17,1,22.99,2026-05-24 11:37:17,22.99,144.97
O07520,C395,P32,1,24.99,2026-05-24 11:37:17,24.99,144.97
O07521,C175,P38,1,38.99,2024-12-06 07:28:46,38.99,275.98
O07521,C175,P30,1,236.99,2024-12-06 07:28:46,236.99,275.98
O07522,C071,P37,1,42.99,2025-05-30 04:50:52,42.99,42.99
O07523,C464,P30,1,236.99,2026-03-27 12:14:02,236.99,236.99
O07524,C486,P47,1,41.99,2026-06-18 06:45:13,41.99,89.98
O07524,C486,P36,1,47.99,2026-06-18 06:45:13,47.99,89.98
O07525,C257,P27,1,239.99,2025-06-27 06:42:40,239.99,239.99
O07526,C095,P07,1,366.99,2024-09-10 16:29:35,366.99,497.96
O07526,C095,P48,1,78.99,2024-09-10 16:29:35,78.99,497.96
O07526,C095,P25,2,25.99,2024-09-10 16:29:35,51.98,497.96
O07527,C270,P04,1,281.99,2025-06-14 07:21:47,281.99,487.98
O07527,C270,P23,1,205.99,2025-06-14 07:21:47,205.99,487.98
O07528,C327,P27,1,239.99,2025-11-10 06:19:19,239.99,401.96
O07528,C327,P34,3,53.99,2025-11-10 06:19:19,161.97,401.96
O07529,C019,P49,1,77.99,2025-10-23 14:39:00,77.99,77.99
O07530,C446,P50,1,191.99,2026-03-29 18:14:54,191.99,309.97
O07530,C446,P42,2,58.99,2026-03-29 18:14:54,117.98,309.97
O07531,C443,P35,2,57.99,2025-11-10 23:44:39,115.98,358.96
O07531,C443,P29,1,199.99,2025-11-10 23:44:39,199.99,358.96
O07531,C443,P37,1,42.99,2025-11-10 23:44:39,42.99,358.96
O07532,C452,P48,1,78.99,2026-05-07 20:51:56,78.99,78.99
O07533,C424,P24,1,299.99,2025-07-24 19:24:24,299.99,299.99
O07534,C123,P24,1,299.99,2025-04-07 00:50:51,299.99,299.99
O07535,C005,P33,1,74.99,2025-11-08 08:07:45,74.99,74.99
O07536,C257,P10,1,92.99,2025-09-11 03:04:29,92.99,92.99
O07538,C329,P44,1,143.99,2026-06-22 21:32:46,143.99,231.98
O07538,C329,P26,1,87.99,2026-06-22 21:32:46,87.99,231.98
O07539,C192,P11,1,91.99,2025-04-18 02:26:27,91.99,91.99
O07540,C002,P12,1,100.99,2024-11-01 17:01:09,100.99,100.99
O07541,C151,P06,1,402.99,2026-02-10 13:05:44,402.99,402.99
O07542,C424,P26,1,87.99,2025-06-01 13:25:26,87.99,600.96
O07542,C424,P23,1,205.99,2025-06-01 13:25:26,205.99,600.96
O07542,C424,P32,1,24.99,2025-06-01 13:25:26,24.99,600.96
O07542,C424,P04,1,281.99,2025-06-01 13:25:26,281.99,600.96
O07543,C387,P02,1,226.99,2025-11-26 06:43:46,226.99,237.98
O07543,C387,P40,1,10.99,2025-11-26 06:43:46,10.99,237.98
O07544,C397,P17,1,22.99,2026-04-30 19:04:29,22.99,22.99
O07546,C489,P30,1,236.99,2026-02-15 01:43:43,236.99,690.97
O07546,C489,P02,2,226.99,2026-02-15 01:43:43,453.98,690.97
O07547,C154,P18,1,44.99,2025-06-07 01:48:39,44.99,44.99
O07548,C199,P39,1,21.99,2025-11-22 04:37:26,21.99,21.99
O07549,C462,P45,1,110.99,2025-11-15 16:38:53,110.99,789.96
O07549,C462,P28,1,198.99,2025-11-15 16:38:53,198.99,789.96
O07549,C462,P27,2,239.99,2025-11-15 16:38:53,479.98,789.96
O07550,C059,P29,1,199.99,2025-12-06 01:01:59,199.99,199.99
O07551,C241,P01,1,345.99,2025-04-06 21:02:03,345.99,345.99
O07552,C471,P14,1,70.99,2025-12-21 22:27:19,70.99,145.98
O07552,C471,P33,1,74.99,2025-12-21 22:27:19,74.99,145.98
O07553,C164,P17,3,22.99,2024-11-19 00:38:19,68.97,68.97
O07554,C336,P48,2,78.99,2025-12-15 05:40:40,157.98,157.98
O07555,C012,P37,1,42.99,2024-11-15 08:52:41,42.99,432.97
O07555,C012,P17,1,22.99,2024-11-15 08:52:41,22.99,432.97
O07555,C012,P07,1,366.99,2024-11-15 08:52:41,366.99,432.97
O07556,C171,P29,1,199.99,2024-12-18 05:21:44,199.99,199.99
O07557,C164,P39,2,21.99,2025-04-19 19:35:14,43.98,43.98
O07559,C415,P47,1,41.99,2025-08-30 21:31:09,41.99,41.99
O07560,C099,P01,1,345.99,2025-11-30 03:18:44,345.99,345.99
O07561,C154,P34,1,53.99,2024-12-09 05:32:32,53.99,107.97
O07561,C154,P37,1,42.99,2024-12-09 05:32:32,42.99,107.97
O07561,C154,P40,1,10.99,2024-12-09 05:32:32,10.99,107.97
O07562,C417,P36,1,47.99,2026-07-05 13:38:36,47.99,148.98
O07562,C417,P08,1,100.99,2026-07-05 13:38:36,100.99,148.98
O07563,C404,P04,1,281.99,2026-02-20 02:03:16,281.99,281.99
O07564,C337,P40,1,10.99,2024-11-06 21:27:16,10.99,10.99
O07565,C492,P21,1,196.99,2025-11-13 17:57:33,196.99,196.99
O07567,C256,P40,1,10.99,2025-02-02 23:44:32,10.99,205.98
O07567,C256,P22,1,194.99,2025-02-02 23:44:32,194.99,205.98
O07568,C492,P15,1,18.99,2025-08-23 18:28:41,18.99,614.95
O07568,C492,P37,1,42.99,2025-08-23 18:28:41,42.99,614.95
O07568,C492,P48,1,78.99,2025-08-23 18:28:41,78.99,614.95
O07568,C492,P30,2,236.99,2025-08-23 18:28:41,473.98,614.95
O07569,C002,P13,1,114.99,2026-03-07 08:57:05,114.99,114.99
O07570,C465,P40,1,10.99,2026-04-13 22:26:46,10.99,107.98
O07570,C465,P20,1,96.99,2026-04-13 22:26:46,96.99,107.98
O07571,C005,P01,1,345.99,2026-01-24 04:13:52,345.99,345.99
O07572,C497,P25,1,25.99,2026-05-16 21:35:24,25.99,25.99
O07573,C465,P05,1,429.99,2025-12-03 07:16:35,429.99,429.99
O07574,C153,P42,1,58.99,2026-02-27 02:04:57,58.99,58.99
O07575,C240,P06,1,402.99,2025-01-17 15:14:10,402.99,557.98
O07575,C240,P46,1,154.99,2025-01-17 15:14:10,154.99,557.98
O07576,C452,P12,1,100.99,2026-05-10 14:59:12,100.99,164.97
O07576,C452,P18,1,44.99,2026-05-10 14:59:12,44.99,164.97
O07576,C452,P15,1,18.99,2026-05-10 14:59:12,18.99,164.97
O07577,C490,P08,1,100.99,2026-02-21 15:51:44,100.99,337.98
O07577,C490,P30,1,236.99,2026-02-21 15:51:44,236.99,337.98
O07578,C326,P25,3,25.99,2025-12-14 22:02:02,77.97,131.96
O07578,C326,P34,1,53.99,2025-12-14 22:02:02,53.99,131.96
O07579,C230,P32,1,24.99,2024-11-10 06:17:03,24.99,24.99
O07580,C135,P01,2,345.99,2024-10-19 05:24:12,691.98,830.97
O07580,C135,P43,1,138.99,2024-10-19 05:24:12,138.99,830.97
O07581,C427,P49,1,77.99,2025-11-17 01:58:35,77.99,151.97
O07581,C427,P38,1,38.99,2025-11-17 01:58:35,38.99,151.97
O07581,C427,P09,1,34.99,2025-11-17 01:58:35,34.99,151.97
O07582,C078,P17,1,22.99,2024-11-05 07:13:56,22.99,22.99
O07583,C404,P02,1,226.99,2025-12-01 06:41:32,226.99,226.99
O07584,C318,P13,1,114.99,2025-04-20 01:26:00,114.99,306.98
O07584,C318,P50,1,191.99,2025-04-20 01:26:08,191.99,306.98
O07585,C294,P10,1,92.99,2025-03-08 03:39:28,92.99,150.98
O07585,C294,P35,1,57.99,2025-03-08 03:39:28,57.99,150.98
O07586,C197,P03,1,205.99,2025-07-05 23:15:07,205.99,205.99
O07587,C080,P35,1,57.99,2025-06-10 13:12:46,57.99,257.98
O07587,C080,P29,1,199.99,2025-06-10 13:12:46,199.99,257.98
O07588,C186,P04,1,281.99,2025-12-03 23:06:00,281.99,761.97
O07588,C186,P27,2,239.99,2025-12-03 17:36:08,479.98,761.97
O07589,C477,P45,1,110.99,2025-11-30 05:56:07,110.99,110.99
O07590,C389,P25,1,25.99,2025-10-02 02:25:54,25.99,25.99
O07591,C242,P07,1,366.99,2025-12-02 21:21:39,366.99,366.99
O07592,C038,P44,1,143.99,2024-10-16 04:38:09,143.99,197.98
O07592,C038,P34,1,53.99,2024-10-16 04:38:09,53.99,197.98
O07593,C436,P17,1,22.99,2025-08-14 20:42:20,22.99,222.98
O07593,C436,P29,1,199.99,2025-08-14 20:42:20,199.99,222.98
O07594,C428,P21,1,196.99,2025-08-16 11:02:51,196.99,242.97
O07594,C428,P17,2,22.99,2025-08-16 11:02:51,45.98,242.97
O07595,C308,P25,1,25.99,2026-03-03 20:49:44,25.99,350.97
O07595,C308,P37,1,42.99,2026-03-03 20:49:44,42.99,350.97
O07595,C308,P04,1,281.99,2026-03-03 20:49:44,281.99,350.97
O07596,C264,P41,1,199.99,2025-07-31 19:37:36,199.99,199.99
O07597,C444,P10,1,92.99,2026-05-26 08:54:00,92.99,92.99
O07598,C297,P20,1,96.99,2025-12-17 01:36:40,96.99,96.99
O07599,C348,P02,2,226.99,2026-06-01 03:36:33,453.98,554.97
O07599,C348,P12,1,100.99,2026-06-01 03:36:33,100.99,554.97
O07600,C255,P33,1,74.99,2025-06-03 06:03:34,74.99,1094.95
O07600,C255,P06,2,402.99,2025-06-03 06:03:34,805.98,1094.95
O07600,C255,P22,1,194.99,2025-06-03 06:03:34,194.99,1094.95
O07600,C255,P15,1,18.99,2025-06-03 06:03:34,18.99,1094.95
O07601,C199,P37,1,42.99,2026-01-02 14:28:03,42.99,42.99
O07602,C070,P10,1,92.99,2025-02-21 17:19:06,92.99,203.98
O07602,C070,P45,1,110.99,2025-02-21 17:19:06,110.99,203.98
O07603,C404,P45,1,110.99,2024-12-19 11:14:58,110.99,110.99
O07604,C388,P45,1,110.99,2026-05-07 08:49:41,110.99,337.98
O07604,C388,P02,1,226.99,2026-05-07 08:49:41,226.99,337.98
O07605,C089,P08,1,100.99,2025-06-22 05:08:06,100.99,100.99
O07606,C431,P42,2,58.99,2026-03-06 10:19:41,117.98,117.98
O07607,C386,P45,1,110.99,2025-10-10 04:43:19,110.99,540.98
O07607,C386,P05,1,429.99,2025-10-10 04:43:19,429.99,540.98
O07608,C200,P16,2,30.99,2026-02-02 02:56:00,61.98,61.98
O07609,C249,P40,1,10.99,2025-11-18 23:31:14,10.99,10.99
O07610,C172,P26,1,87.99,2026-05-12 22:19:40,87.99,633.97
O07610,C172,P01,1,345.99,2026-05-12 22:19:40,345.99,633.97
O07610,C172,P29,1,199.99,2026-05-12 22:19:40,199.99,633.97
O07611,C021,P19,1,113.99,2024-12-12 05:43:50,113.99,113.99
O07612,C011,P28,2,198.99,2024-10-06 02:28:35,397.98,397.98
O07613,C328,P13,1,114.99,2026-04-14 06:57:41,114.99,202.98
O07613,C328,P26,1,87.99,2026-04-14 06:57:41,87.99,202.98
O07614,C422,P06,2,402.99,2025-05-19 05:38:01,805.98,805.98
O07615,C271,P29,1,199.99,2026-06-14 17:55:27,199.99,199.99
O07616,C151,P43,1,138.99,2025-04-04 19:51:52,138.99,253.98
O07616,C151,P13,1,114.99,2025-04-04 19:51:52,114.99,253.98
O07617,C078,P33,1,74.99,2024-08-05 09:33:47,74.99,74.99
O07618,C098,P01,1,345.99,2024-09-21 18:57:37,345.99,567.97
O07618,C098,P45,2,110.99,2024-09-21 18:57:37,221.98,567.97
O07619,C417,P31,1,16.99,2025-08-12 09:24:07,16.99,498.97
O07619,C417,P04,1,281.99,2025-12-08 09:24:07,281.99,498.97
O07619,C417,P41,1,199.99,2025-12-08 09:24:07,199.99,498.97
O07620,C456,P50,1,191.99,2025-12-29 08:51:24,191.99,191.99
O07621,C157,P02,1,226.99,2026-06-07 12:17:10,226.99,226.99
O07622,C265,P13,1,114.99,2025-12-08 07:09:49,114.99,114.99
O07623,C428,P43,1,138.99,2025-11-25 20:46:19,138.99,507.96
O07623,C428,P29,1,199.99,2025-11-25 20:46:19,199.99,507.96
O07623,C428,P44,1,143.99,2025-11-25 20:46:19,143.99,507.96
O07623,C428,P32,1,24.99,2025-11-25 20:46:19,24.99,507.96
O07624,C453,P06,1,402.99,2025-12-27 22:10:38,402.99,402.99
O07625,C071,P26,1,87.99,2025-01-08 00:59:25,87.99,87.99
O07627,C474,P34,1,53.99,2025-07-10 16:56:39,53.99,53.99
O07628,C043,P18,2,44.99,2026-04-11 13:47:37,89.98,89.98
O07629,C322,P22,1,194.99,2026-05-27 21:48:04,194.99,194.99
O07630,C025,P18,1,44.99,2024-11-21 12:10:05,44.99,61.98
O07630,C025,P31,1,16.99,2024-11-21 12:10:05,16.99,61.98
O07631,C153,P45,1,110.99,2024-08-26 04:17:06,110.99,110.99
O07632,C162,P17,1,22.99,2025-03-13 13:04:55,22.99,22.99
O07633,C127,P30,2,236.99,2024-07-28 23:01:28,473.98,473.98
O07635,C431,P30,1,236.99,2025-08-29 22:30:48,236.99,350.98
O07635,C431,P19,1,113.99,2025-08-29 22:30:48,113.99,350.98
O07636,C370,P12,1,100.99,2025-12-13 07:31:30,100.99,197.98
O07636,C370,P20,1,96.99,2025-12-13 07:31:30,96.99,197.98
O07637,C132,P12,1,100.99,2024-11-15 16:19:50,100.99,158.98
O07637,C132,P35,1,57.99,2024-11-15 16:19:50,57.99,158.98
O07638,C395,P10,3,92.99,2026-05-26 03:08:48,278.97,477.96
O07638,C395,P28,1,198.99,2026-05-26 03:08:48,198.99,477.96
O07639,C428,P29,1,199.99,2026-01-02 19:55:53,199.99,221.98
O07639,C428,P39,1,21.99,2026-01-02 19:55:53,21.99,221.98
O07640,C338,P03,1,205.99,2026-07-01 16:04:37,205.99,205.99
O07641,C283,P47,1,41.99,2024-10-24 14:22:25,41.99,935.94
O07641,C283,P01,1,345.99,2024-10-24 14:22:25,345.99,935.94
O07641,C283,P19,3,113.99,2024-10-24 14:22:25,341.97,935.94
O07641,C283,P03,1,205.99,2024-10-24 14:22:25,205.99,935.94
O07642,C406,P02,2,226.99,2025-07-25 12:32:17,453.98,479.97
O07642,C406,P25,1,25.99,2025-07-25 12:32:17,25.99,479.97
O07643,C039,P13,1,114.99,2026-05-14 12:22:58,114.99,114.99
O07644,C388,P05,1,429.99,2026-05-25 17:47:26,429.99,757.97
O07644,C388,P12,1,100.99,2026-05-25 17:47:26,100.99,757.97
O07644,C388,P02,1,226.99,2026-05-25 17:47:26,226.99,757.97
O07645,C258,P20,1,96.99,2024-07-28 15:32:26,96.99,717.96
O07645,C258,P30,1,236.99,2024-07-28 15:32:26,236.99,717.96
O07645,C258,P50,2,191.99,2024-07-28 15:32:26,383.98,717.96
O07646,C193,P16,1,30.99,2026-07-05 00:56:47,30.99,30.99
O07647,C065,P44,1,143.99,2025-06-28 00:25:23,143.99,191.98
O07647,C065,P36,1,47.99,2025-06-28 00:25:23,47.99,191.98
O07648,C277,P21,1,196.99,2025-09-28 12:44:08,196.99,443.96
O07648,C277,P19,2,113.99,2025-09-28 12:44:08,227.98,443.96
O07648,C277,P15,1,18.99,2025-09-28 12:44:08,18.99,443.96
O07649,C010,P15,1,18.99,2025-01-13 17:51:36,18.99,221.97
O07649,C010,P46,1,154.99,2025-01-13 17:51:36,154.99,221.97
O07649,C010,P36,1,47.99,2025-01-13 17:51:36,47.99,221.97
O07650,C149,P18,1,44.99,2026-01-19 01:21:54,44.99,44.99
O07651,C404,P49,1,77.99,2024-11-02 00:46:00,77.99,317.98
O07651,C404,P27,1,239.99,2024-02-11 00:46:25,239.99,317.98
O07652,C023,P38,1,38.99,2025-09-15 18:10:41,38.99,38.99
O07653,C335,P11,2,91.99,2025-12-30 10:33:40,183.98,276.97
O07653,C335,P10,1,92.99,2025-12-30 10:33:40,92.99,276.97
O07654,C029,P26,1,87.99,2024-11-15 03:26:34,87.99,226.98
O07654,C029,P43,1,138.99,2024-11-15 03:26:34,138.99,226.98
O07655,C276,P06,1,402.99,2025-10-13 22:11:33,402.99,436.97
O07655,C276,P17,1,22.99,2025-10-13 22:11:33,22.99,436.97
O07655,C276,P40,1,10.99,2025-10-13 22:11:33,10.99,436.97
O07656,C223,P46,1,154.99,2026-02-28 18:42:54,154.99,154.99
O07657,C057,P45,2,110.99,2026-05-25 11:16:43,221.98,336.97
O07657,C057,P13,1,114.99,2026-05-25 11:16:43,114.99,336.97
O07658,C380,P25,1,25.99,2026-05-13 10:15:35,25.99,25.99
O07659,C328,P30,1,236.99,2026-03-20 09:18:37,236.99,236.99
O07660,C118,P30,1,236.99,2024-08-21 09:41:09,236.99,236.99
O07661,C398,P05,1,429.99,2026-01-11 10:51:25,429.99,429.99
O07662,C169,P27,2,239.99,2026-05-06 12:35:41,479.98,479.98
O07663,C306,P33,1,74.99,2026-06-24 09:42:03,74.99,74.99
O07664,C220,P11,1,91.99,2025-04-20 23:04:30,91.99,257.96
O07664,C220,P44,1,143.99,2025-04-20 23:04:00,143.99,257.96
O07664,C220,P40,2,10.99,2025-04-20 23:04:30,21.98,257.96
O07665,C384,P35,1,57.99,2025-11-04 07:01:28,57.99,57.99
O07666,C077,P32,1,24.99,2025-05-26 15:46:45,24.99,139.98
O07666,C077,P13,1,114.99,2025-05-26 15:46:45,114.99,139.98
O07667,C460,P26,1,87.99,2025-10-27 19:50:55,87.99,387.98
O07667,C460,P24,1,299.99,2025-10-27 19:50:55,299.99,387.98
O07668,C055,P38,2,38.99,2025-06-13 11:41:25,77.98,77.98
O07669,C280,P19,1,113.99,2025-08-07 06:51:35,113.99,113.99
O07670,C432,P34,1,53.99,2025-11-09 17:01:42,53.99,53.99
O07671,C423,P23,2,205.99,2026-03-14 14:57:36,411.98,411.98
O07672,C416,P22,1,194.99,2026-04-25 14:12:35,194.99,593.97
O07672,C416,P41,1,199.99,2026-04-25 14:12:35,199.99,593.97
O07672,C416,P28,1,198.99,2026-04-25 14:12:00,198.99,593.97
O07673,C241,P06,1,402.99,2025-11-05 16:05:22,402.99,806.95
O07673,C241,P13,3,114.99,2025-11-05 16:05:22,344.97,806.95
O07673,C241,P42,1,58.99,2025-11-05 16:05:22,58.99,806.95
O07674,C439,P06,1,402.99,2026-03-12 15:55:25,402.99,402.99
O07675,C324,P50,1,191.99,2026-05-31 09:49:38,191.99,191.99
O07676,C231,P38,2,38.99,2025-03-29 14:43:44,77.98,77.98
O07677,C152,P06,2,402.99,2026-06-22 15:06:34,805.98,949.97
O07677,C152,P44,1,143.99,2026-06-22 15:06:34,143.99,949.97
O07678,C117,P37,1,42.99,2024-12-21 18:27:06,42.99,453.96
O07678,C117,P41,1,199.99,2024-12-21 18:27:06,199.99,453.96
O07678,C117,P40,1,10.99,2024-12-21 18:27:06,10.99,453.96
O07678,C117,P29,1,199.99,2024-12-21 18:27:06,199.99,453.96
O07679,C162,P18,1,44.99,2025-04-22 06:52:51,44.99,44.99
O07680,C026,P12,1,100.99,2024-11-09 01:37:06,100.99,520.95
O07680,C026,P28,2,198.99,2024-11-09 01:37:06,397.98,520.95
O07680,C026,P40,2,10.99,2024-11-09 01:37:06,21.98,520.95
O07681,C084,P16,1,30.99,2025-12-22 14:50:32,30.99,101.98
O07681,C084,P14,1,70.99,2025-12-22 14:50:32,70.99,101.98
O07682,C195,P34,1,53.99,2026-04-26 15:12:04,53.99,154.98
O07682,C195,P12,1,100.99,2026-04-26 15:12:04,100.99,154.98
O07683,C257,P31,1,16.99,2026-05-17 04:56:02,16.99,16.99
O07684,C315,P28,1,198.99,2025-06-14 13:29:07,198.99,840.96
O07684,C315,P38,1,38.99,2025-06-14 13:29:07,38.99,840.96
O07684,C315,P06,1,402.99,2025-06-14 13:29:07,402.99,840.96
O07684,C315,P41,1,199.99,2025-06-14 13:29:07,199.99,840.96
O07685,C081,P48,1,78.99,2025-10-22 17:13:43,78.99,270.98
O07685,C081,P50,1,191.99,2025-10-22 17:13:43,191.99,270.98
O07686,C041,P44,1,143.99,2026-03-16 12:17:24,143.99,143.99
O07687,C022,P11,1,91.99,2024-07-06 20:44:43,91.99,91.99
O07688,C464,P45,1,110.99,2026-04-12 01:16:20,110.99,110.99
O07689,C453,P09,2,34.99,2025-11-21 05:09:11,69.98,69.98
O07690,C500,P44,1,143.99,2025-11-09 12:59:50,143.99,143.99
O07691,C245,P09,1,34.99,2025-11-07 09:41:07,34.99,34.99
O07692,C043,P10,1,92.99,2025-07-12 00:13:58,92.99,92.99
O07693,C194,P05,1,429.99,2026-07-05 17:29:54,429.99,681.97
O07693,C194,P32,1,24.99,2026-07-05 17:29:54,24.99,681.97
O07693,C194,P02,1,226.99,2026-07-05 17:29:54,226.99,681.97
O07694,C242,P43,1,138.99,2025-11-05 00:42:51,138.99,186.98
O07694,C242,P36,1,47.99,2025-11-05 00:42:51,47.99,186.98
O07695,C199,P16,1,30.99,2024-11-04 02:27:30,30.99,30.99
O07696,C200,P24,1,299.99,2025-11-25 16:14:56,299.99,299.99
O07697,C277,P27,1,239.99,2024-07-06 23:43:40,239.99,378.98
O07697,C277,P43,1,138.99,2024-07-06 23:43:40,138.99,378.98
O07698,C351,P11,1,91.99,2025-02-03 07:27:51,91.99,91.99
O07699,C492,P44,1,143.99,2025-08-09 01:34:24,143.99,632.96
O07699,C492,P02,2,226.99,2025-08-09 01:34:24,453.98,632.96
O07699,C492,P09,1,34.99,2025-08-09 01:34:24,34.99,632.96
O07700,C187,P39,1,21.99,2024-07-27 18:59:24,21.99,87.97
O07700,C187,P37,1,42.99,2024-07-27 18:59:24,42.99,87.97
O07700,C187,P17,1,22.99,2024-07-27 18:59:24,22.99,87.97
O07701,C281,P49,1,77.99,2024-09-08 08:25:00,77.99,125.98
O07701,C281,P36,1,47.99,2024-09-08 08:25:00,47.99,125.98
O07702,C155,P20,1,96.99,2024-07-19 23:29:36,96.99,167.98
O07702,C155,P14,1,70.99,2024-07-19 23:29:36,70.99,167.98
O07703,C058,P25,1,25.99,2025-11-15 14:52:23,25.99,25.99
O07704,C493,P16,1,30.99,2026-02-08 05:05:14,30.99,30.99
O07705,C093,P38,1,38.99,2025-10-24 00:07:58,38.99,55.98
O07705,C093,P31,1,16.99,2025-10-24 00:07:58,16.99,55.98
O07706,C392,P33,3,74.99,2026-03-29 03:25:21,224.97,725.95
O07706,C392,P46,1,154.99,2026-03-29 03:25:21,154.99,725.95
O07706,C392,P01,1,345.99,2026-03-29 03:25:21,345.99,725.95
O07707,C244,P08,1,100.99,2025-11-18 22:21:42,100.99,100.99
O07708,C433,P02,1,226.99,2026-04-16 06:59:43,226.99,226.99
O07709,C321,P12,1,100.99,2026-01-05 12:42:57,100.99,100.99
O07710,C043,P03,1,205.99,2025-10-05 07:00:17,205.99,205.99
O07711,C288,P15,1,18.99,2025-04-03 01:49:22,18.99,18.99
O07712,C392,P12,1,100.99,2026-12-05 12:22:55,100.99,100.99
O07713,C056,P45,2,110.99,2024-11-10 12:59:00,221.98,252.97
O07713,C056,P16,1,30.99,2024-11-10 12:59:21,30.99,252.97
O07714,C064,P38,1,38.99,2024-08-24 21:36:22,38.99,260.97
O07714,C064,P39,1,21.99,2024-08-24 21:36:22,21.99,260.97
O07714,C064,P41,1,199.99,2024-08-24 21:36:22,199.99,260.97
O07715,C092,P02,1,226.99,2025-11-23 08:16:50,226.99,694.95
O07715,C092,P46,2,154.99,2025-11-23 08:16:00,309.98,694.95
O07715,C092,P48,2,78.99,2025-11-23 08:16:50,157.98,694.95
O07716,C437,P04,2,281.99,2025-09-03 20:11:44,563.98,563.98
O07717,C252,P25,1,25.99,2026-01-29 17:13:17,25.99,933.96
O07717,C252,P05,2,429.99,2026-01-29 22:43:17,859.98,933.96
O07717,C252,P36,1,47.99,2026-01-29 22:43:17,47.99,933.96
O07718,C412,P12,1,100.99,2026-03-27 22:37:07,100.99,100.99
O07719,C408,P48,1,78.99,2026-01-27 15:10:17,78.99,78.99
O07720,C177,P36,1,47.99,2024-09-13 05:03:33,47.99,527.97
O07720,C177,P27,2,239.99,2024-09-13 05:03:33,479.98,527.97
O07721,C482,P22,1,194.99,2025-08-11 16:31:58,194.99,194.99
O07722,C266,P17,1,22.99,2025-12-03 14:55:12,22.99,22.99
O07723,C031,P15,1,18.99,2026-03-26 16:52:29,18.99,18.99
O07724,C292,P32,1,24.99,2025-12-20 18:11:20,24.99,24.99
O07725,C405,P01,1,345.99,2026-05-24 20:47:36,345.99,345.99
O07726,C363,P05,1,429.99,2025-05-25 18:47:39,429.99,513.97
O07726,C363,P47,2,41.99,2025-05-25 18:47:39,83.98,513.97
O07727,C333,P47,1,41.99,2026-07-04 15:03:11,41.99,471.98
O07727,C333,P05,1,429.99,2026-07-04 15:03:11,429.99,471.98
O07729,C041,P35,1,57.99,2024-08-08 05:26:10,57.99,57.99
O07730,C282,P38,1,38.99,2024-11-29 05:01:48,38.99,441.98
O07730,C282,P06,1,402.99,2024-11-29 05:01:48,402.99,441.98
O07731,C063,P17,1,22.99,2026-02-07 07:34:51,22.99,647.97
O07731,C063,P05,1,429.99,2026-02-07 07:34:51,429.99,647.97
O07731,C063,P22,1,194.99,2026-02-07 07:34:51,194.99,647.97
O07732,C036,P31,1,16.99,2025-11-29 16:38:10,16.99,16.99
O07733,C041,P31,1,16.99,2024-12-07 14:09:36,16.99,218.97
O07733,C041,P12,2,100.99,2024-12-07 14:09:36,201.98,218.97
O07734,C038,P15,1,18.99,2024-11-30 23:02:19,18.99,18.99
O07735,C344,P48,2,78.99,2025-06-06 00:47:37,157.98,157.98
O07736,C417,P46,1,154.99,2026-04-15 14:39:27,154.99,154.99
O07737,C234,P24,1,299.99,2025-12-10 19:56:29,299.99,392.98
O07737,C234,P10,1,92.99,2025-12-10 19:56:29,92.99,392.98
O07738,C394,P20,1,96.99,2025-12-28 02:12:58,96.99,956.97
O07738,C394,P05,2,429.99,2025-12-28 02:12:58,859.98,956.97
O07739,C236,P22,1,194.99,2025-10-30 08:16:34,194.99,305.98
O07739,C236,P45,1,110.99,2025-10-30 08:16:34,110.99,305.98
O07740,C130,P17,1,22.99,2024-12-26 05:42:14,22.99,22.99
O07741,C191,P05,1,429.99,2025-12-03 20:32:23,429.99,775.98
O07741,C191,P01,1,345.99,2025-12-03 20:32:23,345.99,775.98
O07742,C325,P43,1,138.99,2026-01-20 14:06:00,138.99,383.97
O07742,C325,P29,1,199.99,2026-01-20 14:06:00,199.99,383.97
O07742,C325,P18,1,44.99,2026-01-20 14:06:00,44.99,383.97
O07743,C428,P26,1,87.99,2025-12-11 23:38:27,87.99,87.99
O07744,C287,P17,1,22.99,2025-12-13 21:08:52,22.99,632.95
O07744,C287,P32,1,24.99,2025-12-13 21:08:52,24.99,632.95
O07744,C287,P22,3,194.99,2025-12-13 21:08:52,584.97,632.95
O07745,C061,P09,1,34.99,2025-12-13 13:34:14,34.99,34.99
O07746,C269,P43,1,138.99,2024-09-15 22:07:00,138.99,640.95
O07746,C269,P08,3,100.99,2024-09-15 22:07:00,302.97,640.95
O07746,C269,P28,1,198.99,2024-09-15 22:07:00,198.99,640.95
O07747,C446,P50,3,191.99,2026-05-16 08:49:18,575.97,575.97
O07748,C047,P45,1,110.99,2025-04-22 22:05:51,110.99,890.96
O07748,C047,P23,1,205.99,2025-04-22 22:05:51,205.99,890.96
O07748,C047,P44,1,143.99,2025-04-22 22:05:51,143.99,890.96
O07748,C047,P05,1,429.99,2025-04-22 22:05:51,429.99,890.96
O07749,C025,P25,1,25.99,2025-11-01 08:21:07,25.99,253.97
O07749,C025,P19,2,113.99,2025-11-01 08:21:07,227.98,253.97
O07750,C123,P40,1,10.99,2025-12-14 12:44:27,10.99,10.99
O07751,C246,P21,1,196.99,2025-11-09 16:55:18,196.99,196.99
O07752,C440,P25,1,25.99,2026-05-02 14:07:38,25.99,25.99
O07753,C498,P45,1,110.99,2026-02-28 09:52:31,110.99,376.97
O07753,C498,P38,1,38.99,2026-02-28 09:52:31,38.99,376.97
O07753,C498,P02,1,226.99,2026-02-28 09:52:31,226.99,376.97
O07754,C274,P14,1,70.99,2025-11-09 17:13:10,70.99,460.97
O07754,C274,P22,2,194.99,2025-11-09 17:13:10,389.98,460.97
O07755,C371,P08,1,100.99,2026-03-24 11:58:59,100.99,265.96
O07755,C371,P16,1,30.99,2026-03-24 11:58:59,30.99,265.96
O07755,C371,P13,1,114.99,2026-03-24 11:58:59,114.99,265.96
O07755,C371,P15,1,18.99,2026-03-24 11:58:59,18.99,265.96
O07756,C465,P37,1,42.99,2025-01-28 04:15:11,42.99,42.99
O07757,C183,P13,2,114.99,2024-10-26 19:31:35,229.98,368.97
O07757,C183,P43,1,138.99,2024-10-26 19:31:35,138.99,368.97
O07758,C243,P37,3,42.99,2025-06-19 05:48:03,128.97,128.97
O07759,C439,P30,1,236.99,2026-03-07 16:35:43,236.99,236.99
O07760,C378,P23,1,205.99,2025-11-02 19:27:20,205.99,205.99
O07761,C112,P14,2,70.99,2025-12-29 05:33:16,141.98,141.98
O07762,C250,P45,2,110.99,2025-05-04 13:55:19,221.98,266.97
O07762,C250,P18,1,44.99,2025-05-04 19:25:19,44.99,266.97
O07763,C214,P22,1,194.99,2025-03-29 19:37:46,194.99,194.99
O07764,C264,P36,1,47.99,2024-11-22 18:14:00,47.99,704.97
O07764,C264,P02,1,226.99,2024-11-22 18:14:00,226.99,704.97
O07764,C264,P05,1,429.99,2024-11-22 18:14:00,429.99,704.97
O07765,C090,P47,2,41.99,2024-10-16 06:36:34,83.98,310.97
O07765,C090,P02,1,226.99,2024-10-16 06:36:34,226.99,310.97
O07766,C015,P11,1,91.99,2026-01-13 13:40:41,91.99,91.99
O07767,C275,P35,1,57.99,2025-05-01 03:26:00,57.99,57.99
O07768,C036,P49,1,77.99,2025-09-18 07:52:49,77.99,674.96
O07768,C036,P28,3,198.99,2025-09-18 07:52:49,596.97,674.96
O07769,C354,P24,2,299.99,2025-05-02 10:34:02,599.98,678.97
O07769,C354,P48,1,78.99,2025-05-02 10:34:02,78.99,678.97
O07770,C159,P23,1,205.99,2024-08-16 20:31:58,205.99,205.99
O07771,C414,P19,1,113.99,2025-07-21 16:19:37,113.99,113.99
O07772,C115,P15,1,18.99,2024-11-19 16:20:22,18.99,18.99
O07773,C118,P15,2,18.99,2025-04-25 21:00:52,37.98,325.96
O07773,C118,P22,1,194.99,2025-04-25 21:00:52,194.99,325.96
O07773,C118,P10,1,92.99,2025-04-25 21:00:52,92.99,325.96
O07774,C323,P36,1,47.99,2026-01-23 04:56:06,47.99,47.99
O07775,C274,P05,1,429.99,2025-09-11 07:01:52,429.99,656.98
O07775,C274,P02,1,226.99,2025-09-11 07:01:52,226.99,656.98
O07776,C010,P41,1,199.99,2025-02-19 20:33:05,199.99,199.99
O07777,C342,P14,1,70.99,2025-03-08 10:24:08,70.99,70.99
O07778,C131,P26,1,87.99,2025-05-28 23:58:45,87.99,411.96
O07778,C131,P33,1,74.99,2025-05-28 23:58:45,74.99,411.96
O07778,C131,P34,1,53.99,2025-05-28 23:58:45,53.99,411.96
O07778,C131,P22,1,194.99,2025-05-28 23:58:45,194.99,411.96
O07779,C441,P17,1,22.99,2026-04-12 10:32:09,22.99,198.97
O07779,C441,P26,2,87.99,2026-04-12 10:32:09,175.98,198.97
O07780,C435,P15,1,18.99,2025-11-29 07:14:59,18.99,18.99
O07781,C140,P10,3,92.99,2025-05-26 12:42:25,278.97,423.95
O07781,C140,P16,1,30.99,2025-05-26 12:42:25,30.99,423.95
O07781,C140,P19,1,113.99,2025-05-26 12:42:25,113.99,423.95
O07783,C002,P32,1,24.99,2024-10-12 04:37:22,24.99,24.99
O07785,C214,P03,1,205.99,2026-01-28 20:15:28,205.99,205.99
O07786,C393,P30,1,236.99,2026-03-10 20:42:30,236.99,236.99
O07787,C042,P48,1,78.99,2024-12-16 11:15:55,78.99,78.99
O07788,C380,P20,2,96.99,2025-12-24 04:43:34,193.98,508.96
O07788,C380,P30,1,236.99,2025-12-24 04:43:34,236.99,508.96
O07788,C380,P49,1,77.99,2025-12-24 04:43:34,77.99,508.96
O07789,C250,P06,1,402.99,2025-01-09 18:00:36,402.99,554.97
O07789,C250,P42,1,58.99,2025-01-09 18:00:36,58.99,554.97
O07789,C250,P10,1,92.99,2025-01-09 18:00:36,92.99,554.97
O07790,C051,P24,1,299.99,2025-03-07 09:06:34,299.99,310.98
O07790,C051,P40,1,10.99,2025-07-03 09:06:34,10.99,310.98
O07791,C030,P28,1,198.99,2025-01-12 16:38:51,198.99,198.99
O07792,C129,P21,2,196.99,2025-03-23 11:17:42,393.98,393.98
O07793,C382,P24,1,299.99,2026-05-12 18:52:29,299.99,1006.96
O07793,C382,P28,1,198.99,2026-05-12 18:52:29,198.99,1006.96
O07793,C382,P49,1,77.99,2026-05-12 18:52:29,77.99,1006.96
O07793,C382,P05,1,429.99,2026-05-12 18:52:29,429.99,1006.96
O07794,C358,P02,1,226.99,2025-09-19 05:39:01,226.99,829.97
O07794,C358,P41,1,199.99,2025-09-19 05:39:01,199.99,829.97
O07794,C358,P06,1,402.99,2025-09-19 05:39:01,402.99,829.97
O07795,C368,P07,1,366.99,2026-04-09 05:01:06,366.99,366.99
O07796,C398,P12,1,100.99,2025-12-27 18:19:14,100.99,100.99
O07797,C474,P24,1,299.99,2025-01-26 02:43:38,299.99,536.98
O07797,C474,P30,1,236.99,2025-01-26 02:43:38,236.99,536.98
O07798,C109,P10,1,92.99,2024-12-28 21:45:15,92.99,524.96
O07798,C109,P14,1,70.99,2024-12-28 21:45:15,70.99,524.96
O07798,C109,P03,1,205.99,2024-12-28 21:45:15,205.99,524.96
O07798,C109,P46,1,154.99,2024-12-28 21:45:15,154.99,524.96
O07799,C200,P32,1,24.99,2025-12-09 16:28:29,24.99,24.99
O07800,C434,P24,1,299.99,2025-09-28 06:47:55,299.99,680.96
O07800,C434,P11,2,91.99,2025-09-28 06:47:00,183.98,680.96
O07800,C434,P21,1,196.99,2025-09-28 06:47:55,196.99,680.96
O07801,C166,P18,1,44.99,2025-02-11 19:36:21,44.99,44.99
O07802,C150,P09,1,34.99,2024-12-14 01:18:15,34.99,376.96
O07802,C150,P19,3,113.99,2024-12-14 01:18:15,341.97,376.96
O07803,C263,P17,1,22.99,2024-12-30 12:46:02,22.99,22.99
O07804,C476,P45,1,110.99,2026-05-21 09:47:09,110.99,110.99
O07805,C444,P22,1,194.99,2026-03-08 18:12:15,194.99,305.98
O07805,C444,P45,1,110.99,2026-03-08 18:12:15,110.99,305.98
O07806,C052,P28,1,198.99,2025-01-27 11:01:33,198.99,313.98
O07806,C052,P13,1,114.99,2025-01-27 11:01:33,114.99,313.98
O07807,C171,P43,2,138.99,2024-12-22 00:40:20,277.98,437.96
O07807,C171,P42,1,58.99,2024-12-22 00:40:20,58.99,437.96
O07807,C171,P12,1,100.99,2024-12-22 00:40:20,100.99,437.96
O07808,C248,P04,1,281.99,2024-08-16 08:30:26,281.99,325.97
O07808,C248,P39,2,21.99,2024-08-16 08:30:26,43.98,325.97
O07809,C203,P34,1,53.99,2025-08-18 10:03:22,53.99,53.99
O07810,C158,P41,1,199.99,2026-07-05 05:29:23,199.99,199.99
O07811,C028,P22,1,194.99,2024-10-26 08:11:56,194.99,452.97
O07811,C028,P02,1,226.99,2024-10-26 08:11:56,226.99,452.97
O07811,C028,P16,1,30.99,2024-10-26 08:11:56,30.99,452.97
O07812,C279,P02,1,226.99,2024-12-05 01:09:56,226.99,226.99
O07813,C153,P50,1,191.99,2025-12-15 16:02:40,191.99,391.98
O07813,C153,P41,1,199.99,2025-12-15 16:02:40,199.99,391.98
O07814,C185,P40,1,10.99,2024-11-22 09:40:37,10.99,10.99
O07815,C444,P25,2,25.99,2025-12-22 06:19:38,51.98,51.98
O07816,C192,P37,1,42.99,2025-12-12 15:28:12,42.99,271.97
O07816,C192,P03,1,205.99,2025-12-12 15:28:12,205.99,271.97
O07816,C192,P17,1,22.99,2025-12-12 15:28:12,22.99,271.97
O07817,C096,P14,1,70.99,2026-01-09 06:05:38,70.99,704.96
O07817,C096,P05,1,429.99,2026-01-09 06:05:38,429.99,704.96
O07817,C096,P45,1,110.99,2026-01-09 06:05:38,110.99,704.96
O07817,C096,P10,1,92.99,2026-01-09 06:05:38,92.99,704.96
O07818,C494,P47,2,41.99,2026-07-05 06:34:31,83.98,83.98
O07819,C469,P36,1,47.99,2025-11-23 01:28:47,47.99,47.99
O07820,C421,P29,1,199.99,2025-12-27 18:44:25,199.99,545.98
O07820,C421,P01,1,345.99,2025-12-27 18:44:25,345.99,545.98
O07821,C198,P13,1,114.99,2026-05-13 16:42:32,114.99,114.99
O07822,C481,P15,1,18.99,2025-11-09 04:32:38,18.99,76.98
O07822,C481,P35,1,57.99,2025-11-09 10:02:38,57.99,76.98
O07823,C072,P18,1,44.99,2025-12-28 19:47:02,44.99,44.99
O07824,C157,P40,1,10.99,2024-11-25 19:14:17,10.99,10.99
O07825,C267,P16,1,30.99,2024-12-20 21:15:32,30.99,305.96
O07825,C267,P38,2,38.99,2024-12-20 21:15:32,77.98,305.96
O07825,C267,P21,1,196.99,2024-12-20 21:15:32,196.99,305.96
O07826,C189,P50,2,191.99,2025-12-04 00:05:52,383.98,541.96
O07826,C189,P15,1,18.99,2025-12-04 00:05:52,18.99,541.96
O07826,C189,P43,1,138.99,2025-12-04 00:05:52,138.99,541.96
O07827,C079,P03,1,205.99,2026-03-05 01:13:11,205.99,643.97
O07827,C079,P11,1,91.99,2026-03-05 01:13:11,91.99,643.97
O07827,C079,P01,1,345.99,2026-03-05 01:13:11,345.99,643.97
O07828,C337,P15,1,18.99,2025-08-26 12:03:54,18.99,18.99
O07829,C166,P41,1,199.99,2025-11-22 11:22:03,199.99,199.99
O07830,C423,P06,1,402.99,2026-05-18 14:54:43,402.99,591.97
O07830,C423,P20,1,96.99,2026-05-18 14:54:43,96.99,591.97
O07830,C423,P11,1,91.99,2026-05-18 14:54:43,91.99,591.97
O07831,C117,P17,1,22.99,2025-04-15 15:48:45,22.99,22.99
O07832,C358,P12,1,100.99,2025-05-05 00:32:02,100.99,100.99
O07833,C202,P43,1,138.99,2026-03-30 19:06:12,138.99,233.96
O07833,C202,P38,2,38.99,2026-03-30 19:06:12,77.98,233.96
O07833,C202,P31,1,16.99,2026-03-30 19:06:12,16.99,233.96
O07834,C184,P22,1,194.99,2026-05-16 08:08:23,194.99,194.99
O07835,C047,P50,1,191.99,2025-05-14 18:59:04,191.99,191.99
O07836,C090,P14,1,70.99,2026-06-28 13:22:24,70.99,70.99
O07837,C490,P40,1,10.99,2026-03-09 09:34:35,10.99,292.98
O07837,C490,P04,1,281.99,2026-03-09 09:34:35,281.99,292.98
O07838,C386,P05,1,429.99,2025-04-14 00:10:16,429.99,429.99
O07839,C231,P09,1,34.99,2025-05-31 00:24:25,34.99,512.96
O07839,C231,P24,1,299.99,2025-05-31 00:24:25,299.99,512.96
O07839,C231,P43,1,138.99,2025-05-31 00:24:25,138.99,512.96
O07839,C231,P38,1,38.99,2025-05-31 00:24:25,38.99,512.96
O07840,C057,P12,1,100.99,2024-10-01 23:32:19,100.99,503.98
O07840,C057,P06,1,402.99,2024-10-01 23:32:19,402.99,503.98
O07841,C405,P40,1,10.99,2025-12-28 20:09:04,10.99,736.95
O07841,C405,P17,1,22.99,2025-12-28 20:09:04,22.99,736.95
O07841,C405,P04,2,281.99,2025-12-28 20:09:04,563.98,736.95
O07841,C405,P43,1,138.99,2025-12-28 20:09:04,138.99,736.95
O07842,C289,P08,1,100.99,2026-02-18 21:05:12,100.99,100.99
O07843,C323,P33,1,74.99,2025-12-16 09:48:37,74.99,274.98
O07843,C323,P41,1,199.99,2025-12-16 09:48:37,199.99,274.98
O07844,C330,P34,1,53.99,2024-10-14 04:24:55,53.99,53.99
O07845,C065,P42,2,58.99,2025-05-22 19:19:05,117.98,117.98
O07846,C177,P13,1,114.99,2024-07-07 14:15:55,114.99,320.98
O07846,C177,P03,1,205.99,2024-07-07 14:15:55,205.99,320.98
O07847,C024,P11,2,91.99,2024-12-04 16:10:45,183.98,183.98
O07848,C280,P29,1,199.99,2025-02-27 04:31:03,199.99,199.99
O07849,C119,P43,1,138.99,2024-12-24 09:52:24,138.99,278.97
O07849,C119,P19,1,113.99,2024-12-24 09:52:24,113.99,278.97
O07849,C119,P25,1,25.99,2024-12-24 09:52:24,25.99,278.97
O07850,C174,P50,1,191.99,2025-09-06 07:06:05,191.99,191.99
O07851,C429,P23,1,205.99,2026-04-12 02:55:40,205.99,361.97
O07851,C429,P49,2,77.99,2026-04-12 02:55:40,155.98,361.97
O07852,C273,P36,1,47.99,2024-09-08 06:27:51,47.99,847.94
O07852,C273,P34,1,53.99,2024-09-08 06:27:51,53.99,847.94
O07852,C273,P27,3,239.99,2024-09-08 06:27:51,719.97,847.94
O07852,C273,P25,1,25.99,2024-09-08 06:27:51,25.99,847.94
O07853,C122,P22,1,194.99,2026-05-10 03:04:15,194.99,349.98
O07853,C122,P46,1,154.99,2026-05-10 03:04:15,154.99,349.98
O07854,C136,P06,1,402.99,2025-09-13 09:23:28,402.99,402.99
O07855,C280,P49,1,77.99,2025-11-11 01:52:53,77.99,207.97
O07855,C280,P42,1,58.99,2025-11-11 01:52:53,58.99,207.97
O07855,C280,P14,1,70.99,2025-11-11 01:52:53,70.99,207.97
O07856,C247,P12,2,100.99,2024-11-22 16:06:18,201.98,201.98
O07857,C225,P49,2,77.99,2025-02-25 03:15:21,155.98,455.97
O07857,C225,P24,1,299.99,2025-02-25 08:45:21,299.99,455.97
O07858,C481,P05,1,429.99,2025-12-28 07:48:41,429.99,429.99
O07859,C358,P34,1,53.99,2026-06-27 16:29:25,53.99,53.99
O07860,C428,P23,1,205.99,2025-08-25 18:04:26,205.99,205.99
O07861,C345,P17,1,22.99,2026-06-03 14:09:50,22.99,115.98
O07861,C345,P10,1,92.99,2026-03-06 14:09:50,92.99,115.98
O07862,C028,P31,2,16.99,2026-03-28 15:55:05,33.98,33.98
O07863,C082,P45,1,110.99,2026-03-18 05:52:43,110.99,110.99
O07864,C170,P21,1,196.99,2024-11-26 03:36:25,196.99,599.98
O07864,C170,P06,1,402.99,2024-11-26 03:36:25,402.99,599.98
O07865,C450,P18,1,44.99,2026-04-05 17:42:00,44.99,390.98
O07865,C450,P01,1,345.99,2026-04-05 17:42:00,345.99,390.98
O07866,C116,P50,1,191.99,2025-07-21 00:42:42,191.99,467.96
O07866,C116,P11,3,91.99,2025-07-21 00:42:42,275.97,467.96
O07867,C239,P38,2,38.99,2025-12-19 12:44:06,77.98,283.97
O07867,C239,P03,1,205.99,2025-12-19 12:44:06,205.99,283.97
O07868,C303,P45,1,110.99,2026-05-16 18:27:21,110.99,513.98
O07868,C303,P06,1,402.99,2026-05-16 18:27:21,402.99,513.98
O07869,C453,P48,1,78.99,2025-12-10 21:59:33,78.99,78.99
O07870,C230,P28,1,198.99,2026-04-13 22:37:59,198.99,248.97
O07870,C230,P32,2,24.99,2026-04-13 22:37:59,49.98,248.97
O07871,C222,P28,1,198.99,2025-06-09 21:36:33,198.99,281.97
O07871,C222,P32,1,24.99,2025-06-09 21:36:33,24.99,281.97
O07871,C222,P35,1,57.99,2025-06-09 21:36:33,57.99,281.97
O07872,C092,P42,1,58.99,2024-07-26 17:59:53,58.99,58.99
O07873,C240,P19,1,113.99,2025-10-16 01:04:55,113.99,738.96
O07873,C240,P45,2,110.99,2025-10-16 01:04:55,221.98,738.96
O07873,C240,P06,1,402.99,2025-10-16 01:04:55,402.99,738.96
O07874,C402,P42,1,58.99,2025-12-01 10:05:06,58.99,461.98
O07874,C402,P06,1,402.99,2025-12-01 10:05:06,402.99,461.98
O07875,C394,P04,1,281.99,2026-04-25 17:31:12,281.99,281.99
O07876,C165,P27,1,239.99,2024-10-19 08:39:57,239.99,239.99
O07877,C235,P02,1,226.99,2025-11-11 22:24:36,226.99,226.99
O07878,C049,P12,1,100.99,2026-06-25 06:48:46,100.99,100.99
O07879,C287,P40,1,10.99,2024-11-24 20:49:42,10.99,10.99
O07880,C049,P30,1,236.99,2026-06-05 20:40:39,236.99,669.97
O07880,C049,P02,1,226.99,2026-06-05 20:40:39,226.99,669.97
O07880,C049,P03,1,205.99,2026-06-05 20:40:39,205.99,669.97
O07881,C034,P04,1,281.99,2025-10-28 05:46:17,281.99,420.96
O07881,C034,P12,1,100.99,2025-10-28 05:46:17,100.99,420.96
O07881,C034,P15,2,18.99,2025-10-28 05:46:17,37.98,420.96
O07882,C315,P19,1,113.99,2025-11-23 06:02:12,113.99,197.97
O07882,C315,P47,2,41.99,2025-11-23 06:02:12,83.98,197.97
O07883,C027,P12,2,100.99,2024-12-23 18:25:55,201.98,280.97
O07883,C027,P48,1,78.99,2024-12-23 18:25:55,78.99,280.97
O07884,C289,P46,1,154.99,2026-05-31 04:22:49,154.99,590.96
O07884,C289,P23,1,205.99,2026-05-31 04:22:49,205.99,590.96
O07884,C289,P13,2,114.99,2026-05-31 04:22:49,229.98,590.96
O07885,C371,P09,1,34.99,2025-12-02 11:12:11,34.99,234.98
O07885,C371,P29,1,199.99,2025-12-02 11:12:11,199.99,234.98
O07886,C021,P42,2,58.99,2025-05-04 14:23:17,117.98,1063.95
O07886,C021,P01,1,345.99,2025-05-04 14:23:17,345.99,1063.95
O07886,C021,P24,2,299.99,2025-05-04 14:23:17,599.98,1063.95
O07887,C124,P24,2,299.99,2025-05-26 21:15:30,599.98,821.96
O07887,C124,P45,2,110.99,2025-05-26 21:15:30,221.98,821.96
O07888,C394,P09,1,34.99,2026-02-16 06:00:45,34.99,34.99
O07889,C265,P38,1,38.99,2024-10-25 14:59:56,38.99,38.99
O07890,C250,P49,2,77.99,2024-11-07 09:08:28,155.98,961.96
O07890,C250,P06,2,402.99,2024-11-07 09:08:28,805.98,961.96
O07891,C220,P50,1,191.99,2026-04-12 06:28:44,191.99,418.98
O07891,C220,P02,1,226.99,2026-04-12 06:28:00,226.99,418.98
O07892,C230,P35,1,57.99,2024-11-06 05:44:46,57.99,201.96
O07892,C230,P36,3,47.99,2024-11-06 05:44:46,143.97,201.96
O07893,C297,P29,1,199.99,2025-05-14 15:00:49,199.99,216.98
O07893,C297,P31,1,16.99,2025-05-14 15:00:49,16.99,216.98
O07894,C342,P18,1,44.99,2025-05-18 23:19:43,44.99,44.99
O07895,C045,P10,1,92.99,2024-08-14 04:39:36,92.99,92.99
O07896,C459,P03,3,205.99,2025-03-22 12:30:41,617.97,757.95
O07896,C459,P38,1,38.99,2025-03-22 12:30:41,38.99,757.95
O07896,C459,P12,1,100.99,2025-03-22 12:30:41,100.99,757.95
O07897,C376,P14,1,70.99,2025-09-05 15:01:50,70.99,437.98
O07897,C376,P07,1,366.99,2025-09-05 15:01:50,366.99,437.98
O07898,C063,P02,2,226.99,2026-05-16 01:15:49,453.98,453.98
O07899,C054,P03,1,205.99,2025-01-05 17:50:35,205.99,400.98
O07899,C054,P22,1,194.99,2025-01-05 17:50:35,194.99,400.98
O07901,C307,P36,1,47.99,2025-12-06 22:25:33,47.99,47.99
O07902,C492,P20,1,96.99,2025-12-05 16:35:43,96.99,336.98
O07902,C492,P27,1,239.99,2025-12-05 16:35:43,239.99,336.98
O07903,C451,P17,1,22.99,2025-12-28 06:10:50,22.99,114.98
O07903,C451,P11,1,91.99,2025-12-28 06:10:50,91.99,114.98
O07905,C199,P04,1,281.99,2025-03-01 17:34:57,281.99,960.96
O07905,C199,P27,2,239.99,2025-03-01 17:34:57,479.98,960.96
O07905,C199,P28,1,198.99,2025-03-01 17:34:57,198.99,960.96
O07907,C054,P48,1,78.99,2024-10-05 13:03:29,78.99,78.99
O07908,C300,P11,1,91.99,2026-05-10 12:39:41,91.99,373.97
O07908,C300,P27,1,239.99,2026-05-10 12:39:41,239.99,373.97
O07908,C300,P47,1,41.99,2026-05-10 12:39:41,41.99,373.97
O07909,C093,P20,1,96.99,2025-12-07 05:03:24,96.99,96.99
O07910,C018,P38,1,38.99,2026-04-22 04:17:16,38.99,38.99
O07911,C463,P34,1,53.99,2026-07-04 00:42:22,53.99,164.98
O07911,C463,P45,1,110.99,2026-07-04 00:42:22,110.99,164.98
O07912,C294,P12,1,100.99,2026-01-11 23:07:00,100.99,382.96
O07912,C294,P50,1,191.99,2026-01-11 23:07:45,191.99,382.96
O07912,C294,P18,2,44.99,2026-01-11 23:07:45,89.98,382.96
O07913,C071,P36,1,47.99,2026-01-07 21:13:04,47.99,90.98
O07913,C071,P37,1,42.99,2026-01-07 21:13:04,42.99,90.98
O07914,C025,P19,2,113.99,2025-01-11 12:09:01,227.98,227.98
O07915,C375,P28,1,198.99,2025-11-09 02:36:39,198.99,198.99
O07916,C103,P10,2,92.99,2024-12-26 04:54:40,185.98,185.98
O07917,C051,P15,1,18.99,2024-12-25 14:41:35,18.99,217.98
O07917,C051,P28,1,198.99,2024-12-25 14:41:35,198.99,217.98
O07918,C306,P34,1,53.99,2025-04-20 12:30:31,53.99,53.99
O07919,C435,P15,1,18.99,2025-12-17 05:29:07,18.99,83.97
O07919,C435,P47,1,41.99,2025-12-17 05:29:07,41.99,83.97
O07919,C435,P17,1,22.99,2025-12-17 05:29:07,22.99,83.97
O07920,C461,P09,1,34.99,2025-02-02 21:36:08,34.99,34.99
O07921,C228,P04,2,281.99,2026-01-03 03:26:46,563.98,1062.95
O07921,C228,P02,2,226.99,2026-01-03 03:26:46,453.98,1062.95
O07921,C228,P18,1,44.99,2026-01-03 03:26:46,44.99,1062.95
O07922,C185,P18,1,44.99,2026-01-24 08:07:17,44.99,44.99
O07923,C459,P26,1,87.99,2025-12-21 22:23:27,87.99,87.99
O07924,C247,P47,2,41.99,2024-09-15 16:02:53,83.98,83.98
O07925,C198,P38,1,38.99,2024-11-29 11:59:31,38.99,38.99
O07926,C245,P30,1,236.99,2025-10-23 19:29:20,236.99,682.97
O07926,C245,P23,1,205.99,2025-10-23 19:29:20,205.99,682.97
O07926,C245,P27,1,239.99,2025-10-23 19:29:20,239.99,682.97
O07927,C204,P20,1,96.99,2026-05-08 08:36:45,96.99,96.99
O07928,C053,P18,1,44.99,2025-03-29 18:48:50,44.99,390.98
O07928,C053,P01,1,345.99,2025-03-29 18:48:50,345.99,390.98
O07929,C073,P13,1,114.99,2024-11-11 13:44:16,114.99,225.98
O07929,C073,P45,1,110.99,2024-11-11 13:44:16,110.99,225.98
O07930,C370,P26,1,87.99,2026-07-05 22:40:08,87.99,87.99
O07931,C009,P03,1,205.99,2024-12-27 16:12:20,205.99,682.97
O07931,C009,P04,1,281.99,2024-12-27 16:12:20,281.99,682.97
O07931,C009,P22,1,194.99,2024-12-27 16:12:20,194.99,682.97
O07932,C288,P38,1,38.99,2024-11-23 11:04:48,38.99,38.99
O07933,C305,P23,1,205.99,2026-01-29 17:58:14,205.99,205.99
O07934,C235,P35,1,57.99,2025-09-13 01:02:20,57.99,57.99
O07935,C131,P38,1,38.99,2024-09-26 17:03:31,38.99,38.99
O07936,C337,P24,2,299.99,2026-05-09 06:20:17,599.98,973.94
O07936,C337,P08,3,100.99,2026-05-09 06:20:17,302.97,973.94
O07936,C337,P14,1,70.99,2026-05-09 06:20:17,70.99,973.94
O07937,C372,P03,1,205.99,2025-11-29 09:11:46,205.99,205.99
O07938,C288,P07,1,366.99,2025-02-02 10:00:12,366.99,726.95
O07938,C288,P10,1,92.99,2025-02-02 10:00:12,92.99,726.95
O07938,C288,P49,2,77.99,2025-02-02 10:00:12,155.98,726.95
O07938,C288,P45,1,110.99,2025-02-02 10:00:12,110.99,726.95
O07939,C315,P18,1,44.99,2026-02-21 23:23:36,44.99,474.98
O07939,C315,P05,1,429.99,2026-02-21 23:23:36,429.99,474.98
O07940,C222,P03,1,205.99,2025-03-28 10:58:51,205.99,205.99
O07941,C045,P36,1,47.99,2024-10-12 15:49:00,47.99,47.99
O07942,C128,P05,2,429.99,2024-11-08 11:12:34,859.98,859.98
O07943,C137,P38,1,38.99,2026-06-13 22:45:39,38.99,38.99
O07944,C037,P35,1,57.99,2025-11-09 10:04:19,57.99,689.96
O07944,C037,P08,2,100.99,2025-11-09 10:04:19,201.98,689.96
O07944,C037,P05,1,429.99,2025-11-09 10:04:19,429.99,689.96
O07945,C210,P16,1,30.99,2025-08-23 05:24:07,30.99,30.99
O07946,C089,P17,1,22.99,2024-10-24 06:34:53,22.99,228.98
O07946,C089,P23,1,205.99,2024-10-24 06:34:53,205.99,228.98
O07947,C167,P06,1,402.99,2025-10-30 19:25:59,402.99,402.99
O07948,C055,P05,1,429.99,2024-11-09 06:51:55,429.99,572.97
O07948,C055,P47,1,41.99,2024-11-09 06:51:55,41.99,572.97
O07948,C055,P12,1,100.99,2024-11-09 06:51:55,100.99,572.97
O07949,C195,P13,2,114.99,2025-11-25 04:53:38,229.98,229.98
O07950,C413,P18,2,44.99,2025-11-15 05:05:21,89.98,89.98
O07951,C133,P19,1,113.99,2024-07-18 12:00:04,113.99,395.97
O07951,C133,P27,1,239.99,2024-07-18 12:00:04,239.99,395.97
O07951,C133,P47,1,41.99,2024-07-18 12:00:04,41.99,395.97
O07952,C284,P24,1,299.99,2024-12-23 17:18:16,299.99,348.96
O07952,C284,P15,2,18.99,2024-12-23 17:18:16,37.98,348.96
O07952,C284,P40,1,10.99,2024-12-23 17:18:16,10.99,348.96
O07953,C152,P16,1,30.99,2025-07-19 06:54:43,30.99,30.99
O07954,C356,P29,1,199.99,2025-10-05 13:58:39,199.99,199.99
O07955,C257,P24,1,299.99,2024-07-31 00:28:42,299.99,299.99
O07956,C173,P28,1,198.99,2026-05-30 08:32:47,198.99,198.99
O07957,C497,P44,1,143.99,2026-06-20 12:05:09,143.99,143.99
O07958,C267,P14,1,70.99,2025-06-22 00:59:21,70.99,70.99
O07959,C378,P44,1,143.99,2025-12-20 15:55:08,143.99,305.96
O07959,C378,P34,3,53.99,2025-12-20 15:55:08,161.97,305.96
O07960,C128,P14,1,70.99,2025-03-23 12:28:12,70.99,70.99
O07961,C380,P14,1,70.99,2026-02-10 05:44:33,70.99,70.99
O07962,C235,P12,1,100.99,2025-02-03 15:01:07,100.99,503.98
O07962,C235,P06,1,402.99,2025-02-03 15:01:07,402.99,503.98
O07963,C184,P37,1,42.99,2025-10-12 23:12:57,42.99,65.98
O07963,C184,P17,1,22.99,2025-10-12 23:12:57,22.99,65.98
O07964,C088,P35,1,57.99,2025-07-16 23:49:09,57.99,308.96
O07964,C088,P33,2,74.99,2025-07-16 23:49:09,149.98,308.96
O07964,C088,P08,1,100.99,2025-07-16 23:49:09,100.99,308.96
O07965,C320,P36,1,47.99,2026-01-24 12:00:18,47.99,47.99
O07966,C145,P35,1,57.99,2025-01-07 14:58:01,57.99,57.99
O07967,C123,P38,1,38.99,2025-02-06 16:59:10,38.99,131.98
O07967,C123,P10,1,92.99,2025-02-06 16:59:10,92.99,131.98
O07968,C476,P34,1,53.99,2024-12-08 10:49:02,53.99,53.99
O07969,C388,P40,1,10.99,2026-05-10 18:51:14,10.99,36.98
O07969,C388,P25,1,25.99,2026-05-10 18:51:14,25.99,36.98
O07970,C447,P08,1,100.99,2025-12-27 17:45:09,100.99,100.99
O07971,C300,P31,1,16.99,2024-12-31 22:47:32,16.99,61.98
O07971,C300,P18,1,44.99,2024-12-31 22:47:32,44.99,61.98
O07972,C185,P13,1,114.99,2025-04-22 21:45:51,114.99,114.99
O07973,C333,P25,1,25.99,2026-05-06 17:26:32,25.99,364.97
O07973,C333,P24,1,299.99,2026-05-06 17:26:32,299.99,364.97
O07973,C333,P38,1,38.99,2026-05-06 17:26:32,38.99,364.97
O07974,C160,P42,1,58.99,2026-04-29 03:52:40,58.99,58.99
O07975,C165,P09,1,34.99,2026-06-09 09:33:53,34.99,498.95
O07975,C165,P30,1,236.99,2026-06-09 09:33:53,236.99,498.95
O07975,C165,P32,1,24.99,2026-06-09 09:33:53,24.99,498.95
O07975,C165,P08,2,100.99,2026-06-09 09:33:53,201.98,498.95
O07976,C063,P15,1,18.99,2025-10-26 18:16:07,18.99,203.97
O07976,C063,P26,1,87.99,2025-10-26 18:16:07,87.99,203.97
O07976,C063,P20,1,96.99,2025-10-26 18:16:07,96.99,203.97
O07977,C050,P47,1,41.99,2024-10-21 16:18:55,41.99,41.99
O07978,C409,P13,1,114.99,2025-06-29 22:00:35,114.99,114.99
O07979,C303,P33,2,74.99,2026-06-12 03:30:41,149.98,149.98
O07980,C069,P47,1,41.99,2025-11-20 16:16:44,41.99,41.99
O07981,C227,P17,1,22.99,2026-06-11 20:51:32,22.99,519.97
O07981,C227,P24,1,299.99,2026-06-11 20:51:32,299.99,519.97
O07981,C227,P21,1,196.99,2026-06-11 20:51:32,196.99,519.97
O07982,C278,P07,1,366.99,2026-03-07 19:36:23,366.99,366.99
O07983,C346,P20,2,96.99,2026-07-05 09:48:58,193.98,593.96
O07983,C346,P29,2,199.99,2026-07-05 09:48:58,399.98,593.96
O07984,C385,P33,1,74.99,2025-12-19 07:25:21,74.99,74.99
O07985,C398,P13,1,114.99,2026-02-28 09:29:02,114.99,351.98
O07985,C398,P30,1,236.99,2026-02-28 09:29:02,236.99,351.98
O07986,C084,P47,2,41.99,2025-03-01 12:50:32,83.98,83.98
O07987,C004,P50,3,191.99,2026-05-01 07:54:23,575.97,637.95
O07987,C004,P16,2,30.99,2026-05-01 07:54:23,61.98,637.95
O07988,C323,P44,2,143.99,2026-02-24 19:42:21,287.98,287.98
O07989,C325,P24,1,299.99,2024-11-23 08:23:09,299.99,299.99
O07990,C290,P05,1,429.99,2025-04-06 07:52:48,429.99,429.99
O07991,C291,P21,2,196.99,2026-06-25 19:32:51,393.98,585.97
O07991,C291,P50,1,191.99,2026-06-25 19:32:51,191.99,585.97
O07992,C087,P12,1,100.99,2025-10-05 19:28:30,100.99,400.98
O07992,C087,P24,1,299.99,2025-10-05 19:28:30,299.99,400.98
O07993,C146,P09,1,34.99,2025-02-22 10:58:20,34.99,332.97
O07993,C146,P11,1,91.99,2025-02-22 10:58:20,91.99,332.97
O07993,C146,P03,1,205.99,2025-02-22 10:58:20,205.99,332.97
O07994,C464,P37,1,42.99,2026-05-09 05:53:50,42.99,345.96
O07994,C464,P08,1,100.99,2026-05-09 05:53:50,100.99,345.96
O07994,C464,P12,2,100.99,2026-05-09 05:53:50,201.98,345.96
O07995,C289,P44,1,143.99,2025-04-06 07:15:41,143.99,143.99
O07996,C015,P04,1,281.99,2026-02-13 13:47:13,281.99,281.99
O07997,C039,P23,2,205.99,2025-05-11 19:55:47,411.98,411.98
O07998,C245,P42,2,58.99,2025-12-31 06:08:38,117.98,394.95
O07998,C245,P08,1,100.99,2025-12-31 06:08:38,100.99,394.95
O07998,C245,P26,2,87.99,2025-12-31 06:08:38,175.98,394.95
O07999,C354,P25,1,25.99,2025-05-10 15:17:50,25.99,96.98
O07999,C354,P14,1,70.99,2025-05-10 15:17:50,70.99,96.98
O08000,C027,P34,1,53.99,2024-12-09 00:13:26,53.99,53.99
